[23Sep2025 03:59:41.068] [main/INFO] [cpw.mods.modlauncher.Launcher/MODLAUNCHER]: ModLauncher running: args [--launchTarget, forgeserver, --fml.forgeVersion, 47.3.7, --fml.mcVersion, 1.20.1, --fml.forgeGroup, net.minecraftforge, --fml.mcpVersion, 20230612.114412, nogui]
[23Sep2025 03:59:41.074] [main/INFO] [cpw.mods.modlauncher.Launcher/MODLAUNCHER]: ModLauncher 10.0.9+10.0.9+main.dcd20f30 starting: java version 17.0.16 by Ubuntu; OS Linux arch amd64 version 6.8.0-1030-azure
[23Sep2025 03:59:41.100] [main/DEBUG] [cpw.mods.modlauncher.LaunchServiceHandler/MODLAUNCHER]: Found launch services [fmlclientdev,forgeclient,minecraft,forgegametestserverdev,fmlserveruserdev,fmlclient,fmldatauserdev,forgeserverdev,forgeserveruserdev,forgeclientdev,forgeclientuserdev,forgeserver,forgedatadev,fmlserver,fmlclientuserdev,fmlserverdev,forgedatauserdev,testharness,forgegametestserveruserdev]
[23Sep2025 03:59:41.114] [main/DEBUG] [cpw.mods.modlauncher.NameMappingServiceHandler/MODLAUNCHER]: Found naming services : [srgtomcp]
[23Sep2025 03:59:41.131] [main/DEBUG] [cpw.mods.modlauncher.LaunchPluginHandler/MODLAUNCHER]: Found launch plugins: [mixin,eventbus,slf4jfixer,object_holder_definalize,runtime_enum_extender,capability_token_subclass,accesstransformer,runtimedistcleaner]
[23Sep2025 03:59:41.141] [main/DEBUG] [cpw.mods.modlauncher.TransformationServicesHandler/MODLAUNCHER]: Discovering transformation services
[23Sep2025 03:59:41.146] [main/DEBUG] [net.minecraftforge.fml.loading.FMLPaths/CORE]: Path GAMEDIR is /workspaces/so/servidor_minecraft
[23Sep2025 03:59:41.146] [main/DEBUG] [net.minecraftforge.fml.loading.FMLPaths/CORE]: Path MODSDIR is /workspaces/so/servidor_minecraft/mods
[23Sep2025 03:59:41.146] [main/DEBUG] [net.minecraftforge.fml.loading.FMLPaths/CORE]: Path CONFIGDIR is /workspaces/so/servidor_minecraft/config
[23Sep2025 03:59:41.146] [main/DEBUG] [net.minecraftforge.fml.loading.FMLPaths/CORE]: Path FMLCONFIG is /workspaces/so/servidor_minecraft/config/fml.toml
[23Sep2025 03:59:42.038] [main/DEBUG] [cpw.mods.modlauncher.TransformationServicesHandler/MODLAUNCHER]: Found additional transformation services from discovery services: 
[23Sep2025 03:59:42.045] [main/INFO] [net.minecraftforge.fml.loading.ImmediateWindowHandler/]: ImmediateWindowProvider not loading because launch target is forgeserver
[23Sep2025 03:59:42.054] [main/DEBUG] [cpw.mods.modlauncher.TransformationServicesHandler/MODLAUNCHER]: Found transformer services : [mixin,fml]
[23Sep2025 03:59:42.055] [main/DEBUG] [cpw.mods.modlauncher.TransformationServicesHandler/MODLAUNCHER]: Transformation services loading
[23Sep2025 03:59:42.055] [main/DEBUG] [cpw.mods.modlauncher.TransformationServiceDecorator/MODLAUNCHER]: Loading service mixin
[23Sep2025 03:59:42.056] [main/DEBUG] [cpw.mods.modlauncher.TransformationServiceDecorator/MODLAUNCHER]: Loaded service mixin
[23Sep2025 03:59:42.056] [main/DEBUG] [cpw.mods.modlauncher.TransformationServiceDecorator/MODLAUNCHER]: Loading service fml
[23Sep2025 03:59:42.056] [main/DEBUG] [net.minecraftforge.fml.loading.LauncherVersion/CORE]: Found FMLLauncher version 1.0
[23Sep2025 03:59:42.057] [main/DEBUG] [net.minecraftforge.fml.loading.FMLLoader/CORE]: FML 1.0 loading
[23Sep2025 03:59:42.057] [main/DEBUG] [net.minecraftforge.fml.loading.FMLLoader/CORE]: FML found ModLauncher version : 10.0.9+10.0.9+main.dcd20f30
[23Sep2025 03:59:42.057] [main/DEBUG] [net.minecraftforge.fml.loading.FMLLoader/CORE]: FML found AccessTransformer version : 8.0.4+66+master.c09db6d7
[23Sep2025 03:59:42.057] [main/DEBUG] [net.minecraftforge.fml.loading.FMLLoader/CORE]: FML found EventBus version : 6.0.5+6.0.5+master.eb8e549b
[23Sep2025 03:59:42.058] [main/DEBUG] [net.minecraftforge.fml.loading.FMLLoader/CORE]: Found Runtime Dist Cleaner
[23Sep2025 03:59:42.059] [main/DEBUG] [net.minecraftforge.fml.loading.FMLLoader/CORE]: FML found CoreMod version : 5.1.6
[23Sep2025 03:59:42.059] [main/DEBUG] [net.minecraftforge.fml.loading.FMLLoader/CORE]: Found ForgeSPI package implementation version 7.0.1+7.0.1+master.d2b38bf6
[23Sep2025 03:59:42.059] [main/DEBUG] [net.minecraftforge.fml.loading.FMLLoader/CORE]: Found ForgeSPI package specification 5
[23Sep2025 03:59:42.060] [main/DEBUG] [cpw.mods.modlauncher.TransformationServiceDecorator/MODLAUNCHER]: Loaded service fml
[23Sep2025 03:59:42.060] [main/DEBUG] [cpw.mods.modlauncher.TransformationServicesHandler/MODLAUNCHER]: Configuring option handling for services
[23Sep2025 03:59:42.068] [main/DEBUG] [cpw.mods.modlauncher.TransformationServicesHandler/MODLAUNCHER]: Transformation services initializing
[23Sep2025 03:59:42.068] [main/DEBUG] [cpw.mods.modlauncher.TransformationServiceDecorator/MODLAUNCHER]: Initializing transformation service mixin
[23Sep2025 03:59:42.084] [main/DEBUG] [mixin/]: MixinService [ModLauncher] was successfully booted in cpw.mods.cl.ModuleClassLoader@7a3d45bd
[23Sep2025 03:59:42.109] [main/INFO] [mixin/]: SpongePowered MIXIN Subsystem Version=0.8.5 Source=union:/workspaces/so/servidor_minecraft/libraries/org/spongepowered/mixin/0.8.5/mixin-0.8.5.jar%2365!/ Service=ModLauncher Env=SERVER
[23Sep2025 03:59:42.113] [main/DEBUG] [mixin/]: Initialising Mixin Platform Manager
[23Sep2025 03:59:42.114] [main/DEBUG] [mixin/]: Adding mixin platform agents for container ModLauncher Root Container(ModLauncher:4f56a0a2)
[23Sep2025 03:59:42.114] [main/DEBUG] [mixin/]: Instancing new MixinPlatformAgentMinecraftForge for ModLauncher Root Container(ModLauncher:4f56a0a2)
[23Sep2025 03:59:42.115] [main/DEBUG] [mixin/]: MixinPlatformAgentMinecraftForge rejected container ModLauncher Root Container(ModLauncher:4f56a0a2)
[23Sep2025 03:59:42.115] [main/DEBUG] [mixin/]: Instancing new MixinPlatformAgentDefault for ModLauncher Root Container(ModLauncher:4f56a0a2)
[23Sep2025 03:59:42.116] [main/DEBUG] [mixin/]: MixinPlatformAgentDefault accepted container ModLauncher Root Container(ModLauncher:4f56a0a2)
[23Sep2025 03:59:42.121] [main/DEBUG] [cpw.mods.modlauncher.TransformationServiceDecorator/MODLAUNCHER]: Initialized transformation service mixin
[23Sep2025 03:59:42.121] [main/DEBUG] [cpw.mods.modlauncher.TransformationServiceDecorator/MODLAUNCHER]: Initializing transformation service fml
[23Sep2025 03:59:42.121] [main/DEBUG] [net.minecraftforge.fml.loading.FMLServiceProvider/CORE]: Setting up basic FML game directories
[23Sep2025 03:59:42.121] [main/DEBUG] [net.minecraftforge.fml.loading.FMLPaths/CORE]: Path GAMEDIR is /workspaces/so/servidor_minecraft
[23Sep2025 03:59:42.122] [main/DEBUG] [net.minecraftforge.fml.loading.FMLPaths/CORE]: Path MODSDIR is /workspaces/so/servidor_minecraft/mods
[23Sep2025 03:59:42.122] [main/DEBUG] [net.minecraftforge.fml.loading.FMLPaths/CORE]: Path CONFIGDIR is /workspaces/so/servidor_minecraft/config
[23Sep2025 03:59:42.122] [main/DEBUG] [net.minecraftforge.fml.loading.FMLPaths/CORE]: Path FMLCONFIG is /workspaces/so/servidor_minecraft/config/fml.toml
[23Sep2025 03:59:42.122] [main/DEBUG] [net.minecraftforge.fml.loading.FMLServiceProvider/CORE]: Loading configuration
[23Sep2025 03:59:42.125] [main/DEBUG] [net.minecraftforge.fml.loading.FMLServiceProvider/CORE]: Preparing ModFile
[23Sep2025 03:59:42.128] [main/DEBUG] [net.minecraftforge.fml.loading.FMLServiceProvider/CORE]: Preparing launch handler
[23Sep2025 03:59:42.128] [main/DEBUG] [net.minecraftforge.fml.loading.FMLLoader/CORE]: Using forgeserver as launch service
[23Sep2025 03:59:42.143] [main/DEBUG] [net.minecraftforge.fml.loading.FMLLoader/CORE]: Received command line version data  : VersionInfo[forgeVersion=47.3.7, mcVersion=1.20.1, mcpVersion=20230612.114412, forgeGroup=net.minecraftforge]
[23Sep2025 03:59:42.145] [main/DEBUG] [cpw.mods.modlauncher.TransformationServiceDecorator/MODLAUNCHER]: Initialized transformation service fml
[23Sep2025 03:59:42.145] [main/DEBUG] [cpw.mods.modlauncher.NameMappingServiceHandler/MODLAUNCHER]: Current naming domain is 'srg'
[23Sep2025 03:59:42.146] [main/DEBUG] [cpw.mods.modlauncher.NameMappingServiceHandler/MODLAUNCHER]: Identified name mapping providers {}
[23Sep2025 03:59:42.146] [main/DEBUG] [cpw.mods.modlauncher.TransformationServicesHandler/MODLAUNCHER]: Transformation services begin scanning
[23Sep2025 03:59:42.147] [main/DEBUG] [cpw.mods.modlauncher.TransformationServiceDecorator/MODLAUNCHER]: Beginning scan trigger - transformation service mixin
[23Sep2025 03:59:42.148] [main/DEBUG] [cpw.mods.modlauncher.TransformationServiceDecorator/MODLAUNCHER]: End scan trigger - transformation service mixin
[23Sep2025 03:59:42.148] [main/DEBUG] [cpw.mods.modlauncher.TransformationServiceDecorator/MODLAUNCHER]: Beginning scan trigger - transformation service fml
[23Sep2025 03:59:42.148] [main/DEBUG] [net.minecraftforge.fml.loading.FMLServiceProvider/CORE]: Initiating mod scan
[23Sep2025 03:59:42.158] [main/DEBUG] [net.minecraftforge.fml.loading.moddiscovery.ModListHandler/CORE]: Found mod coordinates from lists: []
[23Sep2025 03:59:42.162] [main/DEBUG] [net.minecraftforge.fml.loading.moddiscovery.ModDiscoverer/CORE]: Found Mod Locators : (mods folder:null),(maven libs:null),(exploded directory:null),(minecraft:null),(userdev classpath:null)
[23Sep2025 03:59:42.162] [main/DEBUG] [net.minecraftforge.fml.loading.moddiscovery.ModDiscoverer/CORE]: Found Dependency Locators : (JarInJar:null)
[23Sep2025 03:59:42.173] [main/DEBUG] [net.minecraftforge.fml.loading.moddiscovery.ModFileParser/LOADING]: Considering mod file candidate /workspaces/so/servidor_minecraft/mods/[1.20.1] SecurityCraft v1.10.0.1.jar
[23Sep2025 03:59:42.223] [main/DEBUG] [net.minecraftforge.fml.loading.moddiscovery.ModFileInfo/LOADING]: Found valid mod file [1.20.1] SecurityCraft v1.10.0.1.jar with {securitycraft} mods - versions {1.10.0.1}
[23Sep2025 03:59:42.228] [main/DEBUG] [net.minecraftforge.fml.loading.moddiscovery.ModFileParser/LOADING]: Considering mod file candidate /workspaces/so/servidor_minecraft/mods/alexsmobs-1.22.9.jar
[23Sep2025 03:59:42.230] [main/DEBUG] [net.minecraftforge.fml.loading.moddiscovery.ModFileInfo/LOADING]: Found valid mod file alexsmobs-1.22.9.jar with {alexsmobs} mods - versions {1.22.9}
[23Sep2025 03:59:42.243] [main/DEBUG] [net.minecraftforge.fml.loading.moddiscovery.ModFileParser/LOADING]: Considering mod file candidate /workspaces/so/servidor_minecraft/mods/butcher-3.6.1-forge-1.20.1 (1).jar
[23Sep2025 03:59:42.245] [main/DEBUG] [net.minecraftforge.fml.loading.moddiscovery.ModFileInfo/LOADING]: Found valid mod file butcher-3.6.1-forge-1.20.1 (1).jar with {butcher} mods - versions {3.6.1}
[23Sep2025 03:59:42.247] [main/DEBUG] [net.minecraftforge.fml.loading.moddiscovery.ModFileParser/LOADING]: Considering mod file candidate /workspaces/so/servidor_minecraft/mods/citadel-2.6.1-1.20.1.jar
[23Sep2025 03:59:42.249] [main/DEBUG] [net.minecraftforge.fml.loading.moddiscovery.ModFileInfo/LOADING]: Found valid mod file citadel-2.6.1-1.20.1.jar with {citadel} mods - versions {2.6.1}
[23Sep2025 03:59:42.250] [main/DEBUG] [net.minecraftforge.fml.loading.moddiscovery.ModFileParser/LOADING]: Considering mod file candidate /workspaces/so/servidor_minecraft/mods/curios-forge-5.14.1+1.20.1.jar
[23Sep2025 03:59:42.252] [main/DEBUG] [net.minecraftforge.fml.loading.moddiscovery.ModFileInfo/LOADING]: Found valid mod file curios-forge-5.14.1+1.20.1.jar with {curios} mods - versions {5.14.1+1.20.1}
[23Sep2025 03:59:42.255] [main/DEBUG] [net.minecraftforge.fml.loading.moddiscovery.ModFileParser/LOADING]: Considering mod file candidate /workspaces/so/servidor_minecraft/mods/FallingTree-1.20.1-4.3.4.jar
[23Sep2025 03:59:42.257] [main/DEBUG] [net.minecraftforge.fml.loading.moddiscovery.ModFileInfo/LOADING]: Found valid mod file FallingTree-1.20.1-4.3.4.jar with {fallingtree} mods - versions {4.3.4}
[23Sep2025 03:59:42.259] [main/DEBUG] [net.minecraftforge.fml.loading.moddiscovery.ModFileParser/LOADING]: Considering mod file candidate /workspaces/so/servidor_minecraft/mods/FarmersDelight-1.20.1-1.2.7.jar
[23Sep2025 03:59:42.261] [main/DEBUG] [net.minecraftforge.fml.loading.moddiscovery.ModFileInfo/LOADING]: Found valid mod file FarmersDelight-1.20.1-1.2.7.jar with {farmersdelight} mods - versions {1.20.1-1.2.7}
[23Sep2025 03:59:42.264] [main/DEBUG] [net.minecraftforge.fml.loading.moddiscovery.ModFileParser/LOADING]: Considering mod file candidate /workspaces/so/servidor_minecraft/mods/framework-forge-1.20.1-0.7.12.jar
[23Sep2025 03:59:42.265] [main/DEBUG] [net.minecraftforge.fml.loading.moddiscovery.ModFileInfo/LOADING]: Found valid mod file framework-forge-1.20.1-0.7.12.jar with {framework} mods - versions {0.7.12}
[23Sep2025 03:59:42.266] [main/DEBUG] [net.minecraftforge.fml.loading.moddiscovery.ModFileParser/LOADING]: Considering mod file candidate /workspaces/so/servidor_minecraft/mods/geckolib-forge-1.20.1-4.7.3.jar
[23Sep2025 03:59:42.267] [main/DEBUG] [net.minecraftforge.fml.loading.moddiscovery.ModFileInfo/LOADING]: Found valid mod file geckolib-forge-1.20.1-4.7.3.jar with {geckolib} mods - versions {4.7.3}
[23Sep2025 03:59:42.270] [main/DEBUG] [net.minecraftforge.fml.loading.moddiscovery.ModFileParser/LOADING]: Considering mod file candidate /workspaces/so/servidor_minecraft/mods/goblintraders-forge-1.20.1-1.9.3.jar
[23Sep2025 03:59:42.271] [main/DEBUG] [net.minecraftforge.fml.loading.moddiscovery.ModFileInfo/LOADING]: Found valid mod file goblintraders-forge-1.20.1-1.9.3.jar with {goblintraders} mods - versions {1.9.3}
[23Sep2025 03:59:42.275] [main/DEBUG] [net.minecraftforge.fml.loading.moddiscovery.ModFileParser/LOADING]: Considering mod file candidate /workspaces/so/servidor_minecraft/mods/iceandfire-2.1.13-1.20.1-beta-5.jar
[23Sep2025 03:59:42.276] [main/DEBUG] [net.minecraftforge.fml.loading.moddiscovery.ModFileInfo/LOADING]: Found valid mod file iceandfire-2.1.13-1.20.1-beta-5.jar with {iceandfire} mods - versions {2.1.13-1.20.1}
[23Sep2025 03:59:42.278] [main/DEBUG] [net.minecraftforge.fml.loading.moddiscovery.ModFileParser/LOADING]: Considering mod file candidate /workspaces/so/servidor_minecraft/mods/ingotcraft-1.20.1-2.4.10-forge.jar
[23Sep2025 03:59:42.279] [main/DEBUG] [net.minecraftforge.fml.loading.moddiscovery.ModFileInfo/LOADING]: Found valid mod file ingotcraft-1.20.1-2.4.10-forge.jar with {ingotcraft} mods - versions {1.20.1-2.4.10-forge}
[23Sep2025 03:59:42.280] [main/DEBUG] [net.minecraftforge.fml.loading.moddiscovery.ModFileParser/LOADING]: Considering mod file candidate /workspaces/so/servidor_minecraft/mods/Jade-1.20.1-Forge-11.13.1.jar
[23Sep2025 03:59:42.280] [main/DEBUG] [net.minecraftforge.fml.loading.moddiscovery.ModFileInfo/LOADING]: Found valid mod file Jade-1.20.1-Forge-11.13.1.jar with {jade} mods - versions {11.13.1+forge}
[23Sep2025 03:59:42.282] [main/DEBUG] [net.minecraftforge.fml.loading.moddiscovery.ModFileParser/LOADING]: Considering mod file candidate /workspaces/so/servidor_minecraft/mods/jei-1.20.1-forge-15.20.0.112 (1).jar
[23Sep2025 03:59:42.283] [main/DEBUG] [net.minecraftforge.fml.loading.moddiscovery.ModFileInfo/LOADING]: Found valid mod file jei-1.20.1-forge-15.20.0.112 (1).jar with {jei} mods - versions {15.20.0.112}
[23Sep2025 03:59:42.316] [main/DEBUG] [net.minecraftforge.fml.loading.moddiscovery.ModFileParser/LOADING]: Considering mod file candidate /workspaces/so/servidor_minecraft/mods/PickUpNotifier-v8.0.0-1.20.1-Forge.jar
[23Sep2025 03:59:42.318] [main/DEBUG] [net.minecraftforge.fml.loading.moddiscovery.ModFileInfo/LOADING]: Found valid mod file PickUpNotifier-v8.0.0-1.20.1-Forge.jar with {pickupnotifier} mods - versions {8.0.0}
[23Sep2025 03:59:42.335] [main/DEBUG] [net.minecraftforge.fml.loading.moddiscovery.ModFileParser/LOADING]: Considering mod file candidate /workspaces/so/servidor_minecraft/mods/PuzzlesLib-v8.1.33-1.20.1-Forge.jar
[23Sep2025 03:59:42.336] [main/DEBUG] [net.minecraftforge.fml.loading.moddiscovery.ModFileInfo/LOADING]: Found valid mod file PuzzlesLib-v8.1.33-1.20.1-Forge.jar with {puzzleslib} mods - versions {8.1.33}
[23Sep2025 03:59:42.337] [main/DEBUG] [net.minecraftforge.fml.loading.moddiscovery.ModFileParser/LOADING]: Considering mod file candidate /workspaces/so/servidor_minecraft/mods/sophisticatedbackpacks-1.20.1-3.23.23.1289.jar
[23Sep2025 03:59:42.338] [main/DEBUG] [net.minecraftforge.fml.loading.moddiscovery.ModFileInfo/LOADING]: Found valid mod file sophisticatedbackpacks-1.20.1-3.23.23.1289.jar with {sophisticatedbackpacks} mods - versions {3.23.23.1289}
[23Sep2025 03:59:42.340] [main/DEBUG] [net.minecraftforge.fml.loading.moddiscovery.ModFileParser/LOADING]: Considering mod file candidate /workspaces/so/servidor_minecraft/mods/sophisticatedcore-1.20.1-1.2.80.1073.jar
[23Sep2025 03:59:42.342] [main/DEBUG] [net.minecraftforge.fml.loading.moddiscovery.ModFileInfo/LOADING]: Found valid mod file sophisticatedcore-1.20.1-1.2.80.1073.jar with {sophisticatedcore} mods - versions {1.2.80.1073}
[23Sep2025 03:59:42.343] [main/DEBUG] [net.minecraftforge.fml.loading.moddiscovery.ModFileParser/LOADING]: Considering mod file candidate /workspaces/so/servidor_minecraft/mods/SpartanShields-1.20.1-forge-3.1.1.jar
[23Sep2025 03:59:42.344] [main/DEBUG] [net.minecraftforge.fml.loading.moddiscovery.ModFileInfo/LOADING]: Found valid mod file SpartanShields-1.20.1-forge-3.1.1.jar with {spartanshields} mods - versions {3.1.1}
[23Sep2025 03:59:42.347] [main/DEBUG] [net.minecraftforge.fml.loading.moddiscovery.ModFileParser/LOADING]: Considering mod file candidate /workspaces/so/servidor_minecraft/mods/SpartanWeaponry-1.20.1-forge-3.1.3-all.jar
[23Sep2025 03:59:42.349] [main/DEBUG] [net.minecraftforge.fml.loading.moddiscovery.ModFileInfo/LOADING]: Found valid mod file SpartanWeaponry-1.20.1-forge-3.1.3-all.jar with {spartanweaponry} mods - versions {3.1.3}
[23Sep2025 03:59:42.352] [main/DEBUG] [net.minecraftforge.fml.loading.moddiscovery.ModFileParser/LOADING]: Considering mod file candidate /workspaces/so/servidor_minecraft/mods/superbwarfare-1.20.1-0.8.7-f7df44307.jar
[23Sep2025 03:59:42.353] [main/DEBUG] [net.minecraftforge.fml.loading.moddiscovery.ModFileInfo/LOADING]: Found valid mod file superbwarfare-1.20.1-0.8.7-f7df44307.jar with {superbwarfare} mods - versions {0.8.7}
[23Sep2025 03:59:42.355] [main/DEBUG] [net.minecraftforge.fml.loading.moddiscovery.ModFileParser/LOADING]: Considering mod file candidate /workspaces/so/servidor_minecraft/mods/tombstone-1.20.1-9.0.9.jar
[23Sep2025 03:59:42.356] [main/DEBUG] [net.minecraftforge.fml.loading.moddiscovery.ModFileInfo/LOADING]: Found valid mod file tombstone-1.20.1-9.0.9.jar with {tombstone} mods - versions {9.0.9}
[23Sep2025 03:59:42.490] [main/DEBUG] [net.minecraftforge.fml.loading.moddiscovery.ModFileInfo/LOADING]: Found valid mod file server-1.20.1-20230612.114412-srg.jar with {minecraft} mods - versions {1.20.1}
[23Sep2025 03:59:42.492] [main/DEBUG] [net.minecraftforge.fml.loading.moddiscovery.ModFileParser/LOADING]: Considering mod file candidate /workspaces/so/servidor_minecraft/libraries/net/minecraftforge/fmlcore/1.20.1-47.3.7/fmlcore-1.20.1-47.3.7.jar
[23Sep2025 03:59:42.492] [main/WARN] [net.minecraftforge.fml.loading.moddiscovery.ModFileParser/LOADING]: Mod file /workspaces/so/servidor_minecraft/libraries/net/minecraftforge/fmlcore/1.20.1-47.3.7/fmlcore-1.20.1-47.3.7.jar is missing mods.toml file
[23Sep2025 03:59:42.495] [main/DEBUG] [net.minecraftforge.fml.loading.moddiscovery.ModFileParser/LOADING]: Considering mod file candidate /workspaces/so/servidor_minecraft/libraries/net/minecraftforge/javafmllanguage/1.20.1-47.3.7/javafmllanguage-1.20.1-47.3.7.jar
[23Sep2025 03:59:42.496] [main/WARN] [net.minecraftforge.fml.loading.moddiscovery.ModFileParser/LOADING]: Mod file /workspaces/so/servidor_minecraft/libraries/net/minecraftforge/javafmllanguage/1.20.1-47.3.7/javafmllanguage-1.20.1-47.3.7.jar is missing mods.toml file
[23Sep2025 03:59:42.498] [main/DEBUG] [net.minecraftforge.fml.loading.moddiscovery.ModFileParser/LOADING]: Considering mod file candidate /workspaces/so/servidor_minecraft/libraries/net/minecraftforge/lowcodelanguage/1.20.1-47.3.7/lowcodelanguage-1.20.1-47.3.7.jar
[23Sep2025 03:59:42.498] [main/WARN] [net.minecraftforge.fml.loading.moddiscovery.ModFileParser/LOADING]: Mod file /workspaces/so/servidor_minecraft/libraries/net/minecraftforge/lowcodelanguage/1.20.1-47.3.7/lowcodelanguage-1.20.1-47.3.7.jar is missing mods.toml file
[23Sep2025 03:59:42.502] [main/DEBUG] [net.minecraftforge.fml.loading.moddiscovery.ModFileParser/LOADING]: Considering mod file candidate /workspaces/so/servidor_minecraft/libraries/net/minecraftforge/mclanguage/1.20.1-47.3.7/mclanguage-1.20.1-47.3.7.jar
[23Sep2025 03:59:42.502] [main/WARN] [net.minecraftforge.fml.loading.moddiscovery.ModFileParser/LOADING]: Mod file /workspaces/so/servidor_minecraft/libraries/net/minecraftforge/mclanguage/1.20.1-47.3.7/mclanguage-1.20.1-47.3.7.jar is missing mods.toml file
[23Sep2025 03:59:42.558] [main/DEBUG] [net.minecraftforge.fml.loading.moddiscovery.ModFileParser/LOADING]: Considering mod file candidate /workspaces/so/servidor_minecraft/libraries/net/minecraftforge/forge/1.20.1-47.3.7/forge-1.20.1-47.3.7-universal.jar
[23Sep2025 03:59:42.559] [main/DEBUG] [net.minecraftforge.fml.loading.moddiscovery.ModFileInfo/LOADING]: Found valid mod file forge-1.20.1-47.3.7-universal.jar with {forge} mods - versions {47.3.7}
[23Sep2025 03:59:42.582] [main/DEBUG] [net.minecraftforge.fml.loading.moddiscovery.AbstractJarFileDependencyLocator/]: Failed to load resource META-INF/jarjar/metadata.json from server-1.20.1-20230612.114412-srg.jar, it does not contain dependency information.
[23Sep2025 03:59:42.582] [main/DEBUG] [net.minecraftforge.fml.loading.moddiscovery.AbstractJarFileDependencyLocator/]: Failed to load resource META-INF/jarjar/metadata.json from FarmersDelight-1.20.1-1.2.7.jar, it does not contain dependency information.
[23Sep2025 03:59:42.583] [main/DEBUG] [net.minecraftforge.fml.loading.moddiscovery.AbstractJarFileDependencyLocator/]: Failed to load resource META-INF/jarjar/metadata.json from tombstone-1.20.1-9.0.9.jar, it does not contain dependency information.
[23Sep2025 03:59:42.583] [main/DEBUG] [net.minecraftforge.fml.loading.moddiscovery.AbstractJarFileDependencyLocator/]: Failed to load resource META-INF/jarjar/metadata.json from sophisticatedbackpacks-1.20.1-3.23.23.1289.jar, it does not contain dependency information.
[23Sep2025 03:59:42.584] [main/DEBUG] [net.minecraftforge.fml.loading.moddiscovery.AbstractJarFileDependencyLocator/]: Failed to load resource META-INF/jarjar/metadata.json from alexsmobs-1.22.9.jar, it does not contain dependency information.
[23Sep2025 03:59:42.584] [main/DEBUG] [net.minecraftforge.fml.loading.moddiscovery.AbstractJarFileDependencyLocator/]: Failed to load resource META-INF/jarjar/metadata.json from Jade-1.20.1-Forge-11.13.1.jar, it does not contain dependency information.
[23Sep2025 03:59:42.585] [main/DEBUG] [net.minecraftforge.fml.loading.moddiscovery.AbstractJarFileDependencyLocator/]: Failed to load resource META-INF/jarjar/metadata.json from butcher-3.6.1-forge-1.20.1 (1).jar, it does not contain dependency information.
[23Sep2025 03:59:42.585] [main/DEBUG] [net.minecraftforge.fml.loading.moddiscovery.AbstractJarFileDependencyLocator/]: Failed to load resource META-INF/jarjar/metadata.json from superbwarfare-1.20.1-0.8.7-f7df44307.jar, it does not contain dependency information.
[23Sep2025 03:59:42.586] [main/DEBUG] [net.minecraftforge.fml.loading.moddiscovery.AbstractJarFileDependencyLocator/]: Failed to load resource META-INF/jarjar/metadata.json from iceandfire-2.1.13-1.20.1-beta-5.jar, it does not contain dependency information.
[23Sep2025 03:59:42.586] [main/DEBUG] [net.minecraftforge.fml.loading.moddiscovery.AbstractJarFileDependencyLocator/]: Failed to load resource META-INF/jarjar/metadata.json from jei-1.20.1-forge-15.20.0.112 (1).jar, it does not contain dependency information.
[23Sep2025 03:59:42.586] [main/DEBUG] [net.minecraftforge.fml.loading.moddiscovery.AbstractJarFileDependencyLocator/]: Failed to load resource META-INF/jarjar/metadata.json from framework-forge-1.20.1-0.7.12.jar, it does not contain dependency information.
[23Sep2025 03:59:42.586] [main/DEBUG] [net.minecraftforge.fml.loading.moddiscovery.AbstractJarFileDependencyLocator/]: Failed to load resource META-INF/jarjar/metadata.json from FallingTree-1.20.1-4.3.4.jar, it does not contain dependency information.
[23Sep2025 03:59:42.586] [main/DEBUG] [net.minecraftforge.fml.loading.moddiscovery.AbstractJarFileDependencyLocator/]: Failed to load resource META-INF/jarjar/metadata.json from goblintraders-forge-1.20.1-1.9.3.jar, it does not contain dependency information.
[23Sep2025 03:59:42.586] [main/DEBUG] [net.minecraftforge.fml.loading.moddiscovery.AbstractJarFileDependencyLocator/]: Failed to load resource META-INF/jarjar/metadata.json from forge-1.20.1-47.3.7-universal.jar, it does not contain dependency information.
[23Sep2025 03:59:42.587] [main/DEBUG] [net.minecraftforge.fml.loading.moddiscovery.AbstractJarFileDependencyLocator/]: Failed to load resource META-INF/jarjar/metadata.json from sophisticatedcore-1.20.1-1.2.80.1073.jar, it does not contain dependency information.
[23Sep2025 03:59:42.587] [main/DEBUG] [net.minecraftforge.fml.loading.moddiscovery.AbstractJarFileDependencyLocator/]: Failed to load resource META-INF/jarjar/metadata.json from ingotcraft-1.20.1-2.4.10-forge.jar, it does not contain dependency information.
[23Sep2025 03:59:42.587] [main/DEBUG] [net.minecraftforge.fml.loading.moddiscovery.AbstractJarFileDependencyLocator/]: Failed to load resource META-INF/jarjar/metadata.json from curios-forge-5.14.1+1.20.1.jar, it does not contain dependency information.
[23Sep2025 03:59:42.587] [main/DEBUG] [net.minecraftforge.fml.loading.moddiscovery.AbstractJarFileDependencyLocator/]: Failed to load resource META-INF/jarjar/metadata.json from SpartanShields-1.20.1-forge-3.1.1.jar, it does not contain dependency information.
[23Sep2025 03:59:42.587] [main/DEBUG] [net.minecraftforge.fml.loading.moddiscovery.AbstractJarFileDependencyLocator/]: Failed to load resource META-INF/jarjar/metadata.json from citadel-2.6.1-1.20.1.jar, it does not contain dependency information.
[23Sep2025 03:59:42.587] [main/DEBUG] [net.minecraftforge.fml.loading.moddiscovery.AbstractJarFileDependencyLocator/]: Failed to load resource META-INF/jarjar/metadata.json from [1.20.1] SecurityCraft v1.10.0.1.jar, it does not contain dependency information.
[23Sep2025 03:59:42.587] [main/DEBUG] [net.minecraftforge.fml.loading.moddiscovery.AbstractJarFileDependencyLocator/]: Failed to load resource META-INF/jarjar/metadata.json from mclanguage-1.20.1-47.3.7.jar, it does not contain dependency information.
[23Sep2025 03:59:42.588] [main/DEBUG] [net.minecraftforge.fml.loading.moddiscovery.AbstractJarFileDependencyLocator/]: Failed to load resource META-INF/jarjar/metadata.json from javafmllanguage-1.20.1-47.3.7.jar, it does not contain dependency information.
[23Sep2025 03:59:42.588] [main/DEBUG] [net.minecraftforge.fml.loading.moddiscovery.AbstractJarFileDependencyLocator/]: Failed to load resource META-INF/jarjar/metadata.json from fmlcore-1.20.1-47.3.7.jar, it does not contain dependency information.
[23Sep2025 03:59:42.588] [main/DEBUG] [net.minecraftforge.fml.loading.moddiscovery.AbstractJarFileDependencyLocator/]: Failed to load resource META-INF/jarjar/metadata.json from lowcodelanguage-1.20.1-47.3.7.jar, it does not contain dependency information.
[23Sep2025 03:59:42.658] [main/DEBUG] [net.minecraftforge.fml.loading.moddiscovery.ModFileParser/LOADING]: Considering mod file candidate 
[23Sep2025 03:59:42.659] [main/DEBUG] [net.minecraftforge.fml.loading.moddiscovery.ModFileInfo/LOADING]: Found valid mod file puzzlesaccessapi-forge-20.1.1.jar with {puzzlesaccessapi} mods - versions {20.1.1}
[23Sep2025 03:59:42.661] [main/DEBUG] [net.minecraftforge.fml.loading.moddiscovery.ModFileParser/LOADING]: Considering mod file candidate 
[23Sep2025 03:59:42.662] [main/DEBUG] [net.minecraftforge.fml.loading.moddiscovery.ModFileInfo/LOADING]: Found valid mod file mixinextras-forge-0.4.1.jar with {mixinextras} mods - versions {0.4.1}
[23Sep2025 03:59:42.664] [main/DEBUG] [net.minecraftforge.fml.loading.moddiscovery.ModFileParser/LOADING]: Considering mod file candidate 
[23Sep2025 03:59:42.665] [main/DEBUG] [net.minecraftforge.fml.loading.moddiscovery.ModFileInfo/LOADING]: Found valid mod file mixinextras-forge-0.3.5.jar with {mixinextras} mods - versions {0.3.5}
[23Sep2025 03:59:42.679] [main/DEBUG] [net.minecraftforge.fml.loading.moddiscovery.ModFileParser/LOADING]: Considering mod file candidate 
[23Sep2025 03:59:42.680] [main/DEBUG] [net.minecraftforge.fml.loading.moddiscovery.ModFileInfo/LOADING]: Found valid mod file kffmod-4.11.0.jar with {kotlinforforge} mods - versions {4.11.0}
[23Sep2025 03:59:42.686] [main/DEBUG] [net.minecraftforge.fml.loading.moddiscovery.AbstractJarFileDependencyLocator/]: Failed to load resource META-INF/jarjar/metadata.json from puzzlesaccessapi-forge-20.1.1.jar, it does not contain dependency information.
[23Sep2025 03:59:42.704] [main/DEBUG] [net.minecraftforge.fml.loading.moddiscovery.AbstractJarFileDependencyLocator/]: Failed to load resource META-INF/jarjar/metadata.json from kfflang-4.11.0.jar, it does not contain dependency information.
[23Sep2025 03:59:42.704] [main/DEBUG] [net.minecraftforge.fml.loading.moddiscovery.AbstractJarFileDependencyLocator/]: Failed to load resource META-INF/jarjar/metadata.json from kfflib-4.11.0.jar, it does not contain dependency information.
[23Sep2025 03:59:42.704] [main/DEBUG] [net.minecraftforge.fml.loading.moddiscovery.AbstractJarFileDependencyLocator/]: Failed to load resource META-INF/jarjar/metadata.json from kffmod-4.11.0.jar, it does not contain dependency information.
[23Sep2025 03:59:42.704] [main/DEBUG] [net.minecraftforge.fml.loading.moddiscovery.AbstractJarFileDependencyLocator/]: Failed to load resource META-INF/jarjar/metadata.json from mclib-20.jar, it does not contain dependency information.
[23Sep2025 03:59:42.704] [main/DEBUG] [net.minecraftforge.fml.loading.moddiscovery.AbstractJarFileDependencyLocator/]: Failed to load resource META-INF/jarjar/metadata.json from MixinExtras-0.4.1.jar, it does not contain dependency information.
[23Sep2025 03:59:42.705] [main/DEBUG] [net.minecraftforge.fml.loading.moddiscovery.AbstractJarFileDependencyLocator/]: Failed to load resource META-INF/jarjar/metadata.json from MixinExtras-0.3.5.jar, it does not contain dependency information.
[23Sep2025 03:59:42.750] [main/DEBUG] [net.minecraftforge.fml.loading.moddiscovery.ModFileParser/LOADING]: Considering mod file candidate 
[23Sep2025 03:59:42.751] [main/DEBUG] [net.minecraftforge.fml.loading.moddiscovery.ModFileInfo/LOADING]: Found valid mod file puzzlesaccessapi-forge-20.1.1.jar with {puzzlesaccessapi} mods - versions {20.1.1}
[23Sep2025 03:59:42.752] [main/DEBUG] [net.minecraftforge.fml.loading.moddiscovery.ModFileParser/LOADING]: Considering mod file candidate 
[23Sep2025 03:59:42.752] [main/DEBUG] [net.minecraftforge.fml.loading.moddiscovery.ModFileInfo/LOADING]: Found valid mod file mixinextras-forge-0.4.1.jar with {mixinextras} mods - versions {0.4.1}
[23Sep2025 03:59:42.755] [main/DEBUG] [net.minecraftforge.fml.loading.moddiscovery.ModFileParser/LOADING]: Considering mod file candidate 
[23Sep2025 03:59:42.756] [main/DEBUG] [net.minecraftforge.fml.loading.moddiscovery.ModFileInfo/LOADING]: Found valid mod file kffmod-4.11.0.jar with {kotlinforforge} mods - versions {4.11.0}
[23Sep2025 03:59:42.760] [main/INFO] [net.minecraftforge.fml.loading.moddiscovery.JarInJarDependencyLocator/]: Found 7 dependencies adding them to mods collection
[23Sep2025 03:59:42.765] [main/DEBUG] [net.minecraftforge.fml.loading.moddiscovery.ModFileParser/LOADING]: Considering mod file candidate /workspaces/so/servidor_minecraft/mods/FarmersDelight-1.20.1-1.2.7.jar
[23Sep2025 03:59:42.766] [main/DEBUG] [net.minecraftforge.fml.loading.moddiscovery.ModFileInfo/LOADING]: Found valid mod file FarmersDelight-1.20.1-1.2.7.jar with {farmersdelight} mods - versions {1.20.1-1.2.7}
[23Sep2025 03:59:42.770] [main/DEBUG] [net.minecraftforge.fml.loading.moddiscovery.ModFile/LOADING]: Loading mod file /workspaces/so/servidor_minecraft/mods/FarmersDelight-1.20.1-1.2.7.jar with languages [LanguageSpec[languageName=javafml, acceptedVersions=[46,)]]
[23Sep2025 03:59:42.771] [main/DEBUG] [net.minecraftforge.fml.loading.moddiscovery.ModFileInfo/LOADING]: Found valid mod file server-1.20.1-20230612.114412-srg.jar with {minecraft} mods - versions {1.20.1}
[23Sep2025 03:59:42.771] [main/DEBUG] [net.minecraftforge.fml.loading.moddiscovery.ModFile/LOADING]: Loading mod file /workspaces/so/servidor_minecraft/libraries/net/minecraft/server/1.20.1-20230612.114412/server-1.20.1-20230612.114412-srg.jar with languages [LanguageSpec[languageName=minecraft, acceptedVersions=1]]
[23Sep2025 03:59:42.772] [main/DEBUG] [net.minecraftforge.fml.loading.moddiscovery.ModFileParser/LOADING]: Considering mod file candidate /workspaces/so/servidor_minecraft/mods/alexsmobs-1.22.9.jar
[23Sep2025 03:59:42.773] [main/DEBUG] [net.minecraftforge.fml.loading.moddiscovery.ModFileInfo/LOADING]: Found valid mod file alexsmobs-1.22.9.jar with {alexsmobs} mods - versions {1.22.9}
[23Sep2025 03:59:42.774] [main/DEBUG] [net.minecraftforge.fml.loading.moddiscovery.ModFile/LOADING]: Loading mod file /workspaces/so/servidor_minecraft/mods/alexsmobs-1.22.9.jar with languages [LanguageSpec[languageName=javafml, acceptedVersions=[46,)]]
[23Sep2025 03:59:42.774] [main/DEBUG] [net.minecraftforge.fml.loading.moddiscovery.ModFileParser/LOADING]: Considering mod file candidate /workspaces/so/servidor_minecraft/mods/butcher-3.6.1-forge-1.20.1 (1).jar
[23Sep2025 03:59:42.775] [main/DEBUG] [net.minecraftforge.fml.loading.moddiscovery.ModFileInfo/LOADING]: Found valid mod file butcher-3.6.1-forge-1.20.1 (1).jar with {butcher} mods - versions {3.6.1}
[23Sep2025 03:59:42.775] [main/DEBUG] [net.minecraftforge.fml.loading.moddiscovery.ModFile/LOADING]: Loading mod file /workspaces/so/servidor_minecraft/mods/butcher-3.6.1-forge-1.20.1 (1).jar with languages [LanguageSpec[languageName=javafml, acceptedVersions=[47,)]]
[23Sep2025 03:59:42.775] [main/DEBUG] [net.minecraftforge.fml.loading.moddiscovery.ModFileParser/LOADING]: Considering mod file candidate /workspaces/so/servidor_minecraft/mods/Jade-1.20.1-Forge-11.13.1.jar
[23Sep2025 03:59:42.775] [main/DEBUG] [net.minecraftforge.fml.loading.moddiscovery.ModFileInfo/LOADING]: Found valid mod file Jade-1.20.1-Forge-11.13.1.jar with {jade} mods - versions {11.13.1+forge}
[23Sep2025 03:59:42.776] [main/DEBUG] [net.minecraftforge.fml.loading.moddiscovery.ModFile/LOADING]: Loading mod file /workspaces/so/servidor_minecraft/mods/Jade-1.20.1-Forge-11.13.1.jar with languages [LanguageSpec[languageName=javafml, acceptedVersions=[46,)]]
[23Sep2025 03:59:42.776] [main/DEBUG] [net.minecraftforge.fml.loading.moddiscovery.ModFileParser/LOADING]: Considering mod file candidate /workspaces/so/servidor_minecraft/mods/geckolib-forge-1.20.1-4.7.3.jar
[23Sep2025 03:59:42.776] [main/DEBUG] [net.minecraftforge.fml.loading.moddiscovery.ModFileInfo/LOADING]: Found valid mod file geckolib-forge-1.20.1-4.7.3.jar with {geckolib} mods - versions {4.7.3}
[23Sep2025 03:59:42.776] [main/DEBUG] [net.minecraftforge.fml.loading.moddiscovery.ModFile/LOADING]: Loading mod file /workspaces/so/servidor_minecraft/mods/geckolib-forge-1.20.1-4.7.3.jar with languages [LanguageSpec[languageName=javafml, acceptedVersions=[47,)]]
[23Sep2025 03:59:42.777] [main/DEBUG] [net.minecraftforge.fml.loading.moddiscovery.ModFileParser/LOADING]: Considering mod file candidate /workspaces/so/servidor_minecraft/mods/jei-1.20.1-forge-15.20.0.112 (1).jar
[23Sep2025 03:59:42.777] [main/DEBUG] [net.minecraftforge.fml.loading.moddiscovery.ModFileInfo/LOADING]: Found valid mod file jei-1.20.1-forge-15.20.0.112 (1).jar with {jei} mods - versions {15.20.0.112}
[23Sep2025 03:59:42.778] [main/DEBUG] [net.minecraftforge.fml.loading.moddiscovery.ModFile/LOADING]: Loading mod file /workspaces/so/servidor_minecraft/mods/jei-1.20.1-forge-15.20.0.112 (1).jar with languages [LanguageSpec[languageName=javafml, acceptedVersions=[47,)]]
[23Sep2025 03:59:42.778] [main/DEBUG] [net.minecraftforge.fml.loading.moddiscovery.ModFileParser/LOADING]: Considering mod file candidate /workspaces/so/servidor_minecraft/mods/goblintraders-forge-1.20.1-1.9.3.jar
[23Sep2025 03:59:42.779] [main/DEBUG] [net.minecraftforge.fml.loading.moddiscovery.ModFileInfo/LOADING]: Found valid mod file goblintraders-forge-1.20.1-1.9.3.jar with {goblintraders} mods - versions {1.9.3}
[23Sep2025 03:59:42.779] [main/DEBUG] [net.minecraftforge.fml.loading.moddiscovery.ModFile/LOADING]: Loading mod file /workspaces/so/servidor_minecraft/mods/goblintraders-forge-1.20.1-1.9.3.jar with languages [LanguageSpec[languageName=javafml, acceptedVersions=[39,)]]
[23Sep2025 03:59:42.779] [main/DEBUG] [net.minecraftforge.fml.loading.moddiscovery.ModFileParser/LOADING]: Considering mod file candidate 
[23Sep2025 03:59:42.780] [main/DEBUG] [net.minecraftforge.fml.loading.moddiscovery.ModFileInfo/LOADING]: Found valid mod file kffmod-4.11.0.jar with {kotlinforforge} mods - versions {4.11.0}
[23Sep2025 03:59:42.780] [main/DEBUG] [net.minecraftforge.fml.loading.moddiscovery.ModFile/LOADING]: Loading mod file  with languages [LanguageSpec[languageName=kotlinforforge, acceptedVersions=[4,)]]
[23Sep2025 03:59:42.780] [main/DEBUG] [net.minecraftforge.fml.loading.moddiscovery.ModFileParser/LOADING]: Considering mod file candidate /workspaces/so/servidor_minecraft/mods/sophisticatedcore-1.20.1-1.2.80.1073.jar
[23Sep2025 03:59:42.781] [main/DEBUG] [net.minecraftforge.fml.loading.moddiscovery.ModFileInfo/LOADING]: Found valid mod file sophisticatedcore-1.20.1-1.2.80.1073.jar with {sophisticatedcore} mods - versions {1.2.80.1073}
[23Sep2025 03:59:42.782] [main/DEBUG] [net.minecraftforge.fml.loading.moddiscovery.ModFile/LOADING]: Loading mod file /workspaces/so/servidor_minecraft/mods/sophisticatedcore-1.20.1-1.2.80.1073.jar with languages [LanguageSpec[languageName=javafml, acceptedVersions=[47,)]]
[23Sep2025 03:59:42.782] [main/DEBUG] [net.minecraftforge.fml.loading.moddiscovery.ModFileParser/LOADING]: Considering mod file candidate /workspaces/so/servidor_minecraft/mods/curios-forge-5.14.1+1.20.1.jar
[23Sep2025 03:59:42.783] [main/DEBUG] [net.minecraftforge.fml.loading.moddiscovery.ModFileInfo/LOADING]: Found valid mod file curios-forge-5.14.1+1.20.1.jar with {curios} mods - versions {5.14.1+1.20.1}
[23Sep2025 03:59:42.783] [main/DEBUG] [net.minecraftforge.fml.loading.moddiscovery.ModFile/LOADING]: Loading mod file /workspaces/so/servidor_minecraft/mods/curios-forge-5.14.1+1.20.1.jar with languages [LanguageSpec[languageName=javafml, acceptedVersions=[41,)]]
[23Sep2025 03:59:42.783] [main/DEBUG] [net.minecraftforge.fml.loading.moddiscovery.ModFileParser/LOADING]: Considering mod file candidate /workspaces/so/servidor_minecraft/mods/SpartanShields-1.20.1-forge-3.1.1.jar
[23Sep2025 03:59:42.784] [main/DEBUG] [net.minecraftforge.fml.loading.moddiscovery.ModFileInfo/LOADING]: Found valid mod file SpartanShields-1.20.1-forge-3.1.1.jar with {spartanshields} mods - versions {3.1.1}
[23Sep2025 03:59:42.785] [main/DEBUG] [net.minecraftforge.fml.loading.moddiscovery.ModFile/LOADING]: Loading mod file /workspaces/so/servidor_minecraft/mods/SpartanShields-1.20.1-forge-3.1.1.jar with languages [LanguageSpec[languageName=javafml, acceptedVersions=[47,)]]
[23Sep2025 03:59:42.785] [main/DEBUG] [net.minecraftforge.fml.loading.moddiscovery.ModFileParser/LOADING]: Considering mod file candidate /workspaces/so/servidor_minecraft/mods/[1.20.1] SecurityCraft v1.10.0.1.jar
[23Sep2025 03:59:42.785] [main/DEBUG] [net.minecraftforge.fml.loading.moddiscovery.ModFileInfo/LOADING]: Found valid mod file [1.20.1] SecurityCraft v1.10.0.1.jar with {securitycraft} mods - versions {1.10.0.1}
[23Sep2025 03:59:42.786] [main/DEBUG] [net.minecraftforge.fml.loading.moddiscovery.ModFile/LOADING]: Loading mod file /workspaces/so/servidor_minecraft/mods/[1.20.1] SecurityCraft v1.10.0.1.jar with languages [LanguageSpec[languageName=javafml, acceptedVersions=[46,)]]
[23Sep2025 03:59:42.786] [main/DEBUG] [net.minecraftforge.fml.loading.moddiscovery.ModFileParser/LOADING]: Considering mod file candidate /workspaces/so/servidor_minecraft/mods/citadel-2.6.1-1.20.1.jar
[23Sep2025 03:59:42.786] [main/DEBUG] [net.minecraftforge.fml.loading.moddiscovery.ModFileInfo/LOADING]: Found valid mod file citadel-2.6.1-1.20.1.jar with {citadel} mods - versions {2.6.1}
[23Sep2025 03:59:42.786] [main/DEBUG] [net.minecraftforge.fml.loading.moddiscovery.ModFile/LOADING]: Loading mod file /workspaces/so/servidor_minecraft/mods/citadel-2.6.1-1.20.1.jar with languages [LanguageSpec[languageName=javafml, acceptedVersions=[47,)]]
[23Sep2025 03:59:42.787] [main/DEBUG] [net.minecraftforge.fml.loading.moddiscovery.ModFileParser/LOADING]: Considering mod file candidate /workspaces/so/servidor_minecraft/mods/tombstone-1.20.1-9.0.9.jar
[23Sep2025 03:59:42.787] [main/DEBUG] [net.minecraftforge.fml.loading.moddiscovery.ModFileInfo/LOADING]: Found valid mod file tombstone-1.20.1-9.0.9.jar with {tombstone} mods - versions {9.0.9}
[23Sep2025 03:59:42.787] [main/DEBUG] [net.minecraftforge.fml.loading.moddiscovery.ModFile/LOADING]: Loading mod file /workspaces/so/servidor_minecraft/mods/tombstone-1.20.1-9.0.9.jar with languages [LanguageSpec[languageName=javafml, acceptedVersions=[46,)]]
[23Sep2025 03:59:42.788] [main/DEBUG] [net.minecraftforge.fml.loading.moddiscovery.ModFileParser/LOADING]: Considering mod file candidate /workspaces/so/servidor_minecraft/mods/sophisticatedbackpacks-1.20.1-3.23.23.1289.jar
[23Sep2025 03:59:42.788] [main/DEBUG] [net.minecraftforge.fml.loading.moddiscovery.ModFileInfo/LOADING]: Found valid mod file sophisticatedbackpacks-1.20.1-3.23.23.1289.jar with {sophisticatedbackpacks} mods - versions {3.23.23.1289}
[23Sep2025 03:59:42.788] [main/DEBUG] [net.minecraftforge.fml.loading.moddiscovery.ModFile/LOADING]: Loading mod file /workspaces/so/servidor_minecraft/mods/sophisticatedbackpacks-1.20.1-3.23.23.1289.jar with languages [LanguageSpec[languageName=javafml, acceptedVersions=[47,)]]
[23Sep2025 03:59:42.789] [main/DEBUG] [net.minecraftforge.fml.loading.moddiscovery.ModFileParser/LOADING]: Considering mod file candidate /workspaces/so/servidor_minecraft/mods/SpartanWeaponry-1.20.1-forge-3.1.3-all.jar
[23Sep2025 03:59:42.789] [main/DEBUG] [net.minecraftforge.fml.loading.moddiscovery.ModFileInfo/LOADING]: Found valid mod file SpartanWeaponry-1.20.1-forge-3.1.3-all.jar with {spartanweaponry} mods - versions {3.1.3}
[23Sep2025 03:59:42.790] [main/DEBUG] [net.minecraftforge.fml.loading.moddiscovery.ModFile/LOADING]: Loading mod file /workspaces/so/servidor_minecraft/mods/SpartanWeaponry-1.20.1-forge-3.1.3-all.jar with languages [LanguageSpec[languageName=javafml, acceptedVersions=[47,)]]
[23Sep2025 03:59:42.790] [main/DEBUG] [net.minecraftforge.fml.loading.moddiscovery.ModFileParser/LOADING]: Considering mod file candidate /workspaces/so/servidor_minecraft/mods/iceandfire-2.1.13-1.20.1-beta-5.jar
[23Sep2025 03:59:42.790] [main/DEBUG] [net.minecraftforge.fml.loading.moddiscovery.ModFileInfo/LOADING]: Found valid mod file iceandfire-2.1.13-1.20.1-beta-5.jar with {iceandfire} mods - versions {2.1.13-1.20.1}
[23Sep2025 03:59:42.791] [main/DEBUG] [net.minecraftforge.fml.loading.moddiscovery.ModFile/LOADING]: Loading mod file /workspaces/so/servidor_minecraft/mods/iceandfire-2.1.13-1.20.1-beta-5.jar with languages [LanguageSpec[languageName=javafml, acceptedVersions=[37.0,)]]
[23Sep2025 03:59:42.791] [main/DEBUG] [net.minecraftforge.fml.loading.moddiscovery.ModFileParser/LOADING]: Considering mod file candidate /workspaces/so/servidor_minecraft/mods/PickUpNotifier-v8.0.0-1.20.1-Forge.jar
[23Sep2025 03:59:42.791] [main/DEBUG] [net.minecraftforge.fml.loading.moddiscovery.ModFileInfo/LOADING]: Found valid mod file PickUpNotifier-v8.0.0-1.20.1-Forge.jar with {pickupnotifier} mods - versions {8.0.0}
[23Sep2025 03:59:42.791] [main/DEBUG] [net.minecraftforge.fml.loading.moddiscovery.ModFile/LOADING]: Loading mod file /workspaces/so/servidor_minecraft/mods/PickUpNotifier-v8.0.0-1.20.1-Forge.jar with languages [LanguageSpec[languageName=javafml, acceptedVersions=[47,)]]
[23Sep2025 03:59:42.792] [main/DEBUG] [net.minecraftforge.fml.loading.moddiscovery.ModFileParser/LOADING]: Considering mod file candidate /workspaces/so/servidor_minecraft/mods/superbwarfare-1.20.1-0.8.7-f7df44307.jar
[23Sep2025 03:59:42.792] [main/DEBUG] [net.minecraftforge.fml.loading.moddiscovery.ModFileInfo/LOADING]: Found valid mod file superbwarfare-1.20.1-0.8.7-f7df44307.jar with {superbwarfare} mods - versions {0.8.7}
[23Sep2025 03:59:42.793] [main/DEBUG] [net.minecraftforge.fml.loading.moddiscovery.ModFile/LOADING]: Loading mod file /workspaces/so/servidor_minecraft/mods/superbwarfare-1.20.1-0.8.7-f7df44307.jar with languages [LanguageSpec[languageName=javafml, acceptedVersions=[47,)]]
[23Sep2025 03:59:42.793] [main/DEBUG] [net.minecraftforge.fml.loading.moddiscovery.ModFileParser/LOADING]: Considering mod file candidate /workspaces/so/servidor_minecraft/mods/PuzzlesLib-v8.1.33-1.20.1-Forge.jar
[23Sep2025 03:59:42.794] [main/DEBUG] [net.minecraftforge.fml.loading.moddiscovery.ModFileInfo/LOADING]: Found valid mod file PuzzlesLib-v8.1.33-1.20.1-Forge.jar with {puzzleslib} mods - versions {8.1.33}
[23Sep2025 03:59:42.794] [main/DEBUG] [net.minecraftforge.fml.loading.moddiscovery.ModFile/LOADING]: Loading mod file /workspaces/so/servidor_minecraft/mods/PuzzlesLib-v8.1.33-1.20.1-Forge.jar with languages [LanguageSpec[languageName=javafml, acceptedVersions=[47,)]]
[23Sep2025 03:59:42.794] [main/DEBUG] [net.minecraftforge.fml.loading.moddiscovery.ModFileParser/LOADING]: Considering mod file candidate /workspaces/so/servidor_minecraft/mods/FallingTree-1.20.1-4.3.4.jar
[23Sep2025 03:59:42.794] [main/DEBUG] [net.minecraftforge.fml.loading.moddiscovery.ModFileInfo/LOADING]: Found valid mod file FallingTree-1.20.1-4.3.4.jar with {fallingtree} mods - versions {4.3.4}
[23Sep2025 03:59:42.795] [main/DEBUG] [net.minecraftforge.fml.loading.moddiscovery.ModFile/LOADING]: Loading mod file /workspaces/so/servidor_minecraft/mods/FallingTree-1.20.1-4.3.4.jar with languages [LanguageSpec[languageName=javafml, acceptedVersions=[47,)]]
[23Sep2025 03:59:42.795] [main/DEBUG] [net.minecraftforge.fml.loading.moddiscovery.ModFileParser/LOADING]: Considering mod file candidate /workspaces/so/servidor_minecraft/mods/framework-forge-1.20.1-0.7.12.jar
[23Sep2025 03:59:42.795] [main/DEBUG] [net.minecraftforge.fml.loading.moddiscovery.ModFileInfo/LOADING]: Found valid mod file framework-forge-1.20.1-0.7.12.jar with {framework} mods - versions {0.7.12}
[23Sep2025 03:59:42.795] [main/DEBUG] [net.minecraftforge.fml.loading.moddiscovery.ModFile/LOADING]: Loading mod file /workspaces/so/servidor_minecraft/mods/framework-forge-1.20.1-0.7.12.jar with languages [LanguageSpec[languageName=javafml, acceptedVersions=[39,)]]
[23Sep2025 03:59:42.796] [main/DEBUG] [net.minecraftforge.fml.loading.moddiscovery.ModFileParser/LOADING]: Considering mod file candidate 
[23Sep2025 03:59:42.797] [main/DEBUG] [net.minecraftforge.fml.loading.moddiscovery.ModFileInfo/LOADING]: Found valid mod file puzzlesaccessapi-forge-20.1.1.jar with {puzzlesaccessapi} mods - versions {20.1.1}
[23Sep2025 03:59:42.797] [main/DEBUG] [net.minecraftforge.fml.loading.moddiscovery.ModFile/LOADING]: Loading mod file  with languages [LanguageSpec[languageName=javafml, acceptedVersions=*]]
[23Sep2025 03:59:42.797] [main/DEBUG] [net.minecraftforge.fml.loading.moddiscovery.ModFileParser/LOADING]: Considering mod file candidate /workspaces/so/servidor_minecraft/libraries/net/minecraftforge/forge/1.20.1-47.3.7/forge-1.20.1-47.3.7-universal.jar
[23Sep2025 03:59:42.799] [main/DEBUG] [net.minecraftforge.fml.loading.moddiscovery.ModFileInfo/LOADING]: Found valid mod file forge-1.20.1-47.3.7-universal.jar with {forge} mods - versions {47.3.7}
[23Sep2025 03:59:42.799] [main/DEBUG] [net.minecraftforge.fml.loading.moddiscovery.ModFile/LOADING]: Loading mod file /workspaces/so/servidor_minecraft/libraries/net/minecraftforge/forge/1.20.1-47.3.7/forge-1.20.1-47.3.7-universal.jar with languages [LanguageSpec[languageName=javafml, acceptedVersions=[24,]]]
[23Sep2025 03:59:42.803] [main/DEBUG] [net.minecraftforge.fml.loading.moddiscovery.ModFileParser/LOADING]: Found coremod field_to_method with Javascript path coremods/field_to_method.js
[23Sep2025 03:59:42.803] [main/DEBUG] [net.minecraftforge.fml.loading.moddiscovery.ModFileParser/LOADING]: Found coremod field_to_instanceof with Javascript path coremods/field_to_instanceof.js
[23Sep2025 03:59:42.803] [main/DEBUG] [net.minecraftforge.fml.loading.moddiscovery.ModFileParser/LOADING]: Found coremod add_bouncer_method with Javascript path coremods/add_bouncer_method.js
[23Sep2025 03:59:42.803] [main/DEBUG] [net.minecraftforge.fml.loading.moddiscovery.ModFileParser/LOADING]: Found coremod method_redirector with Javascript path coremods/method_redirector.js
[23Sep2025 03:59:42.803] [main/DEBUG] [net.minecraftforge.fml.loading.moddiscovery.ModFile/LOADING]: Found coremod coremods/field_to_method.js
[23Sep2025 03:59:42.803] [main/DEBUG] [net.minecraftforge.fml.loading.moddiscovery.ModFile/LOADING]: Found coremod coremods/field_to_instanceof.js
[23Sep2025 03:59:42.804] [main/DEBUG] [net.minecraftforge.fml.loading.moddiscovery.ModFile/LOADING]: Found coremod coremods/add_bouncer_method.js
[23Sep2025 03:59:42.805] [main/DEBUG] [net.minecraftforge.fml.loading.moddiscovery.ModFile/LOADING]: Found coremod coremods/method_redirector.js
[23Sep2025 03:59:42.805] [main/DEBUG] [net.minecraftforge.fml.loading.moddiscovery.ModFileParser/LOADING]: Considering mod file candidate /workspaces/so/servidor_minecraft/mods/ingotcraft-1.20.1-2.4.10-forge.jar
[23Sep2025 03:59:42.806] [main/DEBUG] [net.minecraftforge.fml.loading.moddiscovery.ModFileInfo/LOADING]: Found valid mod file ingotcraft-1.20.1-2.4.10-forge.jar with {ingotcraft} mods - versions {1.20.1-2.4.10-forge}
[23Sep2025 03:59:42.806] [main/DEBUG] [net.minecraftforge.fml.loading.moddiscovery.ModFile/LOADING]: Loading mod file /workspaces/so/servidor_minecraft/mods/ingotcraft-1.20.1-2.4.10-forge.jar with languages [LanguageSpec[languageName=javafml, acceptedVersions=[46,)]]
[23Sep2025 03:59:42.807] [main/DEBUG] [net.minecraftforge.fml.loading.moddiscovery.ModFile/LOADING]: Loading mod file  with languages []
[23Sep2025 03:59:42.807] [main/DEBUG] [net.minecraftforge.fml.loading.moddiscovery.ModFile/LOADING]: Loading mod file  with languages []
[23Sep2025 03:59:42.807] [main/DEBUG] [net.minecraftforge.fml.loading.moddiscovery.ModFileParser/LOADING]: Considering mod file candidate 
[23Sep2025 03:59:42.808] [main/DEBUG] [net.minecraftforge.fml.loading.moddiscovery.ModFileInfo/LOADING]: Found valid mod file mixinextras-forge-0.4.1.jar with {mixinextras} mods - versions {0.4.1}
[23Sep2025 03:59:42.808] [main/DEBUG] [net.minecraftforge.fml.loading.moddiscovery.ModFile/LOADING]: Loading mod file  with languages [LanguageSpec[languageName=javafml, acceptedVersions=*]]
[23Sep2025 03:59:42.809] [main/DEBUG] [net.minecraftforge.fml.loading.moddiscovery.ModFile/LOADING]: Loading mod file  with languages []
[23Sep2025 03:59:42.809] [main/DEBUG] [net.minecraftforge.fml.loading.moddiscovery.ModFile/LOADING]: Loading mod file  with languages []
[23Sep2025 03:59:42.809] [main/DEBUG] [net.minecraftforge.fml.loading.moddiscovery.ModFile/LOADING]: Loading mod file  with languages []
[23Sep2025 03:59:42.809] [main/DEBUG] [net.minecraftforge.fml.loading.moddiscovery.ModFileParser/LOADING]: Considering mod file candidate 
[23Sep2025 03:59:42.810] [main/DEBUG] [net.minecraftforge.fml.loading.moddiscovery.ModFileInfo/LOADING]: Found valid mod file mixinextras-forge-0.4.1.jar with {mixinextras} mods - versions {0.4.1}
[23Sep2025 03:59:42.810] [main/DEBUG] [net.minecraftforge.fml.loading.moddiscovery.ModFile/LOADING]: Loading mod file  with languages [LanguageSpec[languageName=javafml, acceptedVersions=*]]
[23Sep2025 03:59:42.810] [main/DEBUG] [net.minecraftforge.fml.loading.moddiscovery.ModFile/LOADING]: Loading mod file  with languages []
[23Sep2025 03:59:42.811] [main/DEBUG] [cpw.mods.modlauncher.TransformationServiceDecorator/MODLAUNCHER]: End scan trigger - transformation service fml
[23Sep2025 03:59:42.826] [main/DEBUG] [net.minecraftforge.fml.loading.LanguageLoadingProvider/CORE]: Found 4 language providers
[23Sep2025 03:59:42.826] [main/DEBUG] [net.minecraftforge.fml.loading.LanguageLoadingProvider/CORE]: Found language provider minecraft, version 1.0
[23Sep2025 03:59:42.827] [main/DEBUG] [net.minecraftforge.fml.loading.LanguageLoadingProvider/CORE]: Found language provider kotlinforforge, version 4.11.0
[23Sep2025 03:59:42.827] [main/DEBUG] [net.minecraftforge.fml.loading.LanguageLoadingProvider/CORE]: Found language provider javafml, version 47
[23Sep2025 03:59:42.827] [main/DEBUG] [net.minecraftforge.fml.loading.LanguageLoadingProvider/CORE]: Found language provider lowcodefml, version 47
[23Sep2025 03:59:42.833] [main/DEBUG] [net.minecraftforge.fml.loading.UniqueModListBuilder/]: Found 2 mods for first modid mclib, selecting most recent based on version data
[23Sep2025 03:59:42.834] [main/DEBUG] [net.minecraftforge.fml.loading.UniqueModListBuilder/]: Selected file mclib-20.jar for modid mclib with version 0.0NONE
[23Sep2025 03:59:42.834] [main/DEBUG] [net.minecraftforge.fml.loading.UniqueModListBuilder/]: Found 2 mods for first modid mixinextras, selecting most recent based on version data
[23Sep2025 03:59:42.834] [main/DEBUG] [net.minecraftforge.fml.loading.UniqueModListBuilder/]: Selected file mixinextras-forge-0.4.1.jar for modid mixinextras with version 0.4.1
[23Sep2025 03:59:42.834] [main/DEBUG] [net.minecraftforge.fml.loading.UniqueModListBuilder/]: Found 2 mods for first modid thedarkcolour.kotlinforforge.kfflib, selecting most recent based on version data
[23Sep2025 03:59:42.834] [main/DEBUG] [net.minecraftforge.fml.loading.UniqueModListBuilder/]: Selected file kfflib-4.11.0.jar for modid thedarkcolour.kotlinforforge.kfflib with version 4.11.0
[23Sep2025 03:59:42.834] [main/DEBUG] [net.minecraftforge.fml.loading.UniqueModListBuilder/]: Found 2 mods for first modid MixinExtras, selecting most recent based on version data
[23Sep2025 03:59:42.836] [main/DEBUG] [net.minecraftforge.fml.loading.UniqueModListBuilder/]: Selected file MixinExtras-0.4.1.jar for modid MixinExtras with version 0.0NONE
[23Sep2025 03:59:42.837] [main/DEBUG] [net.minecraftforge.fml.loading.ModSorter/]: Configured system mods: [minecraft, forge]
[23Sep2025 03:59:42.838] [main/DEBUG] [net.minecraftforge.fml.loading.ModSorter/]: Found system mod: minecraft
[23Sep2025 03:59:42.838] [main/DEBUG] [net.minecraftforge.fml.loading.ModSorter/]: Found system mod: forge
[23Sep2025 03:59:42.846] [main/DEBUG] [net.minecraftforge.fml.loading.ModSorter/LOADING]: Found 55 mod requirements (48 mandatory, 7 optional)
[23Sep2025 03:59:42.848] [main/DEBUG] [net.minecraftforge.fml.loading.ModSorter/LOADING]: Found 0 mod requirements missing (0 mandatory, 0 optional)
[23Sep2025 03:59:43.359] [main/DEBUG] [cpw.mods.modlauncher.TransformationServicesHandler/MODLAUNCHER]: Transformation services loading transformers
[23Sep2025 03:59:43.362] [main/DEBUG] [cpw.mods.modlauncher.TransformationServiceDecorator/MODLAUNCHER]: Initializing transformers for transformation service mixin
[23Sep2025 03:59:43.363] [main/DEBUG] [cpw.mods.modlauncher.TransformationServiceDecorator/MODLAUNCHER]: Initialized transformers for transformation service mixin
[23Sep2025 03:59:43.363] [main/DEBUG] [cpw.mods.modlauncher.TransformationServiceDecorator/MODLAUNCHER]: Initializing transformers for transformation service fml
[23Sep2025 03:59:43.363] [main/DEBUG] [net.minecraftforge.fml.loading.FMLServiceProvider/CORE]: Loading coremod transformers
[23Sep2025 03:59:43.364] [main/DEBUG] [net.minecraftforge.coremod.CoreModEngine/COREMOD]: Loading CoreMod from coremods/field_to_method.js
[23Sep2025 03:59:43.591] [main/DEBUG] [net.minecraftforge.coremod.CoreModEngine/COREMOD]: CoreMod loaded successfully
[23Sep2025 03:59:43.591] [main/DEBUG] [net.minecraftforge.coremod.CoreModEngine/COREMOD]: Loading CoreMod from coremods/field_to_instanceof.js
[23Sep2025 03:59:43.666] [main/DEBUG] [net.minecraftforge.coremod.CoreModEngine/COREMOD]: CoreMod loaded successfully
[23Sep2025 03:59:43.666] [main/DEBUG] [net.minecraftforge.coremod.CoreModEngine/COREMOD]: Loading CoreMod from coremods/add_bouncer_method.js
[23Sep2025 03:59:43.711] [main/DEBUG] [net.minecraftforge.coremod.CoreModEngine/COREMOD]: CoreMod loaded successfully
[23Sep2025 03:59:43.711] [main/DEBUG] [net.minecraftforge.coremod.CoreModEngine/COREMOD]: Loading CoreMod from coremods/method_redirector.js
[23Sep2025 03:59:43.788] [main/DEBUG] [net.minecraftforge.coremod.CoreModEngine/COREMOD]: CoreMod loaded successfully
[23Sep2025 03:59:43.800] [main/DEBUG] [cpw.mods.modlauncher.TransformStore/MODLAUNCHER]: Adding transformer net.minecraftforge.coremod.transformer.CoreModClassTransformer@68565bc7 to Target : CLASS {Lnet/minecraft/world/level/biome/Biome;} {} {V}
[23Sep2025 03:59:43.801] [main/DEBUG] [cpw.mods.modlauncher.TransformStore/MODLAUNCHER]: Adding transformer net.minecraftforge.coremod.transformer.CoreModClassTransformer@e11ecfa to Target : CLASS {Lnet/minecraft/world/level/levelgen/structure/Structure;} {} {V}
[23Sep2025 03:59:43.801] [main/DEBUG] [cpw.mods.modlauncher.TransformStore/MODLAUNCHER]: Adding transformer net.minecraftforge.coremod.transformer.CoreModClassTransformer@485e13d7 to Target : CLASS {Lnet/minecraft/world/effect/MobEffectInstance;} {} {V}
[23Sep2025 03:59:43.802] [main/DEBUG] [cpw.mods.modlauncher.TransformStore/MODLAUNCHER]: Adding transformer net.minecraftforge.coremod.transformer.CoreModClassTransformer@43984213 to Target : CLASS {Lnet/minecraft/world/level/block/LiquidBlock;} {} {V}
[23Sep2025 03:59:43.802] [main/DEBUG] [cpw.mods.modlauncher.TransformStore/MODLAUNCHER]: Adding transformer net.minecraftforge.coremod.transformer.CoreModClassTransformer@2ff7a73 to Target : CLASS {Lnet/minecraft/world/item/BucketItem;} {} {V}
[23Sep2025 03:59:43.802] [main/DEBUG] [cpw.mods.modlauncher.TransformStore/MODLAUNCHER]: Adding transformer net.minecraftforge.coremod.transformer.CoreModClassTransformer@38830ea to Target : CLASS {Lnet/minecraft/world/level/block/StairBlock;} {} {V}
[23Sep2025 03:59:43.802] [main/DEBUG] [cpw.mods.modlauncher.TransformStore/MODLAUNCHER]: Adding transformer net.minecraftforge.coremod.transformer.CoreModClassTransformer@3b705be7 to Target : CLASS {Lnet/minecraft/world/level/block/FlowerPotBlock;} {} {V}
[23Sep2025 03:59:43.802] [main/DEBUG] [cpw.mods.modlauncher.TransformStore/MODLAUNCHER]: Adding transformer net.minecraftforge.coremod.transformer.CoreModClassTransformer@3a790e40 to Target : CLASS {Lnet/minecraft/world/item/ItemStack;} {} {V}
[23Sep2025 03:59:43.802] [main/DEBUG] [cpw.mods.modlauncher.TransformStore/MODLAUNCHER]: Adding transformer net.minecraftforge.coremod.transformer.CoreModClassTransformer@43acd79e to Target : CLASS {Lnet/minecraft/network/play/client/CClientSettingsPacket;} {} {V}
[23Sep2025 03:59:43.803] [main/DEBUG] [cpw.mods.modlauncher.TransformStore/MODLAUNCHER]: Adding transformer net.minecraftforge.coremod.transformer.CoreModClassTransformer@1e1b061 to Target : CLASS {Lnet/minecraft/world/entity/raid/Raid;} {} {V}
[23Sep2025 03:59:43.803] [main/DEBUG] [cpw.mods.modlauncher.TransformStore/MODLAUNCHER]: Adding transformer net.minecraftforge.coremod.transformer.CoreModClassTransformer@1e1b061 to Target : CLASS {Lnet/minecraft/world/level/NaturalSpawner;} {} {V}
[23Sep2025 03:59:43.803] [main/DEBUG] [cpw.mods.modlauncher.TransformStore/MODLAUNCHER]: Adding transformer net.minecraftforge.coremod.transformer.CoreModClassTransformer@1e1b061 to Target : CLASS {Lnet/minecraft/world/level/levelgen/PhantomSpawner;} {} {V}
[23Sep2025 03:59:43.803] [main/DEBUG] [cpw.mods.modlauncher.TransformStore/MODLAUNCHER]: Adding transformer net.minecraftforge.coremod.transformer.CoreModClassTransformer@1e1b061 to Target : CLASS {Lnet/minecraft/world/level/levelgen/structure/structures/OceanMonumentPieces$OceanMonumentPiece;} {} {V}
[23Sep2025 03:59:43.803] [main/DEBUG] [cpw.mods.modlauncher.TransformStore/MODLAUNCHER]: Adding transformer net.minecraftforge.coremod.transformer.CoreModClassTransformer@1e1b061 to Target : CLASS {Lnet/minecraft/server/commands/RaidCommand;} {} {V}
[23Sep2025 03:59:43.803] [main/DEBUG] [cpw.mods.modlauncher.TransformStore/MODLAUNCHER]: Adding transformer net.minecraftforge.coremod.transformer.CoreModClassTransformer@1e1b061 to Target : CLASS {Lnet/minecraft/world/entity/monster/Strider;} {} {V}
[23Sep2025 03:59:43.803] [main/DEBUG] [cpw.mods.modlauncher.TransformStore/MODLAUNCHER]: Adding transformer net.minecraftforge.coremod.transformer.CoreModClassTransformer@1e1b061 to Target : CLASS {Lnet/minecraft/world/entity/monster/Zombie;} {} {V}
[23Sep2025 03:59:43.804] [main/DEBUG] [cpw.mods.modlauncher.TransformStore/MODLAUNCHER]: Adding transformer net.minecraftforge.coremod.transformer.CoreModClassTransformer@1e1b061 to Target : CLASS {Lnet/minecraft/world/entity/EntityType;} {} {V}
[23Sep2025 03:59:43.804] [main/DEBUG] [cpw.mods.modlauncher.TransformStore/MODLAUNCHER]: Adding transformer net.minecraftforge.coremod.transformer.CoreModClassTransformer@1e1b061 to Target : CLASS {Lnet/minecraft/world/entity/monster/Spider;} {} {V}
[23Sep2025 03:59:43.804] [main/DEBUG] [cpw.mods.modlauncher.TransformStore/MODLAUNCHER]: Adding transformer net.minecraftforge.coremod.transformer.CoreModClassTransformer@1e1b061 to Target : CLASS {Lnet/minecraft/world/entity/ai/village/VillageSiege;} {} {V}
[23Sep2025 03:59:43.804] [main/DEBUG] [cpw.mods.modlauncher.TransformStore/MODLAUNCHER]: Adding transformer net.minecraftforge.coremod.transformer.CoreModClassTransformer@1e1b061 to Target : CLASS {Lnet/minecraft/world/entity/monster/ZombieVillager;} {} {V}
[23Sep2025 03:59:43.804] [main/DEBUG] [cpw.mods.modlauncher.TransformStore/MODLAUNCHER]: Adding transformer net.minecraftforge.coremod.transformer.CoreModClassTransformer@1e1b061 to Target : CLASS {Lnet/minecraft/world/level/levelgen/structure/structures/OceanRuinPieces$OceanRuinPiece;} {} {V}
[23Sep2025 03:59:43.806] [main/DEBUG] [cpw.mods.modlauncher.TransformStore/MODLAUNCHER]: Adding transformer net.minecraftforge.coremod.transformer.CoreModClassTransformer@1e1b061 to Target : CLASS {Lnet/minecraft/world/level/levelgen/structure/structures/SwampHutPiece;} {} {V}
[23Sep2025 03:59:43.807] [main/DEBUG] [cpw.mods.modlauncher.TransformStore/MODLAUNCHER]: Adding transformer net.minecraftforge.coremod.transformer.CoreModClassTransformer@1e1b061 to Target : CLASS {Lnet/minecraft/world/entity/animal/frog/Tadpole;} {} {V}
[23Sep2025 03:59:43.807] [main/DEBUG] [cpw.mods.modlauncher.TransformStore/MODLAUNCHER]: Adding transformer net.minecraftforge.coremod.transformer.CoreModClassTransformer@1e1b061 to Target : CLASS {Lnet/minecraft/world/entity/npc/Villager;} {} {V}
[23Sep2025 03:59:43.807] [main/DEBUG] [cpw.mods.modlauncher.TransformStore/MODLAUNCHER]: Adding transformer net.minecraftforge.coremod.transformer.CoreModClassTransformer@1e1b061 to Target : CLASS {Lnet/minecraft/world/entity/npc/CatSpawner;} {} {V}
[23Sep2025 03:59:43.807] [main/DEBUG] [cpw.mods.modlauncher.TransformStore/MODLAUNCHER]: Adding transformer net.minecraftforge.coremod.transformer.CoreModClassTransformer@1e1b061 to Target : CLASS {Lnet/minecraft/world/entity/animal/horse/SkeletonTrapGoal;} {} {V}
[23Sep2025 03:59:43.808] [main/DEBUG] [cpw.mods.modlauncher.TransformStore/MODLAUNCHER]: Adding transformer net.minecraftforge.coremod.transformer.CoreModClassTransformer@1e1b061 to Target : CLASS {Lnet/minecraft/world/level/levelgen/structure/structures/WoodlandMansionPieces$WoodlandMansionPiece;} {} {V}
[23Sep2025 03:59:43.808] [main/DEBUG] [cpw.mods.modlauncher.TransformStore/MODLAUNCHER]: Adding transformer net.minecraftforge.coremod.transformer.CoreModClassTransformer@1e1b061 to Target : CLASS {Lnet/minecraft/server/commands/SummonCommand;} {} {V}
[23Sep2025 03:59:43.808] [main/DEBUG] [cpw.mods.modlauncher.TransformStore/MODLAUNCHER]: Adding transformer net.minecraftforge.coremod.transformer.CoreModClassTransformer@1e1b061 to Target : CLASS {Lnet/minecraft/world/entity/monster/Evoker$EvokerSummonSpellGoal;} {} {V}
[23Sep2025 03:59:43.808] [main/DEBUG] [cpw.mods.modlauncher.TransformStore/MODLAUNCHER]: Adding transformer net.minecraftforge.coremod.transformer.CoreModClassTransformer@1e1b061 to Target : CLASS {Lnet/minecraft/world/level/levelgen/PatrolSpawner;} {} {V}
[23Sep2025 03:59:43.808] [main/DEBUG] [cpw.mods.modlauncher.TransformStore/MODLAUNCHER]: Adding transformer net.minecraftforge.coremod.transformer.CoreModClassTransformer@1e1b061 to Target : CLASS {Lnet/minecraft/world/level/levelgen/structure/templatesystem/StructureTemplate;} {} {V}
[23Sep2025 03:59:43.808] [main/DEBUG] [cpw.mods.modlauncher.TransformationServiceDecorator/MODLAUNCHER]: Initialized transformers for transformation service fml
[23Sep2025 03:59:44.887] [main/DEBUG] [mixin/]: Processing prepare() for PlatformAgent[MixinPlatformAgentDefault:ModLauncher Root Container(ModLauncher:4f56a0a2)]
[23Sep2025 03:59:44.888] [main/DEBUG] [mixin/]: Processing launch tasks for PlatformAgent[MixinPlatformAgentDefault:ModLauncher Root Container(ModLauncher:4f56a0a2)]
[23Sep2025 03:59:44.888] [main/DEBUG] [mixin/]: Adding mixin platform agents for container SecureJarResource(minecraft)
[23Sep2025 03:59:44.888] [main/DEBUG] [mixin/]: Instancing new MixinPlatformAgentMinecraftForge for SecureJarResource(minecraft)
[23Sep2025 03:59:44.888] [main/DEBUG] [mixin/]: MixinPlatformAgentMinecraftForge rejected container SecureJarResource(minecraft)
[23Sep2025 03:59:44.888] [main/DEBUG] [mixin/]: Instancing new MixinPlatformAgentDefault for SecureJarResource(minecraft)
[23Sep2025 03:59:44.888] [main/DEBUG] [mixin/]: MixinPlatformAgentDefault accepted container SecureJarResource(minecraft)
[23Sep2025 03:59:44.888] [main/DEBUG] [mixin/]: Processing prepare() for PlatformAgent[MixinPlatformAgentDefault:SecureJarResource(minecraft)]
[23Sep2025 03:59:44.889] [main/DEBUG] [mixin/]: Adding mixin platform agents for container SecureJarResource(farmersdelight)
[23Sep2025 03:59:44.889] [main/DEBUG] [mixin/]: Instancing new MixinPlatformAgentMinecraftForge for SecureJarResource(farmersdelight)
[23Sep2025 03:59:44.889] [main/DEBUG] [mixin/]: MixinPlatformAgentMinecraftForge rejected container SecureJarResource(farmersdelight)
[23Sep2025 03:59:44.889] [main/DEBUG] [mixin/]: Instancing new MixinPlatformAgentDefault for SecureJarResource(farmersdelight)
[23Sep2025 03:59:44.889] [main/DEBUG] [mixin/]: MixinPlatformAgentDefault accepted container SecureJarResource(farmersdelight)
[23Sep2025 03:59:44.889] [main/DEBUG] [mixin/]: Processing prepare() for PlatformAgent[MixinPlatformAgentDefault:SecureJarResource(farmersdelight)]
[23Sep2025 03:59:44.889] [main/DEBUG] [mixin/]: Registering mixin config: farmersdelight.mixins.json
[23Sep2025 03:59:44.911] [main/DEBUG] [mixin/]: Compatibility level JAVA_17 specified by farmersdelight.mixins.json is higher than the maximum level supported by this version of mixin (JAVA_13).
[23Sep2025 03:59:44.916] [main/INFO] [mixin/]: Compatibility level set to JAVA_17
[23Sep2025 03:59:44.916] [main/DEBUG] [mixin/]: Adding mixin platform agents for container SecureJarResource(jade)
[23Sep2025 03:59:44.917] [main/DEBUG] [mixin/]: Instancing new MixinPlatformAgentMinecraftForge for SecureJarResource(jade)
[23Sep2025 03:59:44.917] [main/DEBUG] [mixin/]: MixinPlatformAgentMinecraftForge rejected container SecureJarResource(jade)
[23Sep2025 03:59:44.917] [main/DEBUG] [mixin/]: Instancing new MixinPlatformAgentDefault for SecureJarResource(jade)
[23Sep2025 03:59:44.917] [main/DEBUG] [mixin/]: MixinPlatformAgentDefault accepted container SecureJarResource(jade)
[23Sep2025 03:59:44.917] [main/DEBUG] [mixin/]: Processing prepare() for PlatformAgent[MixinPlatformAgentDefault:SecureJarResource(jade)]
[23Sep2025 03:59:44.917] [main/DEBUG] [mixin/]: Registering mixin config: jade.mixins.json
[23Sep2025 03:59:44.919] [main/DEBUG] [mixin/]: Compatibility level JAVA_16 specified by jade.mixins.json is higher than the maximum level supported by this version of mixin (JAVA_13).
[23Sep2025 03:59:44.919] [main/DEBUG] [mixin/]: Adding mixin platform agents for container SecureJarResource(butcher)
[23Sep2025 03:59:44.919] [main/DEBUG] [mixin/]: Instancing new MixinPlatformAgentMinecraftForge for SecureJarResource(butcher)
[23Sep2025 03:59:44.919] [main/DEBUG] [mixin/]: MixinPlatformAgentMinecraftForge rejected container SecureJarResource(butcher)
[23Sep2025 03:59:44.920] [main/DEBUG] [mixin/]: Instancing new MixinPlatformAgentDefault for SecureJarResource(butcher)
[23Sep2025 03:59:44.920] [main/DEBUG] [mixin/]: MixinPlatformAgentDefault accepted container SecureJarResource(butcher)
[23Sep2025 03:59:44.920] [main/DEBUG] [mixin/]: Processing prepare() for PlatformAgent[MixinPlatformAgentDefault:SecureJarResource(butcher)]
[23Sep2025 03:59:44.920] [main/DEBUG] [mixin/]: Adding mixin platform agents for container SecureJarResource(geckolib)
[23Sep2025 03:59:44.920] [main/DEBUG] [mixin/]: Instancing new MixinPlatformAgentMinecraftForge for SecureJarResource(geckolib)
[23Sep2025 03:59:44.920] [main/DEBUG] [mixin/]: MixinPlatformAgentMinecraftForge rejected container SecureJarResource(geckolib)
[23Sep2025 03:59:44.921] [main/DEBUG] [mixin/]: Instancing new MixinPlatformAgentDefault for SecureJarResource(geckolib)
[23Sep2025 03:59:44.921] [main/DEBUG] [mixin/]: MixinPlatformAgentDefault accepted container SecureJarResource(geckolib)
[23Sep2025 03:59:44.921] [main/DEBUG] [mixin/]: Processing prepare() for PlatformAgent[MixinPlatformAgentDefault:SecureJarResource(geckolib)]
[23Sep2025 03:59:44.921] [main/DEBUG] [mixin/]: Registering mixin config: geckolib.mixins.json
[23Sep2025 03:59:44.924] [main/DEBUG] [mixin/]: Adding mixin platform agents for container SecureJarResource(jei)
[23Sep2025 03:59:44.926] [main/DEBUG] [mixin/]: Instancing new MixinPlatformAgentMinecraftForge for SecureJarResource(jei)
[23Sep2025 03:59:44.926] [main/DEBUG] [mixin/]: MixinPlatformAgentMinecraftForge rejected container SecureJarResource(jei)
[23Sep2025 03:59:44.927] [main/DEBUG] [mixin/]: Instancing new MixinPlatformAgentDefault for SecureJarResource(jei)
[23Sep2025 03:59:44.927] [main/DEBUG] [mixin/]: MixinPlatformAgentDefault accepted container SecureJarResource(jei)
[23Sep2025 03:59:44.927] [main/DEBUG] [mixin/]: Processing prepare() for PlatformAgent[MixinPlatformAgentDefault:SecureJarResource(jei)]
[23Sep2025 03:59:44.927] [main/DEBUG] [mixin/]: Adding mixin platform agents for container SecureJarResource(goblintraders)
[23Sep2025 03:59:44.927] [main/DEBUG] [mixin/]: Instancing new MixinPlatformAgentMinecraftForge for SecureJarResource(goblintraders)
[23Sep2025 03:59:44.928] [main/DEBUG] [mixin/]: MixinPlatformAgentMinecraftForge rejected container SecureJarResource(goblintraders)
[23Sep2025 03:59:44.928] [main/DEBUG] [mixin/]: Instancing new MixinPlatformAgentDefault for SecureJarResource(goblintraders)
[23Sep2025 03:59:44.928] [main/DEBUG] [mixin/]: MixinPlatformAgentDefault accepted container SecureJarResource(goblintraders)
[23Sep2025 03:59:44.929] [main/DEBUG] [mixin/]: Processing prepare() for PlatformAgent[MixinPlatformAgentDefault:SecureJarResource(goblintraders)]
[23Sep2025 03:59:44.929] [main/DEBUG] [mixin/]: Registering mixin config: goblintraders.common.mixins.json
[23Sep2025 03:59:44.932] [main/DEBUG] [mixin/]: Adding mixin platform agents for container SecureJarResource(kotlinforforge)
[23Sep2025 03:59:44.932] [main/DEBUG] [mixin/]: Instancing new MixinPlatformAgentMinecraftForge for SecureJarResource(kotlinforforge)
[23Sep2025 03:59:44.933] [main/DEBUG] [mixin/]: MixinPlatformAgentMinecraftForge rejected container SecureJarResource(kotlinforforge)
[23Sep2025 03:59:44.933] [main/DEBUG] [mixin/]: Instancing new MixinPlatformAgentDefault for SecureJarResource(kotlinforforge)
[23Sep2025 03:59:44.933] [main/DEBUG] [mixin/]: MixinPlatformAgentDefault accepted container SecureJarResource(kotlinforforge)
[23Sep2025 03:59:44.933] [main/DEBUG] [mixin/]: Processing prepare() for PlatformAgent[MixinPlatformAgentDefault:SecureJarResource(kotlinforforge)]
[23Sep2025 03:59:44.933] [main/DEBUG] [mixin/]: Adding mixin platform agents for container SecureJarResource(sophisticatedcore)
[23Sep2025 03:59:44.933] [main/DEBUG] [mixin/]: Instancing new MixinPlatformAgentMinecraftForge for SecureJarResource(sophisticatedcore)
[23Sep2025 03:59:44.934] [main/DEBUG] [mixin/]: MixinPlatformAgentMinecraftForge rejected container SecureJarResource(sophisticatedcore)
[23Sep2025 03:59:44.934] [main/DEBUG] [mixin/]: Instancing new MixinPlatformAgentDefault for SecureJarResource(sophisticatedcore)
[23Sep2025 03:59:44.934] [main/DEBUG] [mixin/]: MixinPlatformAgentDefault accepted container SecureJarResource(sophisticatedcore)
[23Sep2025 03:59:44.934] [main/DEBUG] [mixin/]: Processing prepare() for PlatformAgent[MixinPlatformAgentDefault:SecureJarResource(sophisticatedcore)]
[23Sep2025 03:59:44.934] [main/DEBUG] [mixin/]: Adding mixin platform agents for container SecureJarResource(curios)
[23Sep2025 03:59:44.934] [main/DEBUG] [mixin/]: Instancing new MixinPlatformAgentMinecraftForge for SecureJarResource(curios)
[23Sep2025 03:59:44.934] [main/DEBUG] [mixin/]: MixinPlatformAgentMinecraftForge rejected container SecureJarResource(curios)
[23Sep2025 03:59:44.934] [main/DEBUG] [mixin/]: Instancing new MixinPlatformAgentDefault for SecureJarResource(curios)
[23Sep2025 03:59:44.934] [main/DEBUG] [mixin/]: MixinPlatformAgentDefault accepted container SecureJarResource(curios)
[23Sep2025 03:59:44.934] [main/DEBUG] [mixin/]: Processing prepare() for PlatformAgent[MixinPlatformAgentDefault:SecureJarResource(curios)]
[23Sep2025 03:59:44.934] [main/DEBUG] [mixin/]: Registering mixin config: curios.mixins.json
[23Sep2025 03:59:44.936] [main/DEBUG] [mixin/]: Adding mixin platform agents for container SecureJarResource(spartanshields)
[23Sep2025 03:59:44.937] [main/DEBUG] [mixin/]: Instancing new MixinPlatformAgentMinecraftForge for SecureJarResource(spartanshields)
[23Sep2025 03:59:44.937] [main/DEBUG] [mixin/]: MixinPlatformAgentMinecraftForge rejected container SecureJarResource(spartanshields)
[23Sep2025 03:59:44.937] [main/DEBUG] [mixin/]: Instancing new MixinPlatformAgentDefault for SecureJarResource(spartanshields)
[23Sep2025 03:59:44.937] [main/DEBUG] [mixin/]: MixinPlatformAgentDefault accepted container SecureJarResource(spartanshields)
[23Sep2025 03:59:44.937] [main/DEBUG] [mixin/]: Processing prepare() for PlatformAgent[MixinPlatformAgentDefault:SecureJarResource(spartanshields)]
[23Sep2025 03:59:44.937] [main/DEBUG] [mixin/]: Adding mixin platform agents for container SecureJarResource(citadel)
[23Sep2025 03:59:44.937] [main/DEBUG] [mixin/]: Instancing new MixinPlatformAgentMinecraftForge for SecureJarResource(citadel)
[23Sep2025 03:59:44.937] [main/DEBUG] [mixin/]: MixinPlatformAgentMinecraftForge rejected container SecureJarResource(citadel)
[23Sep2025 03:59:44.938] [main/DEBUG] [mixin/]: Instancing new MixinPlatformAgentDefault for SecureJarResource(citadel)
[23Sep2025 03:59:44.938] [main/DEBUG] [mixin/]: MixinPlatformAgentDefault accepted container SecureJarResource(citadel)
[23Sep2025 03:59:44.938] [main/DEBUG] [mixin/]: Processing prepare() for PlatformAgent[MixinPlatformAgentDefault:SecureJarResource(citadel)]
[23Sep2025 03:59:44.938] [main/DEBUG] [mixin/]: Registering mixin config: citadel.mixins.json
[23Sep2025 03:59:44.940] [main/DEBUG] [mixin/]: Adding mixin platform agents for container SecureJarResource(alexsmobs)
[23Sep2025 03:59:44.940] [main/DEBUG] [mixin/]: Instancing new MixinPlatformAgentMinecraftForge for SecureJarResource(alexsmobs)
[23Sep2025 03:59:44.940] [main/DEBUG] [mixin/]: MixinPlatformAgentMinecraftForge rejected container SecureJarResource(alexsmobs)
[23Sep2025 03:59:44.941] [main/DEBUG] [mixin/]: Instancing new MixinPlatformAgentDefault for SecureJarResource(alexsmobs)
[23Sep2025 03:59:44.941] [main/DEBUG] [mixin/]: MixinPlatformAgentDefault accepted container SecureJarResource(alexsmobs)
[23Sep2025 03:59:44.941] [main/DEBUG] [mixin/]: Processing prepare() for PlatformAgent[MixinPlatformAgentDefault:SecureJarResource(alexsmobs)]
[23Sep2025 03:59:44.941] [main/DEBUG] [mixin/]: Registering mixin config: citadel.mixins.json
[23Sep2025 03:59:44.941] [main/DEBUG] [mixin/]: Adding mixin platform agents for container SecureJarResource(securitycraft)
[23Sep2025 03:59:44.942] [main/DEBUG] [mixin/]: Instancing new MixinPlatformAgentMinecraftForge for SecureJarResource(securitycraft)
[23Sep2025 03:59:44.942] [main/DEBUG] [mixin/]: MixinPlatformAgentMinecraftForge rejected container SecureJarResource(securitycraft)
[23Sep2025 03:59:44.942] [main/DEBUG] [mixin/]: Instancing new MixinPlatformAgentDefault for SecureJarResource(securitycraft)
[23Sep2025 03:59:44.943] [main/DEBUG] [mixin/]: MixinPlatformAgentDefault accepted container SecureJarResource(securitycraft)
[23Sep2025 03:59:44.943] [main/DEBUG] [mixin/]: Processing prepare() for PlatformAgent[MixinPlatformAgentDefault:SecureJarResource(securitycraft)]
[23Sep2025 03:59:44.943] [main/DEBUG] [mixin/]: Registering mixin config: securitycraft.mixins.json
[23Sep2025 03:59:44.945] [main/DEBUG] [mixin/]: Adding mixin platform agents for container SecureJarResource(mixinextras)
[23Sep2025 03:59:44.945] [main/DEBUG] [mixin/]: Instancing new MixinPlatformAgentMinecraftForge for SecureJarResource(mixinextras)
[23Sep2025 03:59:44.945] [main/DEBUG] [mixin/]: MixinPlatformAgentMinecraftForge rejected container SecureJarResource(mixinextras)
[23Sep2025 03:59:44.946] [main/DEBUG] [mixin/]: Instancing new MixinPlatformAgentDefault for SecureJarResource(mixinextras)
[23Sep2025 03:59:44.946] [main/DEBUG] [mixin/]: MixinPlatformAgentDefault accepted container SecureJarResource(mixinextras)
[23Sep2025 03:59:44.946] [main/DEBUG] [mixin/]: Processing prepare() for PlatformAgent[MixinPlatformAgentDefault:SecureJarResource(mixinextras)]
[23Sep2025 03:59:44.946] [main/DEBUG] [mixin/]: Registering mixin config: mixinextras.init.mixins.json
[23Sep2025 03:59:44.948] [main/DEBUG] [mixin/]: Adding mixin platform agents for container SecureJarResource(tombstone)
[23Sep2025 03:59:44.948] [main/DEBUG] [mixin/]: Instancing new MixinPlatformAgentMinecraftForge for SecureJarResource(tombstone)
[23Sep2025 03:59:44.948] [main/DEBUG] [mixin/]: MixinPlatformAgentMinecraftForge rejected container SecureJarResource(tombstone)
[23Sep2025 03:59:44.948] [main/DEBUG] [mixin/]: Instancing new MixinPlatformAgentDefault for SecureJarResource(tombstone)
[23Sep2025 03:59:44.948] [main/DEBUG] [mixin/]: MixinPlatformAgentDefault accepted container SecureJarResource(tombstone)
[23Sep2025 03:59:44.948] [main/DEBUG] [mixin/]: Processing prepare() for PlatformAgent[MixinPlatformAgentDefault:SecureJarResource(tombstone)]
[23Sep2025 03:59:44.948] [main/DEBUG] [mixin/]: Registering mixin config: tombstone.mixins.json
[23Sep2025 03:59:44.950] [main/DEBUG] [mixin/]: Adding mixin platform agents for container SecureJarResource(sophisticatedbackpacks)
[23Sep2025 03:59:44.950] [main/DEBUG] [mixin/]: Instancing new MixinPlatformAgentMinecraftForge for SecureJarResource(sophisticatedbackpacks)
[23Sep2025 03:59:44.950] [main/DEBUG] [mixin/]: MixinPlatformAgentMinecraftForge rejected container SecureJarResource(sophisticatedbackpacks)
[23Sep2025 03:59:44.950] [main/DEBUG] [mixin/]: Instancing new MixinPlatformAgentDefault for SecureJarResource(sophisticatedbackpacks)
[23Sep2025 03:59:44.950] [main/DEBUG] [mixin/]: MixinPlatformAgentDefault accepted container SecureJarResource(sophisticatedbackpacks)
[23Sep2025 03:59:44.950] [main/DEBUG] [mixin/]: Processing prepare() for PlatformAgent[MixinPlatformAgentDefault:SecureJarResource(sophisticatedbackpacks)]
[23Sep2025 03:59:44.950] [main/DEBUG] [mixin/]: Adding mixin platform agents for container SecureJarResource(spartanweaponry)
[23Sep2025 03:59:44.951] [main/DEBUG] [mixin/]: Instancing new MixinPlatformAgentMinecraftForge for SecureJarResource(spartanweaponry)
[23Sep2025 03:59:44.951] [main/DEBUG] [mixin/]: MixinPlatformAgentMinecraftForge rejected container SecureJarResource(spartanweaponry)
[23Sep2025 03:59:44.951] [main/DEBUG] [mixin/]: Instancing new MixinPlatformAgentDefault for SecureJarResource(spartanweaponry)
[23Sep2025 03:59:44.951] [main/DEBUG] [mixin/]: MixinPlatformAgentDefault accepted container SecureJarResource(spartanweaponry)
[23Sep2025 03:59:44.951] [main/DEBUG] [mixin/]: Processing prepare() for PlatformAgent[MixinPlatformAgentDefault:SecureJarResource(spartanweaponry)]
[23Sep2025 03:59:44.951] [main/DEBUG] [mixin/]: Registering mixin config: spartanweaponry.mixins.json
[23Sep2025 03:59:44.952] [main/DEBUG] [mixin/]: Adding mixin platform agents for container SecureJarResource(superbwarfare)
[23Sep2025 03:59:44.953] [main/DEBUG] [mixin/]: Instancing new MixinPlatformAgentMinecraftForge for SecureJarResource(superbwarfare)
[23Sep2025 03:59:44.953] [main/DEBUG] [mixin/]: MixinPlatformAgentMinecraftForge rejected container SecureJarResource(superbwarfare)
[23Sep2025 03:59:44.953] [main/DEBUG] [mixin/]: Instancing new MixinPlatformAgentDefault for SecureJarResource(superbwarfare)
[23Sep2025 03:59:44.953] [main/DEBUG] [mixin/]: MixinPlatformAgentDefault accepted container SecureJarResource(superbwarfare)
[23Sep2025 03:59:44.953] [main/DEBUG] [mixin/]: Processing prepare() for PlatformAgent[MixinPlatformAgentDefault:SecureJarResource(superbwarfare)]
[23Sep2025 03:59:44.953] [main/DEBUG] [mixin/]: Registering mixin config: mixins.superbwarfare.json
[23Sep2025 03:59:44.955] [main/DEBUG] [mixin/]: Adding mixin platform agents for container SecureJarResource(pickupnotifier)
[23Sep2025 03:59:44.955] [main/DEBUG] [mixin/]: Instancing new MixinPlatformAgentMinecraftForge for SecureJarResource(pickupnotifier)
[23Sep2025 03:59:44.955] [main/DEBUG] [mixin/]: MixinPlatformAgentMinecraftForge rejected container SecureJarResource(pickupnotifier)
[23Sep2025 03:59:44.956] [main/DEBUG] [mixin/]: Instancing new MixinPlatformAgentDefault for SecureJarResource(pickupnotifier)
[23Sep2025 03:59:44.956] [main/DEBUG] [mixin/]: MixinPlatformAgentDefault accepted container SecureJarResource(pickupnotifier)
[23Sep2025 03:59:44.956] [main/DEBUG] [mixin/]: Processing prepare() for PlatformAgent[MixinPlatformAgentDefault:SecureJarResource(pickupnotifier)]
[23Sep2025 03:59:44.956] [main/DEBUG] [mixin/]: Registering mixin config: pickupnotifier.common.mixins.json
[23Sep2025 03:59:44.957] [main/DEBUG] [mixin/]: Adding mixin platform agents for container SecureJarResource(iceandfire)
[23Sep2025 03:59:44.958] [main/DEBUG] [mixin/]: Instancing new MixinPlatformAgentMinecraftForge for SecureJarResource(iceandfire)
[23Sep2025 03:59:44.958] [main/DEBUG] [mixin/]: MixinPlatformAgentMinecraftForge rejected container SecureJarResource(iceandfire)
[23Sep2025 03:59:44.958] [main/DEBUG] [mixin/]: Instancing new MixinPlatformAgentDefault for SecureJarResource(iceandfire)
[23Sep2025 03:59:44.958] [main/DEBUG] [mixin/]: MixinPlatformAgentDefault accepted container SecureJarResource(iceandfire)
[23Sep2025 03:59:44.958] [main/DEBUG] [mixin/]: Processing prepare() for PlatformAgent[MixinPlatformAgentDefault:SecureJarResource(iceandfire)]
[23Sep2025 03:59:44.959] [main/DEBUG] [mixin/]: Registering mixin config: iceandfire.mixins.json
[23Sep2025 03:59:44.960] [main/DEBUG] [mixin/]: Adding mixin platform agents for container SecureJarResource(puzzleslib)
[23Sep2025 03:59:44.960] [main/DEBUG] [mixin/]: Instancing new MixinPlatformAgentMinecraftForge for SecureJarResource(puzzleslib)
[23Sep2025 03:59:44.960] [main/DEBUG] [mixin/]: MixinPlatformAgentMinecraftForge rejected container SecureJarResource(puzzleslib)
[23Sep2025 03:59:44.961] [main/DEBUG] [mixin/]: Instancing new MixinPlatformAgentDefault for SecureJarResource(puzzleslib)
[23Sep2025 03:59:44.961] [main/DEBUG] [mixin/]: MixinPlatformAgentDefault accepted container SecureJarResource(puzzleslib)
[23Sep2025 03:59:44.961] [main/DEBUG] [mixin/]: Processing prepare() for PlatformAgent[MixinPlatformAgentDefault:SecureJarResource(puzzleslib)]
[23Sep2025 03:59:44.961] [main/DEBUG] [mixin/]: Registering mixin config: puzzleslib.common.mixins.json
[23Sep2025 03:59:44.963] [main/DEBUG] [mixin/]: Registering mixin config: puzzleslib.forge.mixins.json
[23Sep2025 03:59:44.964] [main/DEBUG] [mixin/]: Adding mixin platform agents for container SecureJarResource(framework)
[23Sep2025 03:59:44.964] [main/DEBUG] [mixin/]: Instancing new MixinPlatformAgentMinecraftForge for SecureJarResource(framework)
[23Sep2025 03:59:44.965] [main/DEBUG] [mixin/]: MixinPlatformAgentMinecraftForge rejected container SecureJarResource(framework)
[23Sep2025 03:59:44.965] [main/DEBUG] [mixin/]: Instancing new MixinPlatformAgentDefault for SecureJarResource(framework)
[23Sep2025 03:59:44.965] [main/DEBUG] [mixin/]: MixinPlatformAgentDefault accepted container SecureJarResource(framework)
[23Sep2025 03:59:44.965] [main/DEBUG] [mixin/]: Processing prepare() for PlatformAgent[MixinPlatformAgentDefault:SecureJarResource(framework)]
[23Sep2025 03:59:44.965] [main/DEBUG] [mixin/]: Adding mixin platform agents for container SecureJarResource(fallingtree)
[23Sep2025 03:59:44.966] [main/DEBUG] [mixin/]: Instancing new MixinPlatformAgentMinecraftForge for SecureJarResource(fallingtree)
[23Sep2025 03:59:44.966] [main/DEBUG] [mixin/]: MixinPlatformAgentMinecraftForge rejected container SecureJarResource(fallingtree)
[23Sep2025 03:59:44.966] [main/DEBUG] [mixin/]: Instancing new MixinPlatformAgentDefault for SecureJarResource(fallingtree)
[23Sep2025 03:59:44.966] [main/DEBUG] [mixin/]: MixinPlatformAgentDefault accepted container SecureJarResource(fallingtree)
[23Sep2025 03:59:44.966] [main/DEBUG] [mixin/]: Processing prepare() for PlatformAgent[MixinPlatformAgentDefault:SecureJarResource(fallingtree)]
[23Sep2025 03:59:44.967] [main/DEBUG] [mixin/]: Adding mixin platform agents for container SecureJarResource(puzzlesaccessapi)
[23Sep2025 03:59:44.967] [main/DEBUG] [mixin/]: Instancing new MixinPlatformAgentMinecraftForge for SecureJarResource(puzzlesaccessapi)
[23Sep2025 03:59:44.967] [main/DEBUG] [mixin/]: MixinPlatformAgentMinecraftForge rejected container SecureJarResource(puzzlesaccessapi)
[23Sep2025 03:59:44.967] [main/DEBUG] [mixin/]: Instancing new MixinPlatformAgentDefault for SecureJarResource(puzzlesaccessapi)
[23Sep2025 03:59:44.967] [main/DEBUG] [mixin/]: MixinPlatformAgentDefault accepted container SecureJarResource(puzzlesaccessapi)
[23Sep2025 03:59:44.968] [main/DEBUG] [mixin/]: Processing prepare() for PlatformAgent[MixinPlatformAgentDefault:SecureJarResource(puzzlesaccessapi)]
[23Sep2025 03:59:44.968] [main/DEBUG] [mixin/]: Registering mixin config: puzzlesaccessapi.common.mixins.json
[23Sep2025 03:59:44.970] [main/DEBUG] [mixin/]: Registering mixin config: puzzlesaccessapi.forge.mixins.json
[23Sep2025 03:59:44.971] [main/DEBUG] [mixin/]: Adding mixin platform agents for container SecureJarResource(forge)
[23Sep2025 03:59:44.972] [main/DEBUG] [mixin/]: Instancing new MixinPlatformAgentMinecraftForge for SecureJarResource(forge)
[23Sep2025 03:59:44.972] [main/DEBUG] [mixin/]: MixinPlatformAgentMinecraftForge rejected container SecureJarResource(forge)
[23Sep2025 03:59:44.972] [main/DEBUG] [mixin/]: Instancing new MixinPlatformAgentDefault for SecureJarResource(forge)
[23Sep2025 03:59:44.972] [main/DEBUG] [mixin/]: MixinPlatformAgentDefault accepted container SecureJarResource(forge)
[23Sep2025 03:59:44.972] [main/DEBUG] [mixin/]: Processing prepare() for PlatformAgent[MixinPlatformAgentDefault:SecureJarResource(forge)]
[23Sep2025 03:59:44.973] [main/DEBUG] [mixin/]: Adding mixin platform agents for container SecureJarResource(ingotcraft)
[23Sep2025 03:59:44.973] [main/DEBUG] [mixin/]: Instancing new MixinPlatformAgentMinecraftForge for SecureJarResource(ingotcraft)
[23Sep2025 03:59:44.973] [main/DEBUG] [mixin/]: MixinPlatformAgentMinecraftForge rejected container SecureJarResource(ingotcraft)
[23Sep2025 03:59:44.973] [main/DEBUG] [mixin/]: Instancing new MixinPlatformAgentDefault for SecureJarResource(ingotcraft)
[23Sep2025 03:59:44.973] [main/DEBUG] [mixin/]: MixinPlatformAgentDefault accepted container SecureJarResource(ingotcraft)
[23Sep2025 03:59:44.974] [main/DEBUG] [mixin/]: Processing prepare() for PlatformAgent[MixinPlatformAgentDefault:SecureJarResource(ingotcraft)]
[23Sep2025 03:59:44.974] [main/DEBUG] [mixin/]: Adding mixin platform agents for container SecureJarResource(mclib)
[23Sep2025 03:59:44.974] [main/DEBUG] [mixin/]: Instancing new MixinPlatformAgentMinecraftForge for SecureJarResource(mclib)
[23Sep2025 03:59:44.974] [main/DEBUG] [mixin/]: MixinPlatformAgentMinecraftForge rejected container SecureJarResource(mclib)
[23Sep2025 03:59:44.974] [main/DEBUG] [mixin/]: Instancing new MixinPlatformAgentDefault for SecureJarResource(mclib)
[23Sep2025 03:59:44.975] [main/DEBUG] [mixin/]: MixinPlatformAgentDefault accepted container SecureJarResource(mclib)
[23Sep2025 03:59:44.975] [main/DEBUG] [mixin/]: Processing prepare() for PlatformAgent[MixinPlatformAgentDefault:SecureJarResource(mclib)]
[23Sep2025 03:59:44.975] [main/DEBUG] [mixin/]: Adding mixin platform agents for container SecureJarResource(thedarkcolour.kotlinforforge.kfflib)
[23Sep2025 03:59:44.975] [main/DEBUG] [mixin/]: Instancing new MixinPlatformAgentMinecraftForge for SecureJarResource(thedarkcolour.kotlinforforge.kfflib)
[23Sep2025 03:59:44.975] [main/DEBUG] [mixin/]: MixinPlatformAgentMinecraftForge rejected container SecureJarResource(thedarkcolour.kotlinforforge.kfflib)
[23Sep2025 03:59:44.975] [main/DEBUG] [mixin/]: Instancing new MixinPlatformAgentDefault for SecureJarResource(thedarkcolour.kotlinforforge.kfflib)
[23Sep2025 03:59:44.976] [main/DEBUG] [mixin/]: MixinPlatformAgentDefault accepted container SecureJarResource(thedarkcolour.kotlinforforge.kfflib)
[23Sep2025 03:59:44.976] [main/DEBUG] [mixin/]: Processing prepare() for PlatformAgent[MixinPlatformAgentDefault:SecureJarResource(thedarkcolour.kotlinforforge.kfflib)]
[23Sep2025 03:59:44.976] [main/DEBUG] [mixin/]: Adding mixin platform agents for container SecureJarResource(MixinExtras)
[23Sep2025 03:59:44.976] [main/DEBUG] [mixin/]: Instancing new MixinPlatformAgentMinecraftForge for SecureJarResource(MixinExtras)
[23Sep2025 03:59:44.976] [main/DEBUG] [mixin/]: MixinPlatformAgentMinecraftForge rejected container SecureJarResource(MixinExtras)
[23Sep2025 03:59:44.977] [main/DEBUG] [mixin/]: Instancing new MixinPlatformAgentDefault for SecureJarResource(MixinExtras)
[23Sep2025 03:59:44.977] [main/DEBUG] [mixin/]: MixinPlatformAgentDefault accepted container SecureJarResource(MixinExtras)
[23Sep2025 03:59:44.977] [main/DEBUG] [mixin/]: Processing prepare() for PlatformAgent[MixinPlatformAgentDefault:SecureJarResource(MixinExtras)]
[23Sep2025 03:59:44.977] [main/DEBUG] [mixin/]: inject() running with 31 agents
[23Sep2025 03:59:44.977] [main/DEBUG] [mixin/]: Processing inject() for PlatformAgent[MixinPlatformAgentDefault:ModLauncher Root Container(ModLauncher:4f56a0a2)]
[23Sep2025 03:59:44.978] [main/DEBUG] [mixin/]: Processing inject() for PlatformAgent[MixinPlatformAgentDefault:SecureJarResource(minecraft)]
[23Sep2025 03:59:44.978] [main/DEBUG] [mixin/]: Processing inject() for PlatformAgent[MixinPlatformAgentDefault:SecureJarResource(farmersdelight)]
[23Sep2025 03:59:44.978] [main/DEBUG] [mixin/]: Processing inject() for PlatformAgent[MixinPlatformAgentDefault:SecureJarResource(jade)]
[23Sep2025 03:59:44.978] [main/DEBUG] [mixin/]: Processing inject() for PlatformAgent[MixinPlatformAgentDefault:SecureJarResource(butcher)]
[23Sep2025 03:59:44.978] [main/DEBUG] [mixin/]: Processing inject() for PlatformAgent[MixinPlatformAgentDefault:SecureJarResource(geckolib)]
[23Sep2025 03:59:44.979] [main/DEBUG] [mixin/]: Processing inject() for PlatformAgent[MixinPlatformAgentDefault:SecureJarResource(jei)]
[23Sep2025 03:59:44.979] [main/DEBUG] [mixin/]: Processing inject() for PlatformAgent[MixinPlatformAgentDefault:SecureJarResource(goblintraders)]
[23Sep2025 03:59:44.979] [main/DEBUG] [mixin/]: Processing inject() for PlatformAgent[MixinPlatformAgentDefault:SecureJarResource(kotlinforforge)]
[23Sep2025 03:59:44.979] [main/DEBUG] [mixin/]: Processing inject() for PlatformAgent[MixinPlatformAgentDefault:SecureJarResource(sophisticatedcore)]
[23Sep2025 03:59:44.979] [main/DEBUG] [mixin/]: Processing inject() for PlatformAgent[MixinPlatformAgentDefault:SecureJarResource(curios)]
[23Sep2025 03:59:44.979] [main/DEBUG] [mixin/]: Processing inject() for PlatformAgent[MixinPlatformAgentDefault:SecureJarResource(spartanshields)]
[23Sep2025 03:59:44.980] [main/DEBUG] [mixin/]: Processing inject() for PlatformAgent[MixinPlatformAgentDefault:SecureJarResource(citadel)]
[23Sep2025 03:59:44.980] [main/DEBUG] [mixin/]: Processing inject() for PlatformAgent[MixinPlatformAgentDefault:SecureJarResource(alexsmobs)]
[23Sep2025 03:59:44.980] [main/DEBUG] [mixin/]: Processing inject() for PlatformAgent[MixinPlatformAgentDefault:SecureJarResource(securitycraft)]
[23Sep2025 03:59:44.980] [main/DEBUG] [mixin/]: Processing inject() for PlatformAgent[MixinPlatformAgentDefault:SecureJarResource(mixinextras)]
[23Sep2025 03:59:44.981] [main/DEBUG] [mixin/]: Processing inject() for PlatformAgent[MixinPlatformAgentDefault:SecureJarResource(tombstone)]
[23Sep2025 03:59:44.981] [main/DEBUG] [mixin/]: Processing inject() for PlatformAgent[MixinPlatformAgentDefault:SecureJarResource(sophisticatedbackpacks)]
[23Sep2025 03:59:44.981] [main/DEBUG] [mixin/]: Processing inject() for PlatformAgent[MixinPlatformAgentDefault:SecureJarResource(spartanweaponry)]
[23Sep2025 03:59:44.981] [main/DEBUG] [mixin/]: Processing inject() for PlatformAgent[MixinPlatformAgentDefault:SecureJarResource(superbwarfare)]
[23Sep2025 03:59:44.981] [main/DEBUG] [mixin/]: Processing inject() for PlatformAgent[MixinPlatformAgentDefault:SecureJarResource(pickupnotifier)]
[23Sep2025 03:59:44.981] [main/DEBUG] [mixin/]: Processing inject() for PlatformAgent[MixinPlatformAgentDefault:SecureJarResource(iceandfire)]
[23Sep2025 03:59:44.982] [main/DEBUG] [mixin/]: Processing inject() for PlatformAgent[MixinPlatformAgentDefault:SecureJarResource(puzzleslib)]
[23Sep2025 03:59:44.982] [main/DEBUG] [mixin/]: Processing inject() for PlatformAgent[MixinPlatformAgentDefault:SecureJarResource(framework)]
[23Sep2025 03:59:44.982] [main/DEBUG] [mixin/]: Processing inject() for PlatformAgent[MixinPlatformAgentDefault:SecureJarResource(fallingtree)]
[23Sep2025 03:59:44.982] [main/DEBUG] [mixin/]: Processing inject() for PlatformAgent[MixinPlatformAgentDefault:SecureJarResource(puzzlesaccessapi)]
[23Sep2025 03:59:44.982] [main/DEBUG] [mixin/]: Processing inject() for PlatformAgent[MixinPlatformAgentDefault:SecureJarResource(forge)]
[23Sep2025 03:59:44.983] [main/DEBUG] [mixin/]: Processing inject() for PlatformAgent[MixinPlatformAgentDefault:SecureJarResource(ingotcraft)]
[23Sep2025 03:59:44.983] [main/DEBUG] [mixin/]: Processing inject() for PlatformAgent[MixinPlatformAgentDefault:SecureJarResource(mclib)]
[23Sep2025 03:59:44.983] [main/DEBUG] [mixin/]: Processing inject() for PlatformAgent[MixinPlatformAgentDefault:SecureJarResource(thedarkcolour.kotlinforforge.kfflib)]
[23Sep2025 03:59:44.983] [main/DEBUG] [mixin/]: Processing inject() for PlatformAgent[MixinPlatformAgentDefault:SecureJarResource(MixinExtras)]
[23Sep2025 03:59:44.984] [main/INFO] [cpw.mods.modlauncher.LaunchServiceHandler/MODLAUNCHER]: Launching target 'forgeserver' with arguments [nogui]
[23Sep2025 03:59:45.027] [main/DEBUG] [mixin/]: Error cleaning class output directory: .mixin.out
[23Sep2025 03:59:45.028] [main/DEBUG] [mixin/]: Preparing mixins for MixinEnvironment[DEFAULT]
[23Sep2025 03:59:45.029] [main/DEBUG] [mixin/]: Selecting config farmersdelight.mixins.json
[23Sep2025 03:59:45.035] [main/DEBUG] [mixin/]: Selecting config jade.mixins.json
[23Sep2025 03:59:45.036] [main/DEBUG] [mixin/]: Selecting config geckolib.mixins.json
[23Sep2025 03:59:45.037] [main/DEBUG] [mixin/]: Selecting config goblintraders.common.mixins.json
[23Sep2025 03:59:45.038] [main/DEBUG] [mixin/]: Selecting config curios.mixins.json
[23Sep2025 03:59:45.039] [main/DEBUG] [mixin/]: Selecting config citadel.mixins.json
[23Sep2025 03:59:45.041] [main/DEBUG] [mixin/]: Selecting config securitycraft.mixins.json
[23Sep2025 03:59:45.044] [main/DEBUG] [mixin/]: Selecting config mixinextras.init.mixins.json
[23Sep2025 03:59:45.088] [main/DEBUG] [MixinExtras|Service/]: com.llamalad7.mixinextras.service.MixinExtrasServiceImpl(version=0.4.1) is taking over from null
[23Sep2025 03:59:45.122] [main/DEBUG] [mixin/]: Registering new injector for @Inject with org.spongepowered.asm.mixin.injection.struct.CallbackInjectionInfo
[23Sep2025 03:59:45.123] [main/DEBUG] [mixin/]: Registering new injector for @ModifyArg with org.spongepowered.asm.mixin.injection.struct.ModifyArgInjectionInfo
[23Sep2025 03:59:45.125] [main/DEBUG] [mixin/]: Registering new injector for @ModifyArgs with org.spongepowered.asm.mixin.injection.struct.ModifyArgsInjectionInfo
[23Sep2025 03:59:45.126] [main/DEBUG] [mixin/]: Registering new injector for @Redirect with org.spongepowered.asm.mixin.injection.struct.RedirectInjectionInfo
[23Sep2025 03:59:45.128] [main/DEBUG] [mixin/]: Registering new injector for @ModifyVariable with org.spongepowered.asm.mixin.injection.struct.ModifyVariableInjectionInfo
[23Sep2025 03:59:45.129] [main/DEBUG] [mixin/]: Registering new injector for @ModifyConstant with org.spongepowered.asm.mixin.injection.struct.ModifyConstantInjectionInfo
[23Sep2025 03:59:45.143] [main/DEBUG] [mixin/]: Selecting config tombstone.mixins.json
[23Sep2025 03:59:45.145] [main/DEBUG] [mixin/]: Selecting config spartanweaponry.mixins.json
[23Sep2025 03:59:45.146] [main/DEBUG] [mixin/]: Selecting config mixins.superbwarfare.json
[23Sep2025 03:59:45.149] [main/DEBUG] [mixin/]: Selecting config pickupnotifier.common.mixins.json
[23Sep2025 03:59:45.152] [main/DEBUG] [mixin/]: Selecting config iceandfire.mixins.json
[23Sep2025 03:59:45.153] [main/DEBUG] [mixin/]: Selecting config puzzleslib.common.mixins.json
[23Sep2025 03:59:45.179] [main/INFO] [Puzzles Lib/]: Loading 27 mods:
	- alexsmobs 1.22.9
	- butcher 3.6.1
	- citadel 2.6.1
	- curios 5.14.1+1.20.1
	- fallingtree 4.3.4
	- farmersdelight 1.20.1-1.2.7
	- forge 47.3.7
	- framework 0.7.12
	- geckolib 4.7.3
	- goblintraders 1.9.3
	- iceandfire 2.1.13-1.20.1
	- ingotcraft 1.20.1-2.4.10-forge
	- jade 11.13.1+forge
	- jei 15.20.0.112
	- kotlinforforge 4.11.0
	- minecraft 1.20.1
	- pickupnotifier 8.0.0
	- puzzleslib 8.1.33
		|-- mixinextras 0.4.1
		\-- puzzlesaccessapi 20.1.1
	- securitycraft 1.10.0.1
	- sophisticatedbackpacks 3.23.23.1289
	- sophisticatedcore 1.2.80.1073
	- spartanshields 3.1.1
	- spartanweaponry 3.1.3
	- superbwarfare 0.8.7
	- tombstone 9.0.9
[23Sep2025 03:59:45.181] [main/DEBUG] [mixin/]: Selecting config puzzleslib.forge.mixins.json
[23Sep2025 03:59:45.185] [main/DEBUG] [mixin/]: Selecting config puzzlesaccessapi.common.mixins.json
[23Sep2025 03:59:45.187] [main/WARN] [mixin/]: Reference map 'puzzlesaccessapi.common.refmap.json' for puzzlesaccessapi.common.mixins.json could not be read. If this is a development environment you can ignore this message
[23Sep2025 03:59:45.189] [main/DEBUG] [mixin/]: Selecting config puzzlesaccessapi.forge.mixins.json
[23Sep2025 03:59:45.191] [main/DEBUG] [mixin/]: Preparing farmersdelight.mixins.json (9)
[23Sep2025 03:59:45.242] [main/DEBUG] [mixin/]: Preparing jade.mixins.json (2)
[23Sep2025 03:59:45.242] [main/DEBUG] [mixin/]: Preparing geckolib.mixins.json (1)
[23Sep2025 03:59:45.243] [main/DEBUG] [mixin/]: Preparing goblintraders.common.mixins.json (5)
[23Sep2025 03:59:45.257] [main/DEBUG] [mixin/]: Preparing curios.mixins.json (13)
[23Sep2025 03:59:45.352] [main/DEBUG] [mixin/]: Preparing citadel.mixins.json (15)
[23Sep2025 03:59:45.426] [main/DEBUG] [mixin/]: Preparing securitycraft.mixins.json (23)
[23Sep2025 03:59:45.512] [main/DEBUG] [net.minecraftforge.coremod.transformer.CoreModBaseTransformer/COREMOD]: Transforming net/minecraft/world/level/levelgen/structure/templatesystem/StructureTemplate
[23Sep2025 03:59:45.870] [main/DEBUG] [mixin/]: Preparing mixinextras.init.mixins.json (0)
[23Sep2025 03:59:45.870] [main/DEBUG] [mixin/]: Preparing tombstone.mixins.json (28)
[23Sep2025 03:59:45.891] [main/DEBUG] [net.minecraftforge.coremod.transformer.CoreModBaseTransformer/COREMOD]: Transforming net/minecraft/world/item/ItemStack
[23Sep2025 03:59:45.979] [main/DEBUG] [net.minecraftforge.coremod.transformer.CoreModBaseTransformer/COREMOD]: Transforming net/minecraft/world/entity/npc/Villager
[23Sep2025 03:59:46.142] [main/DEBUG] [mixin/]: Preparing spartanweaponry.mixins.json (9)
[23Sep2025 03:59:46.168] [main/DEBUG] [net.minecraftforge.coremod.transformer.CoreModBaseTransformer/COREMOD]: Transforming net/minecraft/world/entity/monster/Zombie
[23Sep2025 03:59:46.297] [main/DEBUG] [mixin/]: Preparing mixins.superbwarfare.json (28)
[23Sep2025 03:59:46.327] [main/DEBUG] [mixin/]: Preparing pickupnotifier.common.mixins.json (3)
[23Sep2025 03:59:46.327] [main/DEBUG] [mixin/]: Preparing iceandfire.mixins.json (2)
[23Sep2025 03:59:46.332] [main/DEBUG] [mixin/]: Preparing puzzleslib.common.mixins.json (7)
[23Sep2025 03:59:46.347] [main/DEBUG] [mixin/]: Preparing puzzleslib.forge.mixins.json (13)
[23Sep2025 03:59:46.374] [main/DEBUG] [mixin/]: Preparing puzzlesaccessapi.common.mixins.json (0)
[23Sep2025 03:59:46.374] [main/DEBUG] [mixin/]: Preparing puzzlesaccessapi.forge.mixins.json (0)
[23Sep2025 03:59:46.433] [main/DEBUG] [mixin/]: Prepared 103 mixins in 1.404 sec (13.6ms avg) (0ms load, 0ms transform, 0ms plugin)
[23Sep2025 03:59:46.445] [main/INFO] [MixinExtras|Service/]: Initializing MixinExtras via com.llamalad7.mixinextras.service.MixinExtrasServiceImpl(version=0.4.1).
[23Sep2025 03:59:46.447] [main/DEBUG] [mixin/]: Registering new injector for @SugarWrapper with com.llamalad7.mixinextras.sugar.impl.SugarWrapperInjectionInfo
[23Sep2025 03:59:46.447] [main/DEBUG] [mixin/]: Registering new injector for @FactoryRedirectWrapper with com.llamalad7.mixinextras.wrapper.factory.FactoryRedirectWrapperInjectionInfo
[23Sep2025 03:59:46.452] [main/DEBUG] [mixin/]: Mixing MinecraftServerMixin from citadel.mixins.json into net.minecraft.server.MinecraftServer
[23Sep2025 03:59:46.542] [main/DEBUG] [mixin/]: Mixing DedicatedServerMixin from tombstone.mixins.json into net.minecraft.server.dedicated.DedicatedServer
[23Sep2025 03:59:46.584] [main/DEBUG] [io.netty.util.internal.logging.InternalLoggerFactory/]: Using SLF4J as the default logging framework
[23Sep2025 03:59:46.586] [main/DEBUG] [io.netty.util.ResourceLeakDetector/]: -Dio.netty.leakDetection.level: simple
[23Sep2025 03:59:46.587] [main/DEBUG] [io.netty.util.ResourceLeakDetector/]: -Dio.netty.leakDetection.targetRecords: 4
[23Sep2025 03:59:46.784] [main/DEBUG] [oshi.util.FileUtil/]: No oshi.properties file found from ClassLoader cpw.mods.modlauncher.TransformingClassLoader@470d183
[23Sep2025 03:59:46.785] [main/DEBUG] [oshi.util.FileUtil/]: No oshi.properties file found from ClassLoader jdk.internal.loader.ClassLoaders$AppClassLoader@76ed5528
[23Sep2025 03:59:46.888] [main/DEBUG] [oshi.util.FileUtil/]: Reading file /proc/self/auxv
[23Sep2025 03:59:46.888] [main/DEBUG] [oshi.util.FileUtil/]: Reading file /proc/self/auxv
[23Sep2025 03:59:46.900] [main/DEBUG] [oshi.util.FileUtil/]: Reading file /proc/stat
[23Sep2025 03:59:46.909] [main/DEBUG] [oshi.util.FileUtil/]: Reading file /sys/devices/system/cpu/cpu0/topology/core_id
[23Sep2025 03:59:46.909] [main/DEBUG] [oshi.util.FileUtil/]: Reading file /sys/devices/system/cpu/cpu0/topology/core_id
[23Sep2025 03:59:46.909] [main/DEBUG] [oshi.util.FileUtil/]: Reading file /sys/devices/system/cpu/cpu0/topology/physical_package_id
[23Sep2025 03:59:46.910] [main/DEBUG] [oshi.util.FileUtil/]: Reading file /sys/devices/system/cpu/cpu0/topology/physical_package_id
[23Sep2025 03:59:46.910] [main/DEBUG] [oshi.util.FileUtil/]: Reading file /sys/devices/system/cpu/cpu0/cpu_capacity
[23Sep2025 03:59:46.915] [main/DEBUG] [oshi.util.FileUtil/]: Reading file /sys/devices/system/cpu/cpu1/topology/core_id
[23Sep2025 03:59:46.916] [main/DEBUG] [oshi.util.FileUtil/]: Reading file /sys/devices/system/cpu/cpu1/topology/core_id
[23Sep2025 03:59:46.916] [main/DEBUG] [oshi.util.FileUtil/]: Reading file /sys/devices/system/cpu/cpu1/topology/physical_package_id
[23Sep2025 03:59:46.916] [main/DEBUG] [oshi.util.FileUtil/]: Reading file /sys/devices/system/cpu/cpu1/topology/physical_package_id
[23Sep2025 03:59:46.916] [main/DEBUG] [oshi.util.FileUtil/]: Reading file /sys/devices/system/cpu/cpu1/cpu_capacity
[23Sep2025 03:59:46.917] [main/DEBUG] [oshi.util.FileUtil/]: Reading file /sys/devices/system/cpu/cpu2/topology/core_id
[23Sep2025 03:59:46.917] [main/DEBUG] [oshi.util.FileUtil/]: Reading file /sys/devices/system/cpu/cpu2/topology/core_id
[23Sep2025 03:59:46.920] [main/DEBUG] [oshi.util.FileUtil/]: Reading file /sys/devices/system/cpu/cpu2/topology/physical_package_id
[23Sep2025 03:59:46.920] [main/DEBUG] [oshi.util.FileUtil/]: Reading file /sys/devices/system/cpu/cpu2/topology/physical_package_id
[23Sep2025 03:59:46.921] [main/DEBUG] [oshi.util.FileUtil/]: Reading file /sys/devices/system/cpu/cpu2/cpu_capacity
[23Sep2025 03:59:46.921] [main/DEBUG] [oshi.util.FileUtil/]: Reading file /sys/devices/system/cpu/cpu3/topology/core_id
[23Sep2025 03:59:46.921] [main/DEBUG] [oshi.util.FileUtil/]: Reading file /sys/devices/system/cpu/cpu3/topology/core_id
[23Sep2025 03:59:46.921] [main/DEBUG] [oshi.util.FileUtil/]: Reading file /sys/devices/system/cpu/cpu3/topology/physical_package_id
[23Sep2025 03:59:46.921] [main/DEBUG] [oshi.util.FileUtil/]: Reading file /sys/devices/system/cpu/cpu3/topology/physical_package_id
[23Sep2025 03:59:46.922] [main/DEBUG] [oshi.util.FileUtil/]: Reading file /sys/devices/system/cpu/cpu3/cpu_capacity
[23Sep2025 03:59:46.927] [main/DEBUG] [oshi.util.FileUtil/]: Reading file /proc/cpuinfo
[23Sep2025 03:59:46.940] [main/DEBUG] [oshi.util.FileUtil/]: Reading file /proc/self/auxv
[23Sep2025 03:59:46.943] [main/DEBUG] [oshi.util.FileUtil/]: No oshi.architecture.properties file found from ClassLoader cpw.mods.modlauncher.TransformingClassLoader@470d183
[23Sep2025 03:59:46.944] [main/DEBUG] [oshi.util.FileUtil/]: No oshi.architecture.properties file found from ClassLoader jdk.internal.loader.ClassLoaders$AppClassLoader@76ed5528
[23Sep2025 03:59:46.964] [main/DEBUG] [oshi.util.FileUtil/]: Reading file /proc/meminfo
[23Sep2025 03:59:46.964] [main/DEBUG] [oshi.util.FileUtil/]: Reading file /proc/meminfo
[23Sep2025 03:59:47.102] [main/DEBUG] [mixin/]: Mixing accessor.ForgeRegistryForgeAccessor from puzzleslib.forge.mixins.json into net.minecraftforge.registries.ForgeRegistry
[23Sep2025 03:59:47.134] [main/DEBUG] [mixin/]: Mixing accessor.BlockAccessor from puzzleslib.common.mixins.json into net.minecraft.world.level.block.Block
[23Sep2025 03:59:47.163] [main/DEBUG] [mixin/]: Mixing AccessorEntity from curios.mixins.json into net.minecraft.world.entity.Entity
[23Sep2025 03:59:47.164] [main/DEBUG] [mixin/]: Mixing EntityMixin from tombstone.mixins.json into net.minecraft.world.entity.Entity
[23Sep2025 03:59:47.178] [main/DEBUG] [mixin/]: Mixing EntityMixin from spartanweaponry.mixins.json into net.minecraft.world.entity.Entity
[23Sep2025 03:59:47.180] [main/DEBUG] [mixin/]: Mixing EntityMixin from mixins.superbwarfare.json into net.minecraft.world.entity.Entity
[23Sep2025 03:59:47.218] [main/DEBUG] [mixin/]: Mixing SteelPipeFallMixin from mixins.superbwarfare.json into net.minecraft.world.entity.Entity
[23Sep2025 03:59:47.322] [main/DEBUG] [mixin/]: Mixing MixinLivingEntity from curios.mixins.json into net.minecraft.world.entity.LivingEntity
[23Sep2025 03:59:47.325] [main/DEBUG] [mixin/]: Mixing LivingEntityMixin from citadel.mixins.json into net.minecraft.world.entity.LivingEntity
[23Sep2025 03:59:47.339] [main/DEBUG] [mixin/]: Mixing LivingEntityMixin from tombstone.mixins.json into net.minecraft.world.entity.LivingEntity
[23Sep2025 03:59:47.360] [main/DEBUG] [mixin/]: Mixing LivingEntityMixin from spartanweaponry.mixins.json into net.minecraft.world.entity.LivingEntity
[23Sep2025 03:59:47.375] [main/DEBUG] [mixin/]: Mixing LivingEntityMixin from mixins.superbwarfare.json into net.minecraft.world.entity.LivingEntity
[23Sep2025 03:59:47.397] [main/DEBUG] [mixin/]: Mixing BeastMixin from mixins.superbwarfare.json into net.minecraft.world.entity.LivingEntity
[23Sep2025 03:59:47.407] [main/DEBUG] [net.minecraftforge.coremod.transformer.CoreModBaseTransformer/COREMOD]: Transforming net/minecraft/world/entity/EntityType
[23Sep2025 03:59:47.631] [main/DEBUG] [mixin/]: Mixing LevelMixin from citadel.mixins.json into net.minecraft.world.level.Level
[23Sep2025 03:59:47.635] [main/DEBUG] [mixin/]: Mixing LevelMixin from mixins.superbwarfare.json into net.minecraft.world.level.Level
[23Sep2025 03:59:47.636] [main/DEBUG] [mixin/]: Renaming synthetic method lambda$getEntities$1(Lnet/minecraft/world/phys/AABB;Lorg/spongepowered/asm/mixin/injection/callback/CallbackInfoReturnable;Lnet/minecraft/world/entity/Entity;)V to md242657$lambda$getEntities$1$0 in mixins.superbwarfare.json:LevelMixin
[23Sep2025 03:59:47.637] [main/DEBUG] [mixin/]: Renaming synthetic method lambda$getEntities$0(Ljava/util/function/Predicate;Lnet/minecraft/world/entity/Entity;Lnet/minecraft/world/entity/Entity;)Z to md242657$lambda$getEntities$0$1 in mixins.superbwarfare.json:LevelMixin
[23Sep2025 03:59:47.690] [main/DEBUG] [mixin/]: Mixing ServerLevelMixin from citadel.mixins.json into net.minecraft.server.level.ServerLevel
[23Sep2025 03:59:47.741] [main/DEBUG] [mixin/]: Mixing PlayerMixin from spartanweaponry.mixins.json into net.minecraft.world.entity.player.Player
[23Sep2025 03:59:47.755] [main/DEBUG] [mixin/]: Mixing PlayerMixin from mixins.superbwarfare.json into net.minecraft.world.entity.player.Player
[23Sep2025 03:59:47.842] [main/DEBUG] [mixin/]: Mixing ItemMixin from tombstone.mixins.json into net.minecraft.world.item.Item
[23Sep2025 03:59:47.844] [main/DEBUG] [mixin/]: Renaming synthetic method lambda$methodIsFoil$1(Lnet/minecraft/world/item/ItemStack;Lovh/corail/tombstone/api/capability/ISoulConsumer;)Ljava/lang/Boolean; to md242657$lambda$methodIsFoil$1$0 in tombstone.mixins.json:ItemMixin
[23Sep2025 03:59:47.844] [main/DEBUG] [mixin/]: Renaming synthetic method lambda$methodGetName$0(Lnet/minecraft/world/item/ItemStack;Lovh/corail/tombstone/api/capability/ISoulConsumer;)Ljava/lang/Boolean; to md242657$lambda$methodGetName$0$1 in tombstone.mixins.json:ItemMixin
[23Sep2025 03:59:47.890] [main/DEBUG] [net.minecraftforge.coremod.transformer.CoreModBaseTransformer/COREMOD]: Transforming net/minecraft/world/effect/MobEffectInstance
[23Sep2025 03:59:47.931] [main/DEBUG] [net.minecraftforge.coremod.transformer.CoreModBaseTransformer/COREMOD]: Transforming net/minecraft/world/entity/EntityType
[23Sep2025 03:59:47.990] [main/DEBUG] [mixin/]: Mixing EnchantmentMixin from goblintraders.common.mixins.json into net.minecraft.world.item.enchantment.Enchantment
[23Sep2025 03:59:48.045] [main/DEBUG] [mixin/]: Mixing KeepRichSoilGiantTreeMixin from farmersdelight.mixins.json into net.minecraft.world.level.levelgen.feature.Feature
[23Sep2025 03:59:48.046] [main/DEBUG] [mixin/]: Renaming synthetic method lambda$keepRichSoil$0(Lnet/minecraft/world/level/block/state/BlockState;)Z to md242657$lambda$keepRichSoil$0$0 in farmersdelight.mixins.json:KeepRichSoilGiantTreeMixin
[23Sep2025 03:59:48.112] [main/DEBUG] [mixin/]: Mixing accessor.FireBlockForgeAccessor from puzzleslib.forge.mixins.json into net.minecraft.world.level.block.FireBlock
[23Sep2025 03:59:48.334] [main/DEBUG] [net.minecraftforge.coremod.transformer.CoreModBaseTransformer/COREMOD]: Transforming net/minecraft/world/level/block/LiquidBlock
[23Sep2025 03:59:48.355] [main/DEBUG] [mixin/]: Mixing CuttingBoardDispenserMixin from farmersdelight.mixins.json into net.minecraft.world.level.block.DispenserBlock
[23Sep2025 03:59:48.403] [main/DEBUG] [net.minecraftforge.coremod.transformer.CoreModBaseTransformer/COREMOD]: Transforming net/minecraft/world/level/block/StairBlock
[23Sep2025 03:59:48.410] [main/DEBUG] [mixin/]: Mixing ChestBlockMixin from tombstone.mixins.json into net.minecraft.world.level.block.ChestBlock
[23Sep2025 03:59:48.492] [main/DEBUG] [net.minecraftforge.coremod.transformer.CoreModBaseTransformer/COREMOD]: Transforming net/minecraft/world/level/block/FlowerPotBlock
[23Sep2025 03:59:48.549] [main/DEBUG] [mixin/]: Mixing reinforced.BubbleColumnBlockMixin from securitycraft.mixins.json into net.minecraft.world.level.block.BubbleColumnBlock
[23Sep2025 03:59:48.602] [main/DEBUG] [mixin/]: Mixing CampfireBaleMixin from farmersdelight.mixins.json into net.minecraft.world.level.block.CampfireBlock
[23Sep2025 03:59:48.629] [main/DEBUG] [mixin/]: Mixing MixinPowderSnowBlock from curios.mixins.json into net.minecraft.world.level.block.PowderSnowBlock
[23Sep2025 03:59:48.792] [main/DEBUG] [mixin/]: Mixing BrushableBlockEntityMixin from tombstone.mixins.json into net.minecraft.world.level.block.entity.BrushableBlockEntity
[23Sep2025 03:59:49.196] [main/DEBUG] [mixin/]: Mixing KeepRichSoilTreeMixin from farmersdelight.mixins.json into net.minecraft.world.level.levelgen.feature.trunkplacers.TrunkPlacer
[23Sep2025 03:59:49.196] [main/DEBUG] [mixin/]: Renaming synthetic method lambda$cancelSetDirtIfRichSoil$0(Lnet/minecraft/world/level/block/state/BlockState;)Z to md242657$lambda$cancelSetDirtIfRichSoil$0$0 in farmersdelight.mixins.json:KeepRichSoilTreeMixin
[23Sep2025 03:59:49.474] [main/DEBUG] [mixin/]: Mixing accessor.AbstractContainerMenuAccessor from puzzleslib.common.mixins.json into net.minecraft.world.inventory.AbstractContainerMenu
[23Sep2025 03:59:49.552] [main/DEBUG] [mixin/]: Mixing AbstractArrowMixin from spartanweaponry.mixins.json into net.minecraft.world.entity.projectile.AbstractArrow
[23Sep2025 03:59:49.578] [main/DEBUG] [mixin/]: Mixing ProjectileMixin from spartanweaponry.mixins.json into net.minecraft.world.entity.projectile.Projectile
[23Sep2025 03:59:49.597] [main/DEBUG] [mixin/]: Mixing MobMixin from tombstone.mixins.json into net.minecraft.world.entity.Mob
[23Sep2025 03:59:49.598] [main/DEBUG] [mixin/]: Renaming synthetic method lambda$methodSetTarget$2(Lnet/minecraft/world/entity/LivingEntity;Ljava/util/UUID;)Ljava/lang/Boolean; to md242657$lambda$methodSetTarget$2$0 in tombstone.mixins.json:MobMixin
[23Sep2025 03:59:49.598] [main/DEBUG] [mixin/]: Renaming synthetic method lambda$methodCanBeLeashed$1(Lnet/minecraft/world/entity/player/Player;Ljava/util/UUID;)Ljava/lang/Boolean; to md242657$lambda$methodCanBeLeashed$1$1 in tombstone.mixins.json:MobMixin
[23Sep2025 03:59:49.598] [main/DEBUG] [mixin/]: Renaming synthetic method lambda$methodTick$0(Lnet/minecraft/world/entity/Mob;Lovh/corail/tombstone/api/capability/ISpellCaster;)V to md242657$lambda$methodTick$0$2 in tombstone.mixins.json:MobMixin
[23Sep2025 03:59:49.605] [main/DEBUG] [mixin/]: Mixing MobMixin from spartanweaponry.mixins.json into net.minecraft.world.entity.Mob
[23Sep2025 03:59:49.650] [main/DEBUG] [mixin/]: Mixing MonsterMixin from tombstone.mixins.json into net.minecraft.world.entity.monster.Monster
[23Sep2025 03:59:49.725] [main/DEBUG] [net.minecraftforge.coremod.transformer.CoreModBaseTransformer/COREMOD]: Transforming net/minecraft/world/item/ItemStack
[23Sep2025 03:59:49.726] [main/DEBUG] [mixin/]: Mixing ItemStackMixin from tombstone.mixins.json into net.minecraft.world.item.ItemStack
[23Sep2025 03:59:49.853] [main/DEBUG] [mixin/]: Mixing RepairContainerMixin from goblintraders.common.mixins.json into net.minecraft.world.inventory.AnvilMenu
[23Sep2025 03:59:50.358] [main/DEBUG] [mixin/]: Mixing SmithingMenuMixin from citadel.mixins.json into net.minecraft.world.inventory.SmithingMenu
[23Sep2025 03:59:50.680] [main/DEBUG] [net.minecraftforge.coremod.transformer.CoreModBaseTransformer/COREMOD]: Transforming net/minecraft/world/entity/animal/frog/Tadpole
[23Sep2025 03:59:50.719] [main/DEBUG] [mixin/]: Mixing accessor.BlockItemAccessor from puzzleslib.common.mixins.json into net.minecraft.world.item.BlockItem
[23Sep2025 03:59:50.727] [main/DEBUG] [mixin/]: Mixing boat.BoatItemMixin from securitycraft.mixins.json into net.minecraft.world.item.BoatItem
[23Sep2025 03:59:50.738] [main/DEBUG] [mixin/]: Mixing reinforced.SwordAndShearsItemMixin from securitycraft.mixins.json into net.minecraft.world.item.SwordItem
[23Sep2025 03:59:50.746] [main/DEBUG] [mixin/]: Mixing SoupItemMixin from farmersdelight.mixins.json into net.minecraft.world.item.BowlFoodItem
[23Sep2025 03:59:50.759] [main/DEBUG] [net.minecraftforge.coremod.transformer.CoreModBaseTransformer/COREMOD]: Transforming net/minecraft/world/item/BucketItem
[23Sep2025 03:59:50.771] [main/DEBUG] [mixin/]: Mixing BundleItemMixin from tombstone.mixins.json into net.minecraft.world.item.BundleItem
[23Sep2025 03:59:50.771] [main/DEBUG] [mixin/]: Renaming synthetic method lambda$getEnchantmentLevel$0(Lnet/minecraft/world/item/ItemStack;Lovh/corail/tombstone/api/capability/ISoulConsumer;)Ljava/lang/Boolean; to md242657$lambda$getEnchantmentLevel$0$0 in tombstone.mixins.json:BundleItemMixin
[23Sep2025 03:59:50.782] [main/DEBUG] [mixin/]: Mixing MixinShearsItem from curios.mixins.json into net.minecraft.world.item.ShearsItem
[23Sep2025 03:59:50.782] [main/DEBUG] [mixin/]: Mixing reinforced.SwordAndShearsItemMixin from securitycraft.mixins.json into net.minecraft.world.item.ShearsItem
[23Sep2025 03:59:50.788] [main/DEBUG] [mixin/]: Mixing PotionItemMixin from tombstone.mixins.json into net.minecraft.world.item.PotionItem
[23Sep2025 03:59:50.789] [main/DEBUG] [mixin/]: Renaming synthetic method lambda$methodFinishUsingItemReturn$1(Lnet/minecraft/world/entity/LivingEntity;Lovh/corail/tombstone/capability/ITBCapability;)V to md242657$lambda$methodFinishUsingItemReturn$1$0 in tombstone.mixins.json:PotionItemMixin
[23Sep2025 03:59:50.789] [main/DEBUG] [mixin/]: Renaming synthetic method lambda$effectList$0(Lnet/minecraft/world/effect/MobEffectInstance;)Ljava/lang/Integer; to md242657$lambda$effectList$0$1 in tombstone.mixins.json:PotionItemMixin
[23Sep2025 03:59:50.803] [main/DEBUG] [mixin/]: Mixing SpawnEggItemMixin from goblintraders.common.mixins.json into net.minecraft.world.item.SpawnEggItem
[23Sep2025 03:59:50.804] [main/DEBUG] [mixin/]: Renaming @Accessor method goblinTradersGetEggMap()Ljava/util/Map; to goblinTradersGetEggMap_$md$242657$0 in goblintraders.common.mixins.json:SpawnEggItemMixin
[23Sep2025 03:59:50.807] [main/DEBUG] [mixin/]: Mixing reinforced.WritableAndWrittenBookItemMixin from securitycraft.mixins.json into net.minecraft.world.item.WritableBookItem
[23Sep2025 03:59:50.815] [main/DEBUG] [mixin/]: Mixing reinforced.WritableAndWrittenBookItemMixin from securitycraft.mixins.json into net.minecraft.world.item.WrittenBookItem
[23Sep2025 03:59:50.836] [main/DEBUG] [mixin/]: Mixing suspiciousmines.BrushItemMixin from securitycraft.mixins.json into net.minecraft.world.item.BrushItem
[23Sep2025 03:59:50.836] [main/DEBUG] [mixin/]: Renaming synthetic method lambda$securitycraft$checkForSuspiciousMine$1(Lnet/minecraft/world/entity/player/Player;)V to md242657$lambda$securitycraft$checkForSuspiciousMine$1$0 in securitycraft.mixins.json:suspiciousmines.BrushItemMixin
[23Sep2025 03:59:50.836] [main/DEBUG] [mixin/]: Renaming synthetic method lambda$securitycraft$makeSuspiciousMinesBrushablePartTwo$0(Lnet/minecraft/world/entity/Entity;)Z to md242657$lambda$securitycraft$makeSuspiciousMinesBrushablePartTwo$0$1 in securitycraft.mixins.json:suspiciousmines.BrushItemMixin
[23Sep2025 03:59:51.756] [main/DEBUG] [mixin/]: Mixing HurtByTargetGoalMixin from tombstone.mixins.json into net.minecraft.world.entity.ai.goal.target.HurtByTargetGoal
[23Sep2025 03:59:51.759] [main/DEBUG] [mixin/]: Mixing accessor.TargetGoalAccessor from tombstone.mixins.json into net.minecraft.world.entity.ai.goal.target.TargetGoal
[23Sep2025 03:59:51.778] [main/DEBUG] [mixin/]: Mixing boat.BoatMixin from securitycraft.mixins.json into net.minecraft.world.entity.vehicle.Boat
[23Sep2025 03:59:51.808] [main/DEBUG] [net.minecraftforge.coremod.transformer.CoreModBaseTransformer/COREMOD]: Transforming net/minecraft/world/entity/monster/Spider
[23Sep2025 03:59:51.829] [main/DEBUG] [mixin/]: Mixing AbstractSkeletonMixin from spartanweaponry.mixins.json into net.minecraft.world.entity.monster.AbstractSkeleton
[23Sep2025 03:59:51.889] [main/DEBUG] [net.minecraftforge.coremod.transformer.CoreModBaseTransformer/COREMOD]: Transforming net/minecraft/world/entity/monster/Zombie
[23Sep2025 03:59:51.956] [main/DEBUG] [mixin/]: Mixing ZombieMixin from spartanweaponry.mixins.json into net.minecraft.world.entity.monster.Zombie
[23Sep2025 03:59:51.963] [main/DEBUG] [net.minecraftforge.coremod.transformer.CoreModBaseTransformer/COREMOD]: Transforming net/minecraft/world/entity/monster/ZombieVillager
[23Sep2025 03:59:52.003] [main/DEBUG] [mixin/]: Mixing ThrowableProjectileMixin from tombstone.mixins.json into net.minecraft.world.entity.projectile.ThrowableProjectile
[23Sep2025 03:59:52.037] [main/DEBUG] [net.minecraftforge.coremod.transformer.CoreModBaseTransformer/COREMOD]: Transforming net/minecraft/world/entity/monster/Evoker$EvokerSummonSpellGoal
[23Sep2025 03:59:52.174] [main/DEBUG] [mixin/]: Mixing RabbitsEatCabbageMixin from farmersdelight.mixins.json into net.minecraft.world.entity.animal.Rabbit
[23Sep2025 03:59:52.203] [main/DEBUG] [net.minecraftforge.coremod.transformer.CoreModBaseTransformer/COREMOD]: Transforming net/minecraft/world/entity/animal/horse/SkeletonTrapGoal
[23Sep2025 03:59:52.228] [main/DEBUG] [net.minecraftforge.coremod.transformer.CoreModBaseTransformer/COREMOD]: Transforming net/minecraft/world/entity/monster/Strider
[23Sep2025 03:59:52.329] [main/DEBUG] [mixin/]: Mixing ServerPlayerMixin from tombstone.mixins.json into net.minecraft.server.level.ServerPlayer
[23Sep2025 03:59:52.329] [main/DEBUG] [mixin/]: Renaming synthetic method lambda$static$0()Ljava/lang/Boolean; to md242657$lambda$static$0$0 in tombstone.mixins.json:ServerPlayerMixin
[23Sep2025 03:59:52.333] [main/DEBUG] [mixin/]: Mixing camera.ServerPlayerMixin from securitycraft.mixins.json into net.minecraft.server.level.ServerPlayer
[23Sep2025 03:59:52.401] [main/DEBUG] [net.minecraftforge.coremod.transformer.CoreModBaseTransformer/COREMOD]: Transforming net/minecraft/world/entity/npc/Villager
[23Sep2025 03:59:52.479] [main/DEBUG] [mixin/]: Mixing accessor.VillagerAccessor from tombstone.mixins.json into net.minecraft.world.entity.npc.Villager
[23Sep2025 03:59:52.481] [main/DEBUG] [mixin/]: Mixing VillagerMixin from mixins.superbwarfare.json into net.minecraft.world.entity.npc.Villager
[23Sep2025 03:59:52.496] [main/DEBUG] [mixin/]: Mixing MerchantMenuMixin from goblintraders.common.mixins.json into net.minecraft.world.inventory.MerchantMenu
[23Sep2025 03:59:52.496] [main/DEBUG] [mixin/]: Renaming synthetic method lambda$goblinTraders$isMatching$0(Ljava/util/Map;Ljava/util/Map$Entry;)Z to md242657$lambda$goblinTraders$isMatching$0$0 in goblintraders.common.mixins.json:MerchantMenuMixin
[23Sep2025 03:59:52.540] [main/DEBUG] [mixin/]: Mixing FishingHookMixin from mixins.superbwarfare.json into net.minecraft.world.entity.projectile.FishingHook
[23Sep2025 03:59:52.568] [main/DEBUG] [net.minecraftforge.coremod.transformer.CoreModBaseTransformer/COREMOD]: Transforming net/minecraft/world/effect/MobEffectInstance
[23Sep2025 03:59:52.628] [main/DEBUG] [mixin/]: Mixing passcode.ServerGamePacketListenerImplMixin from securitycraft.mixins.json into net.minecraft.server.network.ServerGamePacketListenerImpl
[23Sep2025 03:59:52.650] [main/DEBUG] [mixin/]: Mixing accessor.PotionBrewingForgeAccessor from puzzleslib.forge.mixins.json into net.minecraft.world.item.alchemy.PotionBrewing
[23Sep2025 03:59:52.650] [main/DEBUG] [mixin/]: Renaming @Accessor method puzzleslib$getPotionMixes()Ljava/util/List; to puzzleslib$getPotionMixes_$md$242657$0 in puzzleslib.forge.mixins.json:accessor.PotionBrewingForgeAccessor
[23Sep2025 03:59:52.650] [main/DEBUG] [mixin/]: Renaming @Accessor method puzzleslib$getContainerMixes()Ljava/util/List; to puzzleslib$getContainerMixes_$md$242657$1 in puzzleslib.forge.mixins.json:accessor.PotionBrewingForgeAccessor
[23Sep2025 03:59:52.651] [main/DEBUG] [mixin/]: Renaming @Accessor method puzzleslib$getAllowedContainers()Ljava/util/List; to puzzleslib$getAllowedContainers_$md$242657$2 in puzzleslib.forge.mixins.json:accessor.PotionBrewingForgeAccessor
[23Sep2025 03:59:52.725] [main/DEBUG] [mixin/]: Mixing potion.BrewingStandMenuMixin from securitycraft.mixins.json into net.minecraft.world.inventory.BrewingStandMenu
[23Sep2025 03:59:52.761] [main/DEBUG] [mixin/]: Mixing ChunkGeneratorMixin from citadel.mixins.json into net.minecraft.world.level.chunk.ChunkGenerator
[23Sep2025 03:59:52.763] [main/DEBUG] [net.minecraftforge.coremod.transformer.CoreModBaseTransformer/COREMOD]: Transforming net/minecraft/world/level/biome/Biome
[23Sep2025 03:59:52.817] [main/DEBUG] [mixin/]: Mixing MixinInventory from curios.mixins.json into net.minecraft.world.entity.player.Inventory
[23Sep2025 03:59:52.826] [main/DEBUG] [mixin/]: Mixing accessor.SimpleContainerAccessor from puzzleslib.common.mixins.json into net.minecraft.world.SimpleContainer
[23Sep2025 03:59:52.842] [main/DEBUG] [mixin/]: Mixing MerchantResultSlotMixin from goblintraders.common.mixins.json into net.minecraft.world.inventory.MerchantResultSlot
[23Sep2025 03:59:52.865] [main/DEBUG] [mixin/]: Mixing accessor.ShapedRecipeAccessor from tombstone.mixins.json into net.minecraft.world.item.crafting.ShapedRecipe
[23Sep2025 03:59:53.013] [main/DEBUG] [mixin/]: Mixing MixinApplyBonusCount from curios.mixins.json into net.minecraft.world.level.storage.loot.functions.ApplyBonusCount
[23Sep2025 03:59:53.283] [main/DEBUG] [mixin/]: Mixing gen.NoLakesInStructuresMixin from iceandfire.mixins.json into net.minecraft.world.level.levelgen.feature.LakeFeature
[23Sep2025 03:59:53.290] [main/DEBUG] [net.minecraftforge.coremod.transformer.CoreModBaseTransformer/COREMOD]: Transforming net/minecraft/world/level/levelgen/structure/Structure
[23Sep2025 03:59:53.446] [main/DEBUG] [net.minecraftforge.coremod.transformer.CoreModBaseTransformer/COREMOD]: Transforming net/minecraft/world/level/levelgen/structure/Structure
[23Sep2025 03:59:53.502] [main/DEBUG] [net.minecraftforge.coremod.transformer.CoreModBaseTransformer/COREMOD]: Transforming net/minecraft/world/level/levelgen/structure/structures/OceanRuinPieces$OceanRuinPiece
[23Sep2025 03:59:53.523] [main/DEBUG] [net.minecraftforge.coremod.transformer.CoreModBaseTransformer/COREMOD]: Transforming net/minecraft/world/level/levelgen/structure/structures/SwampHutPiece
[23Sep2025 03:59:53.541] [main/DEBUG] [net.minecraftforge.coremod.transformer.CoreModBaseTransformer/COREMOD]: Transforming net/minecraft/world/level/levelgen/structure/structures/OceanMonumentPieces$OceanMonumentPiece
[23Sep2025 03:59:53.564] [main/DEBUG] [net.minecraftforge.coremod.transformer.CoreModBaseTransformer/COREMOD]: Transforming net/minecraft/world/level/levelgen/structure/structures/WoodlandMansionPieces$WoodlandMansionPiece
[23Sep2025 03:59:53.693] [main/DEBUG] [net.minecraftforge.coremod.transformer.CoreModBaseTransformer/COREMOD]: Transforming net/minecraft/world/level/biome/Biome
[23Sep2025 03:59:53.723] [main/DEBUG] [mixin/]: Mixing accessor.MobSpawnSettingsBuilderForgeAccessor from puzzleslib.forge.mixins.json into net.minecraft.world.level.biome.MobSpawnSettings$Builder
[23Sep2025 03:59:53.757] [main/DEBUG] [mixin/]: Mixing NoiseBasedChunkGeneratorMixin from citadel.mixins.json into net.minecraft.world.level.levelgen.NoiseBasedChunkGenerator
[23Sep2025 03:59:54.037] [main/DEBUG] [net.minecraftforge.common.ForgeI18n/CORE]: Loading I18N data entries: 6430
[23Sep2025 03:59:54.058] [main/DEBUG] [net.minecraftforge.fml.ModWorkManager/LOADING]: Using 4 threads for parallel mod-loading
[23Sep2025 03:59:54.425] [main/DEBUG] [net.minecraftforge.fml.javafmlmod.FMLJavaModLanguageProvider/LOADING]: Loading FMLModContainer from classloader cpw.mods.modlauncher.TransformingClassLoader@470d183 - got cpw.mods.cl.ModuleClassLoader@c3fa05a
[23Sep2025 03:59:54.426] [main/DEBUG] [net.minecraftforge.fml.javafmlmod.FMLModContainer/LOADING]: Creating FMLModContainer instance for vectorwing.farmersdelight.FarmersDelight
[23Sep2025 03:59:54.431] [main/DEBUG] [net.minecraftforge.fml.javafmlmod.FMLJavaModLanguageProvider/LOADING]: Loading FMLModContainer from classloader cpw.mods.modlauncher.TransformingClassLoader@470d183 - got cpw.mods.cl.ModuleClassLoader@c3fa05a
[23Sep2025 03:59:54.431] [main/DEBUG] [net.minecraftforge.fml.javafmlmod.FMLModContainer/LOADING]: Creating FMLModContainer instance for snownee.jade.util.CommonProxy
[23Sep2025 03:59:54.433] [main/DEBUG] [net.minecraftforge.fml.javafmlmod.FMLJavaModLanguageProvider/LOADING]: Loading FMLModContainer from classloader cpw.mods.modlauncher.TransformingClassLoader@470d183 - got cpw.mods.cl.ModuleClassLoader@c3fa05a
[23Sep2025 03:59:54.433] [main/DEBUG] [net.minecraftforge.fml.javafmlmod.FMLModContainer/LOADING]: Creating FMLModContainer instance for net.mcreator.butcher.ButcherMod
[23Sep2025 03:59:54.434] [main/DEBUG] [net.minecraftforge.fml.javafmlmod.FMLJavaModLanguageProvider/LOADING]: Loading FMLModContainer from classloader cpw.mods.modlauncher.TransformingClassLoader@470d183 - got cpw.mods.cl.ModuleClassLoader@c3fa05a
[23Sep2025 03:59:54.434] [main/DEBUG] [net.minecraftforge.fml.javafmlmod.FMLModContainer/LOADING]: Creating FMLModContainer instance for software.bernie.example.GeckoLibMod
[23Sep2025 03:59:54.434] [main/DEBUG] [net.minecraftforge.fml.javafmlmod.FMLJavaModLanguageProvider/LOADING]: Loading FMLModContainer from classloader cpw.mods.modlauncher.TransformingClassLoader@470d183 - got cpw.mods.cl.ModuleClassLoader@c3fa05a
[23Sep2025 03:59:54.434] [main/DEBUG] [net.minecraftforge.fml.javafmlmod.FMLModContainer/LOADING]: Creating FMLModContainer instance for mezz.jei.forge.JustEnoughItems
[23Sep2025 03:59:54.435] [main/DEBUG] [net.minecraftforge.fml.javafmlmod.FMLJavaModLanguageProvider/LOADING]: Loading FMLModContainer from classloader cpw.mods.modlauncher.TransformingClassLoader@470d183 - got cpw.mods.cl.ModuleClassLoader@c3fa05a
[23Sep2025 03:59:54.435] [main/DEBUG] [net.minecraftforge.fml.javafmlmod.FMLModContainer/LOADING]: Creating FMLModContainer instance for com.mrcrayfish.goblintraders.GoblinTraders
[23Sep2025 03:59:54.436] [main/DEBUG] [thedarkcolour.kotlinforforge.LoggerKt/LOADING]: Loading KotlinModContainer from classloader cpw.mods.modlauncher.TransformingClassLoader@470d183 - got cpw.mods.cl.ModuleClassLoader@c3fa05a}
[23Sep2025 03:59:54.437] [main/DEBUG] [thedarkcolour.kotlinforforge.LoggerKt/LOADING]: Creating KotlinModContainer instance for thedarkcolour.kotlinforforge.test.KotlinForForge
[23Sep2025 03:59:54.438] [main/DEBUG] [net.minecraftforge.fml.javafmlmod.FMLJavaModLanguageProvider/LOADING]: Loading FMLModContainer from classloader cpw.mods.modlauncher.TransformingClassLoader@470d183 - got cpw.mods.cl.ModuleClassLoader@c3fa05a
[23Sep2025 03:59:54.438] [main/DEBUG] [net.minecraftforge.fml.javafmlmod.FMLModContainer/LOADING]: Creating FMLModContainer instance for net.p3pp3rf1y.sophisticatedcore.SophisticatedCore
[23Sep2025 03:59:54.439] [main/DEBUG] [net.minecraftforge.fml.javafmlmod.FMLJavaModLanguageProvider/LOADING]: Loading FMLModContainer from classloader cpw.mods.modlauncher.TransformingClassLoader@470d183 - got cpw.mods.cl.ModuleClassLoader@c3fa05a
[23Sep2025 03:59:54.439] [main/DEBUG] [net.minecraftforge.fml.javafmlmod.FMLModContainer/LOADING]: Creating FMLModContainer instance for top.theillusivec4.curios.Curios
[23Sep2025 03:59:54.440] [main/DEBUG] [net.minecraftforge.fml.javafmlmod.FMLJavaModLanguageProvider/LOADING]: Loading FMLModContainer from classloader cpw.mods.modlauncher.TransformingClassLoader@470d183 - got cpw.mods.cl.ModuleClassLoader@c3fa05a
[23Sep2025 03:59:54.440] [main/DEBUG] [net.minecraftforge.fml.javafmlmod.FMLModContainer/LOADING]: Creating FMLModContainer instance for com.oblivioussp.spartanshields.ModSpartanShields
[23Sep2025 03:59:54.440] [main/DEBUG] [net.minecraftforge.fml.javafmlmod.FMLJavaModLanguageProvider/LOADING]: Loading FMLModContainer from classloader cpw.mods.modlauncher.TransformingClassLoader@470d183 - got cpw.mods.cl.ModuleClassLoader@c3fa05a
[23Sep2025 03:59:54.440] [main/DEBUG] [net.minecraftforge.fml.javafmlmod.FMLModContainer/LOADING]: Creating FMLModContainer instance for com.github.alexthe666.citadel.Citadel
[23Sep2025 03:59:54.442] [main/DEBUG] [net.minecraftforge.fml.javafmlmod.FMLJavaModLanguageProvider/LOADING]: Loading FMLModContainer from classloader cpw.mods.modlauncher.TransformingClassLoader@470d183 - got cpw.mods.cl.ModuleClassLoader@c3fa05a
[23Sep2025 03:59:54.442] [main/DEBUG] [net.minecraftforge.fml.javafmlmod.FMLModContainer/LOADING]: Creating FMLModContainer instance for com.github.alexthe666.alexsmobs.AlexsMobs
[23Sep2025 03:59:54.443] [main/DEBUG] [net.minecraftforge.fml.javafmlmod.FMLJavaModLanguageProvider/LOADING]: Loading FMLModContainer from classloader cpw.mods.modlauncher.TransformingClassLoader@470d183 - got cpw.mods.cl.ModuleClassLoader@c3fa05a
[23Sep2025 03:59:54.443] [main/DEBUG] [net.minecraftforge.fml.javafmlmod.FMLModContainer/LOADING]: Creating FMLModContainer instance for net.geforcemods.securitycraft.SecurityCraft
[23Sep2025 03:59:54.444] [main/DEBUG] [net.minecraftforge.fml.javafmlmod.FMLJavaModLanguageProvider/LOADING]: Loading FMLModContainer from classloader cpw.mods.modlauncher.TransformingClassLoader@470d183 - got cpw.mods.cl.ModuleClassLoader@c3fa05a
[23Sep2025 03:59:54.445] [main/DEBUG] [net.minecraftforge.fml.javafmlmod.FMLModContainer/LOADING]: Creating FMLModContainer instance for com.llamalad7.mixinextras.platform.forge.MixinExtrasMod
[23Sep2025 03:59:54.445] [main/DEBUG] [net.minecraftforge.fml.javafmlmod.FMLJavaModLanguageProvider/LOADING]: Loading FMLModContainer from classloader cpw.mods.modlauncher.TransformingClassLoader@470d183 - got cpw.mods.cl.ModuleClassLoader@c3fa05a
[23Sep2025 03:59:54.445] [main/DEBUG] [net.minecraftforge.fml.javafmlmod.FMLModContainer/LOADING]: Creating FMLModContainer instance for ovh.corail.tombstone.ModTombstone
[23Sep2025 03:59:54.446] [main/DEBUG] [net.minecraftforge.fml.javafmlmod.FMLJavaModLanguageProvider/LOADING]: Loading FMLModContainer from classloader cpw.mods.modlauncher.TransformingClassLoader@470d183 - got cpw.mods.cl.ModuleClassLoader@c3fa05a
[23Sep2025 03:59:54.446] [main/DEBUG] [net.minecraftforge.fml.javafmlmod.FMLModContainer/LOADING]: Creating FMLModContainer instance for net.p3pp3rf1y.sophisticatedbackpacks.SophisticatedBackpacks
[23Sep2025 03:59:54.446] [main/DEBUG] [net.minecraftforge.fml.javafmlmod.FMLJavaModLanguageProvider/LOADING]: Loading FMLModContainer from classloader cpw.mods.modlauncher.TransformingClassLoader@470d183 - got cpw.mods.cl.ModuleClassLoader@c3fa05a
[23Sep2025 03:59:54.447] [main/DEBUG] [net.minecraftforge.fml.javafmlmod.FMLModContainer/LOADING]: Creating FMLModContainer instance for com.oblivioussp.spartanweaponry.ModSpartanWeaponry
[23Sep2025 03:59:54.447] [main/DEBUG] [net.minecraftforge.fml.javafmlmod.FMLJavaModLanguageProvider/LOADING]: Loading FMLModContainer from classloader cpw.mods.modlauncher.TransformingClassLoader@470d183 - got cpw.mods.cl.ModuleClassLoader@c3fa05a
[23Sep2025 03:59:54.448] [main/DEBUG] [net.minecraftforge.fml.javafmlmod.FMLModContainer/LOADING]: Creating FMLModContainer instance for com.atsuishio.superbwarfare.Mod
[23Sep2025 03:59:54.448] [main/DEBUG] [net.minecraftforge.fml.javafmlmod.FMLJavaModLanguageProvider/LOADING]: Loading FMLModContainer from classloader cpw.mods.modlauncher.TransformingClassLoader@470d183 - got cpw.mods.cl.ModuleClassLoader@c3fa05a
[23Sep2025 03:59:54.449] [main/DEBUG] [net.minecraftforge.fml.javafmlmod.FMLModContainer/LOADING]: Creating FMLModContainer instance for fuzs.pickupnotifier.PickUpNotifierForge
[23Sep2025 03:59:54.449] [main/DEBUG] [net.minecraftforge.fml.javafmlmod.FMLJavaModLanguageProvider/LOADING]: Loading FMLModContainer from classloader cpw.mods.modlauncher.TransformingClassLoader@470d183 - got cpw.mods.cl.ModuleClassLoader@c3fa05a
[23Sep2025 03:59:54.449] [main/DEBUG] [net.minecraftforge.fml.javafmlmod.FMLModContainer/LOADING]: Creating FMLModContainer instance for com.github.alexthe666.iceandfire.IceAndFire
[23Sep2025 03:59:54.451] [main/DEBUG] [net.minecraftforge.fml.javafmlmod.FMLJavaModLanguageProvider/LOADING]: Loading FMLModContainer from classloader cpw.mods.modlauncher.TransformingClassLoader@470d183 - got cpw.mods.cl.ModuleClassLoader@c3fa05a
[23Sep2025 03:59:54.451] [main/DEBUG] [net.minecraftforge.fml.javafmlmod.FMLModContainer/LOADING]: Creating FMLModContainer instance for fuzs.puzzleslib.impl.PuzzlesLibForge
[23Sep2025 03:59:54.451] [main/DEBUG] [net.minecraftforge.fml.javafmlmod.FMLJavaModLanguageProvider/LOADING]: Loading FMLModContainer from classloader cpw.mods.modlauncher.TransformingClassLoader@470d183 - got cpw.mods.cl.ModuleClassLoader@c3fa05a
[23Sep2025 03:59:54.451] [main/DEBUG] [net.minecraftforge.fml.javafmlmod.FMLModContainer/LOADING]: Creating FMLModContainer instance for com.mrcrayfish.framework.FrameworkForge
[23Sep2025 03:59:54.452] [main/DEBUG] [net.minecraftforge.fml.javafmlmod.FMLJavaModLanguageProvider/LOADING]: Loading FMLModContainer from classloader cpw.mods.modlauncher.TransformingClassLoader@470d183 - got cpw.mods.cl.ModuleClassLoader@c3fa05a
[23Sep2025 03:59:54.452] [main/DEBUG] [net.minecraftforge.fml.javafmlmod.FMLModContainer/LOADING]: Creating FMLModContainer instance for fr.rakambda.fallingtree.forge.FallingTree
[23Sep2025 03:59:54.453] [main/DEBUG] [net.minecraftforge.fml.javafmlmod.FMLJavaModLanguageProvider/LOADING]: Loading FMLModContainer from classloader cpw.mods.modlauncher.TransformingClassLoader@470d183 - got cpw.mods.cl.ModuleClassLoader@c3fa05a
[23Sep2025 03:59:54.453] [main/DEBUG] [net.minecraftforge.fml.javafmlmod.FMLModContainer/LOADING]: Creating FMLModContainer instance for fuzs.puzzlesaccessapi.forge.PuzzlesAccessApiForge
[23Sep2025 03:59:54.453] [main/DEBUG] [net.minecraftforge.fml.javafmlmod.FMLJavaModLanguageProvider/LOADING]: Loading FMLModContainer from classloader cpw.mods.modlauncher.TransformingClassLoader@470d183 - got cpw.mods.cl.ModuleClassLoader@c3fa05a
[23Sep2025 03:59:54.453] [main/DEBUG] [net.minecraftforge.fml.javafmlmod.FMLModContainer/LOADING]: Creating FMLModContainer instance for net.minecraftforge.common.ForgeMod
[23Sep2025 03:59:54.456] [main/DEBUG] [net.minecraftforge.fml.javafmlmod.FMLJavaModLanguageProvider/LOADING]: Loading FMLModContainer from classloader cpw.mods.modlauncher.TransformingClassLoader@470d183 - got cpw.mods.cl.ModuleClassLoader@c3fa05a
[23Sep2025 03:59:54.456] [main/DEBUG] [net.minecraftforge.fml.javafmlmod.FMLModContainer/LOADING]: Creating FMLModContainer instance for com.jahirtrap.ingotcraft.IngotcraftMod
[23Sep2025 03:59:54.520] [modloading-worker-0/DEBUG] [net.minecraftforge.fml.javafmlmod.AutomaticEventSubscriber/LOADING]: Attempting to inject @EventBusSubscriber classes into the eventbus for jade
[23Sep2025 03:59:54.523] [modloading-worker-0/DEBUG] [net.minecraftforge.fml.javafmlmod.AutomaticEventSubscriber/LOADING]: Attempting to inject @EventBusSubscriber classes into the eventbus for geckolib
[23Sep2025 03:59:54.530] [modloading-worker-0/DEBUG] [net.minecraftforge.fml.javafmlmod.AutomaticEventSubscriber/LOADING]: Auto-subscribing software.bernie.example.GeckoLibMod to FORGE
[23Sep2025 03:59:54.533] [modloading-worker-0/DEBUG] [net.minecraftforge.fml.javafmlmod.AutomaticEventSubscriber/LOADING]: Auto-subscribing software.bernie.example.CommonListener to MOD
[23Sep2025 03:59:54.533] [modloading-worker-0/DEBUG] [net.minecraftforge.fml.config.ConfigTracker/CONFIG]: Config file jei-server.toml for jei tracking
[23Sep2025 03:59:54.532] [modloading-worker-0/DEBUG] [net.minecraftforge.fml.config.ConfigTracker/CONFIG]: Config file farmersdelight-common.toml for farmersdelight tracking
[23Sep2025 03:59:54.535] [modloading-worker-0/DEBUG] [net.minecraftforge.fml.config.ConfigTracker/CONFIG]: Config file farmersdelight-client.toml for farmersdelight tracking
[23Sep2025 03:59:54.547] [modloading-worker-0/DEBUG] [net.minecraftforge.fml.javafmlmod.AutomaticEventSubscriber/LOADING]: Attempting to inject @EventBusSubscriber classes into the eventbus for jei
[23Sep2025 03:59:54.554] [modloading-worker-0/DEBUG] [net.minecraftforge.fml.javafmlmod.AutomaticEventSubscriber/LOADING]: Attempting to inject @EventBusSubscriber classes into the eventbus for goblintraders
[23Sep2025 03:59:54.566] [modloading-worker-0/DEBUG] [net.minecraftforge.fml.config.ConfigTracker/CONFIG]: Config file sophisticatedcore-common.toml for sophisticatedcore tracking
[23Sep2025 03:59:54.567] [modloading-worker-0/DEBUG] [net.minecraftforge.fml.config.ConfigTracker/CONFIG]: Config file sophisticatedcore-client.toml for sophisticatedcore tracking
[23Sep2025 03:59:54.595] [modloading-worker-0/DEBUG] [mixin/]: Mixing camera.PlayerListMixin from securitycraft.mixins.json into net.minecraft.server.players.PlayerList
[23Sep2025 03:59:54.609] [modloading-worker-0/DEBUG] [mixin/]: Mixing accessor.RecipeManagerAccessor from farmersdelight.mixins.json into net.minecraft.world.item.crafting.RecipeManager
[23Sep2025 03:59:54.647] [modloading-worker-0/DEBUG] [net.minecraftforge.fml.javafmlmod.AutomaticEventSubscriber/LOADING]: Attempting to inject @EventBusSubscriber classes into the eventbus for sophisticatedcore
[23Sep2025 03:59:54.671] [modloading-worker-0/DEBUG] [net.minecraftforge.fml.config.ConfigTracker/CONFIG]: Config file curios-client.toml for curios tracking
[23Sep2025 03:59:54.774] [modloading-worker-0/DEBUG] [net.minecraftforge.fml.config.ConfigTracker/CONFIG]: Config file curios-common.toml for curios tracking
[23Sep2025 03:59:54.774] [modloading-worker-0/DEBUG] [net.minecraftforge.fml.config.ConfigTracker/CONFIG]: Config file curios-server.toml for curios tracking
[23Sep2025 03:59:54.774] [modloading-worker-0/DEBUG] [net.minecraftforge.fml.javafmlmod.AutomaticEventSubscriber/LOADING]: Attempting to inject @EventBusSubscriber classes into the eventbus for curios
[23Sep2025 03:59:54.780] [modloading-worker-0/INFO] [Spartan Shields/]: Constructing Mod: Spartan Shields
[23Sep2025 03:59:54.864] [modloading-worker-0/DEBUG] [net.minecraftforge.fml.config.ConfigTracker/CONFIG]: Config file spartanshields-common.toml for spartanshields tracking
[23Sep2025 03:59:54.866] [modloading-worker-0/DEBUG] [net.minecraftforge.fml.javafmlmod.AutomaticEventSubscriber/LOADING]: Attempting to inject @EventBusSubscriber classes into the eventbus for spartanshields
[23Sep2025 03:59:54.867] [modloading-worker-0/DEBUG] [net.minecraftforge.fml.javafmlmod.AutomaticEventSubscriber/LOADING]: Auto-subscribing com.oblivioussp.spartanshields.event.DataGenEventHandler to MOD
[23Sep2025 03:59:54.870] [modloading-worker-0/DEBUG] [net.minecraftforge.fml.javafmlmod.AutomaticEventSubscriber/LOADING]: Auto-subscribing com.oblivioussp.spartanshields.event.CommonEventHandler to FORGE
[23Sep2025 03:59:54.875] [modloading-worker-0/DEBUG] [net.minecraftforge.fml.javafmlmod.AutomaticEventSubscriber/LOADING]: Auto-subscribing com.oblivioussp.spartanshields.config.Config to MOD
[23Sep2025 03:59:54.900] [modloading-worker-0/DEBUG] [net.minecraftforge.fml.config.ConfigTracker/CONFIG]: Config file citadel-common.toml for citadel tracking
[23Sep2025 03:59:54.904] [modloading-worker-0/DEBUG] [net.minecraftforge.fml.javafmlmod.AutomaticEventSubscriber/LOADING]: Attempting to inject @EventBusSubscriber classes into the eventbus for farmersdelight
[23Sep2025 03:59:54.904] [modloading-worker-0/DEBUG] [net.minecraftforge.fml.javafmlmod.AutomaticEventSubscriber/LOADING]: Auto-subscribing vectorwing.farmersdelight.data.DataGenerators to MOD
[23Sep2025 03:59:54.907] [modloading-worker-0/DEBUG] [net.minecraftforge.fml.javafmlmod.AutomaticEventSubscriber/LOADING]: Auto-subscribing vectorwing.farmersdelight.common.item.SkilletItem$SkilletEvents to FORGE
[23Sep2025 03:59:54.908] [modloading-worker-0/DEBUG] [net.minecraftforge.fml.javafmlmod.AutomaticEventSubscriber/LOADING]: Auto-subscribing vectorwing.farmersdelight.common.item.KnifeItem$KnifeEvents to FORGE
[23Sep2025 03:59:54.910] [modloading-worker-0/DEBUG] [net.minecraftforge.fml.javafmlmod.AutomaticEventSubscriber/LOADING]: Attempting to inject @EventBusSubscriber classes into the eventbus for citadel
[23Sep2025 03:59:54.911] [modloading-worker-0/DEBUG] [net.minecraftforge.fml.javafmlmod.AutomaticEventSubscriber/LOADING]: Auto-subscribing com.github.alexthe666.citadel.ServerProxy to MOD
[23Sep2025 03:59:54.912] [modloading-worker-0/DEBUG] [net.minecraftforge.fml.javafmlmod.AutomaticEventSubscriber/LOADING]: Auto-subscribing vectorwing.farmersdelight.common.item.HorseFeedItem$HorseFeedEvent to FORGE
[23Sep2025 03:59:54.914] [modloading-worker-0/DEBUG] [net.minecraftforge.fml.javafmlmod.AutomaticEventSubscriber/LOADING]: Auto-subscribing vectorwing.farmersdelight.common.item.enchantment.BackstabbingEnchantment$BackstabbingEvent to FORGE
[23Sep2025 03:59:54.919] [modloading-worker-0/DEBUG] [net.minecraftforge.fml.javafmlmod.AutomaticEventSubscriber/LOADING]: Auto-subscribing vectorwing.farmersdelight.common.item.DogFoodItem$DogFoodEvent to FORGE
[23Sep2025 03:59:54.923] [modloading-worker-0/DEBUG] [net.minecraftforge.fml.javafmlmod.AutomaticEventSubscriber/LOADING]: Auto-subscribing vectorwing.farmersdelight.common.event.VillagerEvents to FORGE
[23Sep2025 03:59:54.926] [modloading-worker-0/DEBUG] [net.minecraftforge.fml.javafmlmod.AutomaticEventSubscriber/LOADING]: Auto-subscribing vectorwing.farmersdelight.common.event.SetupEvents to MOD
[23Sep2025 03:59:54.927] [modloading-worker-0/DEBUG] [net.minecraftforge.fml.javafmlmod.AutomaticEventSubscriber/LOADING]: Auto-subscribing vectorwing.farmersdelight.common.event.MappingEvents to FORGE
[23Sep2025 03:59:54.933] [modloading-worker-0/DEBUG] [net.minecraftforge.fml.javafmlmod.AutomaticEventSubscriber/LOADING]: Auto-subscribing vectorwing.farmersdelight.common.event.CommonEvents to FORGE
[23Sep2025 03:59:54.938] [modloading-worker-0/DEBUG] [net.minecraftforge.fml.javafmlmod.AutomaticEventSubscriber/LOADING]: Auto-subscribing vectorwing.farmersdelight.common.block.CuttingBoardBlock$ToolCarvingEvent to FORGE
[23Sep2025 03:59:54.962] [modloading-worker-0/DEBUG] [net.minecraftforge.fml.config.ConfigTracker/CONFIG]: Config file securitycraft-client.toml for securitycraft tracking
[23Sep2025 03:59:54.964] [modloading-worker-0/DEBUG] [net.minecraftforge.fml.config.ConfigTracker/CONFIG]: Config file securitycraft-server.toml for securitycraft tracking
[23Sep2025 03:59:55.323] [modloading-worker-0/INFO] [thedarkcolour.kotlinforforge.test.KotlinForForge/]: Kotlin For Forge Enabled!
[23Sep2025 03:59:55.329] [modloading-worker-0/DEBUG] [thedarkcolour.kotlinforforge.LoggerKt/LOADING]: Attempting to inject @EventBusSubscriber kotlin objects in to the event bus for kotlinforforge
[23Sep2025 03:59:55.330] [modloading-worker-0/DEBUG] [net.minecraftforge.fml.javafmlmod.AutomaticEventSubscriber/LOADING]: Attempting to inject @EventBusSubscriber classes into the eventbus for mixinextras
[23Sep2025 03:59:55.431] [modloading-worker-0/DEBUG] [net.minecraftforge.fml.config.ConfigTracker/CONFIG]: Config file alexsmobs.toml for alexsmobs tracking
[23Sep2025 03:59:55.435] [modloading-worker-0/DEBUG] [net.minecraftforge.fml.config.ConfigTracker/CONFIG]: Config file tombstone-client.toml for tombstone tracking
[23Sep2025 03:59:55.435] [modloading-worker-0/DEBUG] [net.minecraftforge.fml.config.ConfigTracker/CONFIG]: Config file tombstone-common.toml for tombstone tracking
[23Sep2025 03:59:55.455] [modloading-worker-0/DEBUG] [net.minecraftforge.fml.config.ConfigTracker/CONFIG]: Config file tombstone-server.toml for tombstone tracking
[23Sep2025 03:59:55.461] [modloading-worker-0/DEBUG] [net.minecraftforge.fml.javafmlmod.AutomaticEventSubscriber/LOADING]: Attempting to inject @EventBusSubscriber classes into the eventbus for tombstone
[23Sep2025 03:59:55.461] [modloading-worker-0/DEBUG] [net.minecraftforge.fml.javafmlmod.AutomaticEventSubscriber/LOADING]: Auto-subscribing ovh.corail.tombstone.registry.Registration to MOD
[23Sep2025 03:59:55.470] [modloading-worker-0/DEBUG] [net.minecraftforge.fml.javafmlmod.AutomaticEventSubscriber/LOADING]: Auto-subscribing ovh.corail.tombstone.perk.PerkRegistry to MOD
[23Sep2025 03:59:55.479] [modloading-worker-0/DEBUG] [net.minecraftforge.fml.javafmlmod.AutomaticEventSubscriber/LOADING]: Auto-subscribing ovh.corail.tombstone.helper.PlacedBlocksTracker$PlacedBlocksEvents to FORGE
[23Sep2025 03:59:55.487] [modloading-worker-0/DEBUG] [net.minecraftforge.fml.javafmlmod.AutomaticEventSubscriber/LOADING]: Auto-subscribing ovh.corail.tombstone.helper.LootHelper to FORGE
[23Sep2025 03:59:55.528] [modloading-worker-0/DEBUG] [mixin/]: Mixing accessor.LootTableForgeAccessor from puzzleslib.forge.mixins.json into net.minecraft.world.level.storage.loot.LootTable
[23Sep2025 03:59:55.539] [modloading-worker-0/DEBUG] [net.minecraftforge.fml.javafmlmod.AutomaticEventSubscriber/LOADING]: Auto-subscribing ovh.corail.tombstone.event.EventHandler to FORGE
[23Sep2025 03:59:55.543] [modloading-worker-0/DEBUG] [net.minecraftforge.fml.javafmlmod.AutomaticEventSubscriber/LOADING]: Attempting to inject @EventBusSubscriber classes into the eventbus for alexsmobs
[23Sep2025 03:59:55.546] [modloading-worker-0/DEBUG] [net.minecraftforge.fml.javafmlmod.AutomaticEventSubscriber/LOADING]: Auto-subscribing com.github.alexthe666.alexsmobs.world.AMWorldRegistry to MOD
[23Sep2025 03:59:55.549] [modloading-worker-0/DEBUG] [net.minecraftforge.fml.javafmlmod.AutomaticEventSubscriber/LOADING]: Auto-subscribing com.github.alexthe666.alexsmobs.tileentity.AMTileEntityRegistry to MOD
[23Sep2025 03:59:55.553] [modloading-worker-0/DEBUG] [net.minecraftforge.fml.javafmlmod.AutomaticEventSubscriber/LOADING]: Auto-subscribing com.github.alexthe666.alexsmobs.event.ServerEvents to FORGE
[23Sep2025 03:59:55.583] [modloading-worker-0/DEBUG] [net.minecraftforge.fml.javafmlmod.AutomaticEventSubscriber/LOADING]: Auto-subscribing com.github.alexthe666.alexsmobs.entity.AMEntityRegistry to MOD
[23Sep2025 03:59:55.587] [modloading-worker-0/DEBUG] [net.minecraftforge.fml.javafmlmod.AutomaticEventSubscriber/LOADING]: Auto-subscribing com.github.alexthe666.alexsmobs.CommonProxy to MOD
[23Sep2025 03:59:55.587] [modloading-worker-0/DEBUG] [mixin/]: Mixing ExplosionMixin from mixins.superbwarfare.json into net.minecraft.world.level.Explosion
[23Sep2025 03:59:55.603] [modloading-worker-0/DEBUG] [net.minecraftforge.fml.javafmlmod.AutomaticEventSubscriber/LOADING]: Auto-subscribing com.github.alexthe666.alexsmobs.AlexsMobs to FORGE
[23Sep2025 03:59:55.643] [modloading-worker-0/DEBUG] [net.minecraftforge.fml.javafmlmod.AutomaticEventSubscriber/LOADING]: Auto-subscribing ovh.corail.tombstone.config.ConfigTombstone$ConfigEvent to MOD
[23Sep2025 03:59:55.648] [modloading-worker-0/INFO] [Spartan Weaponry/]: Constructing Mod: Spartan Weaponry
[23Sep2025 03:59:55.648] [modloading-worker-0/INFO] [Spartan Weaponry/]: Initialising API! Version: 11
[23Sep2025 03:59:55.649] [modloading-worker-0/INFO] [Spartan Weaponry/]: Spartan Weaponry API version 11 has been initalized!
[23Sep2025 03:59:55.732] [modloading-worker-0/DEBUG] [net.minecraftforge.fml.config.ConfigTracker/CONFIG]: Config file sophisticatedbackpacks-server.toml for sophisticatedbackpacks tracking
[23Sep2025 03:59:55.732] [modloading-worker-0/DEBUG] [net.minecraftforge.fml.config.ConfigTracker/CONFIG]: Config file sophisticatedbackpacks-common.toml for sophisticatedbackpacks tracking
[23Sep2025 03:59:55.870] [modloading-worker-0/DEBUG] [net.minecraftforge.fml.config.ConfigTracker/CONFIG]: Config file spartanweaponry-common.toml for spartanweaponry tracking
[23Sep2025 03:59:55.875] [modloading-worker-0/DEBUG] [net.minecraftforge.fml.config.ConfigTracker/CONFIG]: Config file spartanweaponry-client.toml for spartanweaponry tracking
[23Sep2025 03:59:55.877] [modloading-worker-0/DEBUG] [net.minecraftforge.fml.javafmlmod.AutomaticEventSubscriber/LOADING]: Attempting to inject @EventBusSubscriber classes into the eventbus for spartanweaponry
[23Sep2025 03:59:55.878] [modloading-worker-0/DEBUG] [net.minecraftforge.fml.javafmlmod.AutomaticEventSubscriber/LOADING]: Auto-subscribing com.oblivioussp.spartanweaponry.util.Config to MOD
[23Sep2025 03:59:55.878] [modloading-worker-0/DEBUG] [net.minecraftforge.fml.javafmlmod.AutomaticEventSubscriber/LOADING]: Auto-subscribing com.oblivioussp.spartanweaponry.util.ClientConfig to MOD
[23Sep2025 03:59:55.878] [modloading-worker-0/DEBUG] [net.minecraftforge.fml.javafmlmod.AutomaticEventSubscriber/LOADING]: Auto-subscribing com.oblivioussp.spartanweaponry.event.ReloadResourceEventHandler to FORGE
[23Sep2025 03:59:55.880] [modloading-worker-0/DEBUG] [net.minecraftforge.fml.javafmlmod.AutomaticEventSubscriber/LOADING]: Auto-subscribing com.oblivioussp.spartanweaponry.event.DataGenEventHandler to MOD
[23Sep2025 03:59:55.897] [modloading-worker-0/DEBUG] [net.minecraftforge.fml.javafmlmod.AutomaticEventSubscriber/LOADING]: Auto-subscribing com.oblivioussp.spartanweaponry.event.CommonEventHandler to FORGE
[23Sep2025 03:59:55.924] [modloading-worker-0/DEBUG] [net.minecraftforge.fml.config.ConfigTracker/CONFIG]: Config file superbwarfare-client.toml for superbwarfare tracking
[23Sep2025 03:59:55.928] [modloading-worker-0/DEBUG] [net.minecraftforge.fml.config.ConfigTracker/CONFIG]: Config file superbwarfare-common.toml for superbwarfare tracking
[23Sep2025 03:59:55.930] [modloading-worker-0/DEBUG] [net.minecraftforge.fml.javafmlmod.AutomaticEventSubscriber/LOADING]: Attempting to inject @EventBusSubscriber classes into the eventbus for securitycraft
[23Sep2025 03:59:55.930] [modloading-worker-0/DEBUG] [net.minecraftforge.fml.javafmlmod.AutomaticEventSubscriber/LOADING]: Auto-subscribing net.geforcemods.securitycraft.api.SecurityCraftAPI to MOD
[23Sep2025 03:59:55.934] [modloading-worker-0/DEBUG] [net.minecraftforge.fml.javafmlmod.AutomaticEventSubscriber/LOADING]: Auto-subscribing net.geforcemods.securitycraft.SecurityCraft to MOD
[23Sep2025 03:59:55.935] [modloading-worker-0/DEBUG] [net.minecraftforge.fml.javafmlmod.AutomaticEventSubscriber/LOADING]: Auto-subscribing net.geforcemods.securitycraft.SCEventHandler to FORGE
[23Sep2025 03:59:55.937] [modloading-worker-0/DEBUG] [net.minecraftforge.fml.config.ConfigTracker/CONFIG]: Config file superbwarfare-server.toml for superbwarfare tracking
[23Sep2025 03:59:55.968] [modloading-worker-0/DEBUG] [net.minecraftforge.fml.javafmlmod.AutomaticEventSubscriber/LOADING]: Auto-subscribing net.geforcemods.securitycraft.RegistrationHandler to MOD
[23Sep2025 03:59:55.981] [modloading-worker-0/DEBUG] [net.minecraftforge.fml.javafmlmod.AutomaticEventSubscriber/LOADING]: Auto-subscribing net.geforcemods.securitycraft.ConfigHandler to MOD
[23Sep2025 03:59:55.988] [modloading-worker-0/DEBUG] [net.minecraftforge.fml.javafmlmod.AutomaticEventSubscriber/LOADING]: Attempting to inject @EventBusSubscriber classes into the eventbus for pickupnotifier
[23Sep2025 03:59:55.988] [modloading-worker-0/DEBUG] [net.minecraftforge.fml.javafmlmod.AutomaticEventSubscriber/LOADING]: Auto-subscribing fuzs.pickupnotifier.PickUpNotifierForge to MOD
[23Sep2025 03:59:56.001] [modloading-worker-0/DEBUG] [net.minecraftforge.fml.javafmlmod.AutomaticEventSubscriber/LOADING]: Attempting to inject @EventBusSubscriber classes into the eventbus for sophisticatedbackpacks
[23Sep2025 03:59:56.020] [modloading-worker-0/DEBUG] [net.minecraftforge.fml.config.ConfigTracker/CONFIG]: Config file iceandfire-client.toml for iceandfire tracking
[23Sep2025 03:59:56.024] [modloading-worker-0/DEBUG] [net.minecraftforge.fml.config.ConfigTracker/CONFIG]: Config file iceandfire-common.toml for iceandfire tracking
[23Sep2025 03:59:56.032] [modloading-worker-0/INFO] [Puzzles Lib/]: Constructing common components for pickupnotifier:main
[23Sep2025 03:59:56.054] [modloading-worker-0/DEBUG] [net.minecraftforge.fml.config.ConfigTracker/CONFIG]: Config file pickupnotifier/pickupnotifier-server.toml for pickupnotifier tracking
[23Sep2025 03:59:56.082] [modloading-worker-0/DEBUG] [net.minecraftforge.fml.javafmlmod.AutomaticEventSubscriber/LOADING]: Attempting to inject @EventBusSubscriber classes into the eventbus for puzzleslib
[23Sep2025 03:59:56.084] [modloading-worker-0/DEBUG] [net.minecraftforge.fml.javafmlmod.AutomaticEventSubscriber/LOADING]: Auto-subscribing fuzs.puzzleslib.impl.PuzzlesLibForge to MOD
[23Sep2025 03:59:56.120] [modloading-worker-0/INFO] [Puzzles Lib/]: Constructing common components for puzzleslib:main
[23Sep2025 03:59:56.194] [modloading-worker-0/DEBUG] [Framework/]: Loaded com.mrcrayfish.framework.platform.ForgePlatformHelper@7183b264 for service interface com.mrcrayfish.framework.platform.services.IPlatformHelper
[23Sep2025 03:59:56.198] [modloading-worker-0/DEBUG] [Framework/]: Loaded com.mrcrayfish.framework.platform.ForgeNetworkHelper@7c703938 for service interface com.mrcrayfish.framework.platform.services.INetworkHelper
[23Sep2025 03:59:56.202] [modloading-worker-0/DEBUG] [Framework/]: Loaded com.mrcrayfish.framework.platform.ForgeRegistrationHelper@20706b11 for service interface com.mrcrayfish.framework.platform.services.IRegistrationHelper
[23Sep2025 03:59:56.203] [modloading-worker-0/DEBUG] [Framework/]: Loaded com.mrcrayfish.framework.platform.ForgeEntityHelper@7222dda4 for service interface com.mrcrayfish.framework.platform.services.IEntityHelper
[23Sep2025 03:59:56.204] [modloading-worker-0/DEBUG] [Framework/]: Loaded com.mrcrayfish.framework.platform.ForgeItemHelper@7a6712a for service interface com.mrcrayfish.framework.platform.services.IItemHelper
[23Sep2025 03:59:56.207] [modloading-worker-0/DEBUG] [Framework/]: Loaded com.mrcrayfish.framework.platform.ForgeConfigHelper@15cef5f for service interface com.mrcrayfish.framework.platform.services.IConfigHelper
[23Sep2025 03:59:56.322] [modloading-worker-0/DEBUG] [Framework/]: Started watching config: /workspaces/so/servidor_minecraft/config/goblintraders-entities.toml
[23Sep2025 03:59:56.372] [modloading-worker-0/DEBUG] [net.minecraftforge.fml.javafmlmod.AutomaticEventSubscriber/LOADING]: Attempting to inject @EventBusSubscriber classes into the eventbus for framework
[23Sep2025 03:59:56.372] [modloading-worker-0/DEBUG] [net.minecraftforge.fml.javafmlmod.AutomaticEventSubscriber/LOADING]: Auto-subscribing com.mrcrayfish.framework.entity.sync.ForgeSyncedEntityDataHandler to FORGE
[23Sep2025 03:59:56.489] [modloading-worker-0/DEBUG] [net.minecraftforge.fml.javafmlmod.AutomaticEventSubscriber/LOADING]: Attempting to inject @EventBusSubscriber classes into the eventbus for fallingtree
[23Sep2025 03:59:56.490] [modloading-worker-0/DEBUG] [net.minecraftforge.fml.javafmlmod.AutomaticEventSubscriber/LOADING]: Attempting to inject @EventBusSubscriber classes into the eventbus for puzzlesaccessapi
[23Sep2025 03:59:56.515] [modloading-worker-0/DEBUG] [net.minecraftforge.versions.forge.ForgeVersion/CORE]: Forge Version package package net.minecraftforge.versions.forge, Forge, version 47.3 from cpw.mods.modlauncher.TransformingClassLoader@470d183
[23Sep2025 03:59:56.516] [modloading-worker-0/DEBUG] [net.minecraftforge.versions.forge.ForgeVersion/CORE]: Found Forge version 47.3.7
[23Sep2025 03:59:56.516] [modloading-worker-0/DEBUG] [net.minecraftforge.versions.forge.ForgeVersion/CORE]: Found Forge spec 47.3
[23Sep2025 03:59:56.516] [modloading-worker-0/DEBUG] [net.minecraftforge.versions.forge.ForgeVersion/CORE]: Found Forge group net.minecraftforge
[23Sep2025 03:59:56.517] [modloading-worker-0/DEBUG] [net.minecraftforge.versions.mcp.MCPVersion/CORE]: MCP Version package package net.minecraftforge.versions.mcp, Minecraft, version 1.20.1 from cpw.mods.modlauncher.TransformingClassLoader@470d183
[23Sep2025 03:59:56.519] [modloading-worker-0/DEBUG] [net.minecraftforge.versions.mcp.MCPVersion/CORE]: Found MC version information 1.20.1
[23Sep2025 03:59:56.520] [modloading-worker-0/DEBUG] [net.minecraftforge.versions.mcp.MCPVersion/CORE]: Found MCP version information 20230612.114412
[23Sep2025 03:59:56.520] [modloading-worker-0/INFO] [net.minecraftforge.common.ForgeMod/FORGEMOD]: Forge mod loading, version 47.3.7, for MC 1.20.1 with MCP 20230612.114412
[23Sep2025 03:59:56.523] [modloading-worker-0/INFO] [net.minecraftforge.common.MinecraftForge/FORGE]: MinecraftForge v47.3.7 Initialized
[23Sep2025 03:59:56.595] [modloading-worker-0/DEBUG] [io.netty.util.internal.PlatformDependent0/]: -Dio.netty.noUnsafe: false
[23Sep2025 03:59:56.595] [modloading-worker-0/DEBUG] [io.netty.util.internal.PlatformDependent0/]: Java version: 17
[23Sep2025 03:59:56.597] [modloading-worker-0/DEBUG] [io.netty.util.internal.PlatformDependent0/]: sun.misc.Unsafe.theUnsafe: available
[23Sep2025 03:59:56.599] [modloading-worker-0/DEBUG] [io.netty.util.internal.PlatformDependent0/]: sun.misc.Unsafe.copyMemory: available
[23Sep2025 03:59:56.599] [modloading-worker-0/DEBUG] [io.netty.util.internal.PlatformDependent0/]: sun.misc.Unsafe.storeFence: available
[23Sep2025 03:59:56.600] [modloading-worker-0/DEBUG] [io.netty.util.internal.PlatformDependent0/]: java.nio.Buffer.address: available
[23Sep2025 03:59:56.601] [modloading-worker-0/DEBUG] [io.netty.util.internal.PlatformDependent0/]: direct buffer constructor: unavailable
java.lang.UnsupportedOperationException: Reflective setAccessible(true) disabled
	at io.netty.util.internal.ReflectionUtil.trySetAccessible(ReflectionUtil.java:31) ~[netty-common-4.1.82.Final.jar%2382!/:4.1.82.Final]
	at io.netty.util.internal.PlatformDependent0$5.run(PlatformDependent0.java:288) ~[netty-common-4.1.82.Final.jar%2382!/:4.1.82.Final]
	at java.security.AccessController.doPrivileged(AccessController.java:318) ~[?:?]
	at io.netty.util.internal.PlatformDependent0.<clinit>(PlatformDependent0.java:282) ~[netty-common-4.1.82.Final.jar%2382!/:4.1.82.Final]
	at io.netty.util.internal.PlatformDependent.isAndroid(PlatformDependent.java:333) ~[netty-common-4.1.82.Final.jar%2382!/:4.1.82.Final]
	at io.netty.util.internal.PlatformDependent.<clinit>(PlatformDependent.java:88) ~[netty-common-4.1.82.Final.jar%2382!/:4.1.82.Final]
	at io.netty.util.ConstantPool.<init>(ConstantPool.java:34) ~[netty-common-4.1.82.Final.jar%2382!/:4.1.82.Final]
	at io.netty.util.AttributeKey$1.<init>(AttributeKey.java:27) ~[netty-common-4.1.82.Final.jar%2382!/:4.1.82.Final]
	at io.netty.util.AttributeKey.<clinit>(AttributeKey.java:27) ~[netty-common-4.1.82.Final.jar%2382!/:4.1.82.Final]
	at net.minecraftforge.network.NetworkConstants.<clinit>(NetworkConstants.java:34) ~[forge-1.20.1-47.3.7-universal.jar%23152!/:?]
	at net.minecraftforge.common.ForgeMod.<init>(ForgeMod.java:429) ~[forge-1.20.1-47.3.7-universal.jar%23152!/:?]
	at jdk.internal.reflect.NativeConstructorAccessorImpl.newInstance0(Native Method) ~[?:?]
	at jdk.internal.reflect.NativeConstructorAccessorImpl.newInstance(NativeConstructorAccessorImpl.java:77) ~[?:?]
	at jdk.internal.reflect.DelegatingConstructorAccessorImpl.newInstance(DelegatingConstructorAccessorImpl.java:45) ~[?:?]
	at java.lang.reflect.Constructor.newInstanceWithCaller(Constructor.java:500) ~[?:?]
	at java.lang.reflect.Constructor.newInstance(Constructor.java:481) ~[?:?]
	at net.minecraftforge.fml.javafmlmod.FMLModContainer.constructMod(FMLModContainer.java:70) ~[javafmllanguage-1.20.1-47.3.7.jar%23149!/:?]
	at net.minecraftforge.fml.ModContainer.lambda$buildTransitionHandler$4(ModContainer.java:124) ~[fmlcore-1.20.1-47.3.7.jar%23148!/:?]
	at java.util.concurrent.CompletableFuture$AsyncRun.run(CompletableFuture.java:1804) ~[?:?]
	at java.util.concurrent.CompletableFuture$AsyncRun.exec(CompletableFuture.java:1796) ~[?:?]
	at java.util.concurrent.ForkJoinTask.doExec(ForkJoinTask.java:373) ~[?:?]
	at java.util.concurrent.ForkJoinPool$WorkQueue.topLevelExec(ForkJoinPool.java:1182) ~[?:?]
	at java.util.concurrent.ForkJoinPool.scan(ForkJoinPool.java:1655) ~[?:?]
	at java.util.concurrent.ForkJoinPool.runWorker(ForkJoinPool.java:1622) ~[?:?]
	at java.util.concurrent.ForkJoinWorkerThread.run(ForkJoinWorkerThread.java:165) ~[?:?]
[23Sep2025 03:59:56.605] [modloading-worker-0/DEBUG] [io.netty.util.internal.PlatformDependent0/]: java.nio.Bits.unaligned: available, true
[23Sep2025 03:59:56.608] [modloading-worker-0/DEBUG] [io.netty.util.internal.PlatformDependent0/]: jdk.internal.misc.Unsafe.allocateUninitializedArray(int): unavailable
java.lang.IllegalAccessException: class io.netty.util.internal.PlatformDependent0$7 (in module io.netty.common) cannot access class jdk.internal.misc.Unsafe (in module java.base) because module java.base does not export jdk.internal.misc to module io.netty.common
	at jdk.internal.reflect.Reflection.newIllegalAccessException(Reflection.java:392) ~[?:?]
	at java.lang.reflect.AccessibleObject.checkAccess(AccessibleObject.java:674) ~[?:?]
	at java.lang.reflect.Method.invoke(Method.java:561) ~[?:?]
	at io.netty.util.internal.PlatformDependent0$7.run(PlatformDependent0.java:410) ~[netty-common-4.1.82.Final.jar%2382!/:4.1.82.Final]
	at java.security.AccessController.doPrivileged(AccessController.java:318) ~[?:?]
	at io.netty.util.internal.PlatformDependent0.<clinit>(PlatformDependent0.java:401) ~[netty-common-4.1.82.Final.jar%2382!/:4.1.82.Final]
	at io.netty.util.internal.PlatformDependent.isAndroid(PlatformDependent.java:333) ~[netty-common-4.1.82.Final.jar%2382!/:4.1.82.Final]
	at io.netty.util.internal.PlatformDependent.<clinit>(PlatformDependent.java:88) ~[netty-common-4.1.82.Final.jar%2382!/:4.1.82.Final]
	at io.netty.util.ConstantPool.<init>(ConstantPool.java:34) ~[netty-common-4.1.82.Final.jar%2382!/:4.1.82.Final]
	at io.netty.util.AttributeKey$1.<init>(AttributeKey.java:27) ~[netty-common-4.1.82.Final.jar%2382!/:4.1.82.Final]
	at io.netty.util.AttributeKey.<clinit>(AttributeKey.java:27) ~[netty-common-4.1.82.Final.jar%2382!/:4.1.82.Final]
	at net.minecraftforge.network.NetworkConstants.<clinit>(NetworkConstants.java:34) ~[forge-1.20.1-47.3.7-universal.jar%23152!/:?]
	at net.minecraftforge.common.ForgeMod.<init>(ForgeMod.java:429) ~[forge-1.20.1-47.3.7-universal.jar%23152!/:?]
	at jdk.internal.reflect.NativeConstructorAccessorImpl.newInstance0(Native Method) ~[?:?]
	at jdk.internal.reflect.NativeConstructorAccessorImpl.newInstance(NativeConstructorAccessorImpl.java:77) ~[?:?]
	at jdk.internal.reflect.DelegatingConstructorAccessorImpl.newInstance(DelegatingConstructorAccessorImpl.java:45) ~[?:?]
	at java.lang.reflect.Constructor.newInstanceWithCaller(Constructor.java:500) ~[?:?]
	at java.lang.reflect.Constructor.newInstance(Constructor.java:481) ~[?:?]
	at net.minecraftforge.fml.javafmlmod.FMLModContainer.constructMod(FMLModContainer.java:70) ~[javafmllanguage-1.20.1-47.3.7.jar%23149!/:?]
	at net.minecraftforge.fml.ModContainer.lambda$buildTransitionHandler$4(ModContainer.java:124) ~[fmlcore-1.20.1-47.3.7.jar%23148!/:?]
	at java.util.concurrent.CompletableFuture$AsyncRun.run(CompletableFuture.java:1804) ~[?:?]
	at java.util.concurrent.CompletableFuture$AsyncRun.exec(CompletableFuture.java:1796) ~[?:?]
	at java.util.concurrent.ForkJoinTask.doExec(ForkJoinTask.java:373) ~[?:?]
	at java.util.concurrent.ForkJoinPool$WorkQueue.topLevelExec(ForkJoinPool.java:1182) ~[?:?]
	at java.util.concurrent.ForkJoinPool.scan(ForkJoinPool.java:1655) ~[?:?]
	at java.util.concurrent.ForkJoinPool.runWorker(ForkJoinPool.java:1622) ~[?:?]
	at java.util.concurrent.ForkJoinWorkerThread.run(ForkJoinWorkerThread.java:165) ~[?:?]
[23Sep2025 03:59:56.612] [modloading-worker-0/DEBUG] [io.netty.util.internal.PlatformDependent0/]: java.nio.DirectByteBuffer.<init>(long, int): unavailable
[23Sep2025 03:59:56.613] [modloading-worker-0/DEBUG] [io.netty.util.internal.PlatformDependent/]: sun.misc.Unsafe: available
[23Sep2025 03:59:56.613] [modloading-worker-0/DEBUG] [io.netty.util.internal.PlatformDependent/]: maxDirectMemory: 12884901888 bytes (maybe)
[23Sep2025 03:59:56.613] [modloading-worker-0/DEBUG] [io.netty.util.internal.PlatformDependent/]: -Dio.netty.tmpdir: /tmp (java.io.tmpdir)
[23Sep2025 03:59:56.613] [modloading-worker-0/DEBUG] [io.netty.util.internal.PlatformDependent/]: -Dio.netty.bitMode: 64 (sun.arch.data.model)
[23Sep2025 03:59:56.614] [modloading-worker-0/DEBUG] [io.netty.util.internal.PlatformDependent/]: -Dio.netty.maxDirectMemory: -1 bytes
[23Sep2025 03:59:56.614] [modloading-worker-0/DEBUG] [io.netty.util.internal.PlatformDependent/]: -Dio.netty.uninitializedArrayAllocationThreshold: -1
[23Sep2025 03:59:56.616] [modloading-worker-0/DEBUG] [io.netty.util.internal.CleanerJava9/]: java.nio.ByteBuffer.cleaner(): available
[23Sep2025 03:59:56.617] [modloading-worker-0/DEBUG] [io.netty.util.internal.PlatformDependent/]: -Dio.netty.noPreferDirect: false
[23Sep2025 03:59:56.675] [modloading-worker-0/DEBUG] [net.minecraftforge.common.ForgeMod/FORGEMOD]: Loading Network data for FML net version: FML3
[23Sep2025 03:59:56.697] [modloading-worker-0/DEBUG] [net.minecraftforge.fml.config.ConfigTracker/CONFIG]: Config file forge-client.toml for forge tracking
[23Sep2025 03:59:56.700] [modloading-worker-0/DEBUG] [net.minecraftforge.fml.config.ConfigTracker/CONFIG]: Config file forge-server.toml for forge tracking
[23Sep2025 03:59:56.700] [modloading-worker-0/DEBUG] [net.minecraftforge.fml.ModLoadingContext/]: Attempted to register an empty config for type COMMON on mod forge
[23Sep2025 03:59:56.727] [modloading-worker-0/DEBUG] [net.minecraftforge.fml.javafmlmod.AutomaticEventSubscriber/LOADING]: Attempting to inject @EventBusSubscriber classes into the eventbus for forge
[23Sep2025 03:59:56.727] [modloading-worker-0/DEBUG] [net.minecraftforge.fml.javafmlmod.AutomaticEventSubscriber/LOADING]: Auto-subscribing net.minecraftforge.common.ForgeSpawnEggItem$CommonHandler to MOD
[23Sep2025 03:59:56.744] [modloading-worker-0/DEBUG] [net.minecraftforge.fml.javafmlmod.AutomaticEventSubscriber/LOADING]: Attempting to inject @EventBusSubscriber classes into the eventbus for iceandfire
[23Sep2025 03:59:56.746] [modloading-worker-0/DEBUG] [net.minecraftforge.fml.javafmlmod.AutomaticEventSubscriber/LOADING]: Auto-subscribing com.github.alexthe666.iceandfire.recipe.IafRecipeRegistry to MOD
[23Sep2025 03:59:56.747] [modloading-worker-0/DEBUG] [net.minecraftforge.fml.javafmlmod.AutomaticEventSubscriber/LOADING]: Auto-subscribing com.github.alexthe666.iceandfire.misc.IafSoundRegistry to MOD
[23Sep2025 03:59:56.747] [modloading-worker-0/DEBUG] [net.minecraftforge.fml.javafmlmod.AutomaticEventSubscriber/LOADING]: Auto-subscribing com.github.alexthe666.iceandfire.misc.IafDamageRegistry to MOD
[23Sep2025 03:59:56.751] [modloading-worker-0/DEBUG] [net.minecraftforge.fml.javafmlmod.AutomaticEventSubscriber/LOADING]: Auto-subscribing com.github.alexthe666.iceandfire.item.IafItemRegistry to MOD
[23Sep2025 03:59:56.752] [modloading-worker-0/DEBUG] [net.minecraftforge.fml.javafmlmod.AutomaticEventSubscriber/LOADING]: Auto-subscribing com.github.alexthe666.iceandfire.event.ServerEvents to FORGE
[23Sep2025 03:59:56.757] [modloading-worker-0/DEBUG] [net.minecraftforge.fml.javafmlmod.AutomaticEventSubscriber/LOADING]: Attempting to inject @EventBusSubscriber classes into the eventbus for ingotcraft
[23Sep2025 03:59:56.765] [modloading-worker-0/DEBUG] [net.minecraftforge.fml.javafmlmod.AutomaticEventSubscriber/LOADING]: Auto-subscribing com.github.alexthe666.iceandfire.entity.props.CapabilityHandler to FORGE
[23Sep2025 03:59:56.771] [modloading-worker-0/DEBUG] [net.minecraftforge.fml.javafmlmod.AutomaticEventSubscriber/LOADING]: Auto-subscribing com.github.alexthe666.iceandfire.entity.IafVillagerRegistry to MOD
[23Sep2025 03:59:56.772] [modloading-worker-0/DEBUG] [net.minecraftforge.fml.javafmlmod.AutomaticEventSubscriber/LOADING]: Auto-subscribing com.github.alexthe666.iceandfire.entity.IafEntityRegistry to MOD
[23Sep2025 03:59:56.773] [modloading-worker-0/DEBUG] [net.minecraftforge.fml.javafmlmod.AutomaticEventSubscriber/LOADING]: Auto-subscribing com.github.alexthe666.iceandfire.datagen.DataGenerators to MOD
[23Sep2025 03:59:56.776] [modloading-worker-0/DEBUG] [mixin/]: Mixing TagsProviderForgeMixin from puzzleslib.forge.mixins.json into net.minecraft.data.tags.TagsProvider
[23Sep2025 03:59:56.788] [modloading-worker-0/DEBUG] [net.minecraftforge.fml.javafmlmod.AutomaticEventSubscriber/LOADING]: Auto-subscribing com.github.alexthe666.iceandfire.block.IafBlockRegistry to MOD
[23Sep2025 03:59:56.788] [modloading-worker-0/DEBUG] [net.minecraftforge.fml.javafmlmod.AutomaticEventSubscriber/LOADING]: Auto-subscribing com.github.alexthe666.iceandfire.IceAndFire to FORGE
[23Sep2025 03:59:56.789] [modloading-worker-0/DEBUG] [net.minecraftforge.fml.javafmlmod.AutomaticEventSubscriber/LOADING]: Auto-subscribing com.github.alexthe666.iceandfire.CommonProxy to MOD
[23Sep2025 03:59:56.853] [modloading-worker-0/DEBUG] [net.minecraftforge.fml.javafmlmod.AutomaticEventSubscriber/LOADING]: Attempting to inject @EventBusSubscriber classes into the eventbus for superbwarfare
[23Sep2025 03:59:56.853] [modloading-worker-0/DEBUG] [net.minecraftforge.fml.javafmlmod.AutomaticEventSubscriber/LOADING]: Auto-subscribing com.atsuishio.superbwarfare.tools.GunsTool to FORGE
[23Sep2025 03:59:56.855] [modloading-worker-0/DEBUG] [net.minecraftforge.fml.javafmlmod.AutomaticEventSubscriber/LOADING]: Auto-subscribing com.atsuishio.superbwarfare.recipe.ModPotionRecipes to MOD
[23Sep2025 03:59:56.856] [modloading-worker-0/DEBUG] [net.minecraftforge.fml.javafmlmod.AutomaticEventSubscriber/LOADING]: Auto-subscribing com.atsuishio.superbwarfare.procedures.WelcomeProcedure to MOD
[23Sep2025 03:59:56.857] [modloading-worker-0/DEBUG] [net.minecraftforge.fml.javafmlmod.AutomaticEventSubscriber/LOADING]: Auto-subscribing com.atsuishio.superbwarfare.perk.functional.PowerfulAttraction to FORGE
[23Sep2025 03:59:56.862] [modloading-worker-0/DEBUG] [net.minecraftforge.fml.javafmlmod.AutomaticEventSubscriber/LOADING]: Auto-subscribing com.atsuishio.superbwarfare.mobeffect.StrikeProtectionEffect to FORGE
[23Sep2025 03:59:56.865] [modloading-worker-0/DEBUG] [net.minecraftforge.fml.javafmlmod.AutomaticEventSubscriber/LOADING]: Auto-subscribing com.atsuishio.superbwarfare.mobeffect.ShockMobEffect to FORGE
[23Sep2025 03:59:56.870] [modloading-worker-0/DEBUG] [net.minecraftforge.fml.javafmlmod.AutomaticEventSubscriber/LOADING]: Auto-subscribing com.atsuishio.superbwarfare.mobeffect.BurnMobEffect to FORGE
[23Sep2025 03:59:56.875] [modloading-worker-0/DEBUG] [net.minecraftforge.fml.javafmlmod.AutomaticEventSubscriber/LOADING]: Auto-subscribing com.atsuishio.superbwarfare.menu.FuMO25Menu to FORGE
[23Sep2025 03:59:56.888] [modloading-worker-0/DEBUG] [net.minecraftforge.fml.javafmlmod.AutomaticEventSubscriber/LOADING]: Auto-subscribing com.atsuishio.superbwarfare.menu.EnergyMenu to FORGE
[23Sep2025 03:59:56.891] [modloading-worker-0/DEBUG] [net.minecraftforge.fml.javafmlmod.AutomaticEventSubscriber/LOADING]: Auto-subscribing com.atsuishio.superbwarfare.item.gun.GunItem to FORGE
[23Sep2025 03:59:56.897] [modloading-worker-0/DEBUG] [net.minecraftforge.fml.javafmlmod.AutomaticEventSubscriber/LOADING]: Auto-subscribing com.atsuishio.superbwarfare.item.common.container.ContainerBlockItem to MOD
[23Sep2025 03:59:56.899] [modloading-worker-0/DEBUG] [net.minecraftforge.fml.javafmlmod.AutomaticEventSubscriber/LOADING]: Auto-subscribing com.atsuishio.superbwarfare.item.Hammer to FORGE
[23Sep2025 03:59:56.900] [modloading-worker-0/DEBUG] [net.minecraftforge.fml.javafmlmod.AutomaticEventSubscriber/LOADING]: Auto-subscribing com.atsuishio.superbwarfare.init.ModVillagers to FORGE
[23Sep2025 03:59:56.902] [modloading-worker-0/DEBUG] [net.minecraftforge.fml.javafmlmod.AutomaticEventSubscriber/LOADING]: Auto-subscribing com.atsuishio.superbwarfare.init.ModTabs to MOD
[23Sep2025 03:59:56.902] [modloading-worker-0/DEBUG] [net.minecraftforge.fml.javafmlmod.AutomaticEventSubscriber/LOADING]: Auto-subscribing com.atsuishio.superbwarfare.init.ModPerks to MOD
[23Sep2025 03:59:56.903] [modloading-worker-0/DEBUG] [net.minecraftforge.fml.javafmlmod.AutomaticEventSubscriber/LOADING]: Auto-subscribing com.atsuishio.superbwarfare.init.ModLootModifier to MOD
[23Sep2025 03:59:56.905] [modloading-worker-0/DEBUG] [net.minecraftforge.fml.javafmlmod.AutomaticEventSubscriber/LOADING]: Auto-subscribing com.atsuishio.superbwarfare.init.ModEntities to MOD
[23Sep2025 03:59:56.908] [modloading-worker-0/DEBUG] [net.minecraftforge.fml.javafmlmod.AutomaticEventSubscriber/LOADING]: Auto-subscribing com.atsuishio.superbwarfare.init.ModAttributes to MOD
[23Sep2025 03:59:56.911] [modloading-worker-0/DEBUG] [net.minecraftforge.fml.javafmlmod.AutomaticEventSubscriber/LOADING]: Auto-subscribing com.atsuishio.superbwarfare.event.ReloadEventHandler to FORGE
[23Sep2025 03:59:56.916] [modloading-worker-0/DEBUG] [net.minecraftforge.fml.javafmlmod.AutomaticEventSubscriber/LOADING]: Auto-subscribing com.atsuishio.superbwarfare.event.PlayerEventHandler to FORGE
[23Sep2025 03:59:56.921] [modloading-worker-0/DEBUG] [net.minecraftforge.fml.javafmlmod.AutomaticEventSubscriber/LOADING]: Auto-subscribing com.atsuishio.superbwarfare.event.LivingEventHandler to FORGE
[23Sep2025 03:59:56.932] [modloading-worker-0/DEBUG] [net.minecraftforge.fml.javafmlmod.AutomaticEventSubscriber/LOADING]: Auto-subscribing com.atsuishio.superbwarfare.event.HitboxHelperEvent to FORGE
[23Sep2025 03:59:56.936] [modloading-worker-0/DEBUG] [net.minecraftforge.fml.javafmlmod.AutomaticEventSubscriber/LOADING]: Auto-subscribing com.atsuishio.superbwarfare.event.GunEventHandler to FORGE
[23Sep2025 03:59:56.941] [modloading-worker-0/DEBUG] [net.minecraftforge.fml.javafmlmod.AutomaticEventSubscriber/LOADING]: Auto-subscribing com.atsuishio.superbwarfare.event.EntityUseGun to FORGE
[23Sep2025 03:59:56.943] [modloading-worker-0/DEBUG] [net.minecraftforge.fml.javafmlmod.AutomaticEventSubscriber/LOADING]: Auto-subscribing com.atsuishio.superbwarfare.entity.TargetEntity to FORGE
[23Sep2025 03:59:56.975] [modloading-worker-0/DEBUG] [mixin/]: Mixing DamageSourcesMixin from tombstone.mixins.json into net.minecraft.world.damagesource.DamageSources
[23Sep2025 03:59:57.009] [modloading-worker-0/DEBUG] [net.minecraftforge.fml.javafmlmod.AutomaticEventSubscriber/LOADING]: Auto-subscribing com.atsuishio.superbwarfare.entity.SenpaiEntity to FORGE
[23Sep2025 03:59:57.015] [modloading-worker-0/DEBUG] [net.minecraftforge.fml.javafmlmod.AutomaticEventSubscriber/LOADING]: Auto-subscribing com.atsuishio.superbwarfare.entity.DPSGeneratorEntity to FORGE
[23Sep2025 03:59:57.017] [modloading-worker-0/DEBUG] [net.minecraftforge.fml.javafmlmod.AutomaticEventSubscriber/LOADING]: Auto-subscribing com.atsuishio.superbwarfare.datagen.DataGenerators to MOD
[23Sep2025 03:59:57.021] [modloading-worker-0/DEBUG] [net.minecraftforge.fml.javafmlmod.AutomaticEventSubscriber/LOADING]: Auto-subscribing com.atsuishio.superbwarfare.data.vehicle.VehicleDataTool to FORGE
[23Sep2025 03:59:57.024] [modloading-worker-0/DEBUG] [net.minecraftforge.fml.javafmlmod.AutomaticEventSubscriber/LOADING]: Auto-subscribing com.atsuishio.superbwarfare.data.container.ContainerDataManager to FORGE
[23Sep2025 03:59:57.028] [modloading-worker-0/DEBUG] [net.minecraftforge.fml.javafmlmod.AutomaticEventSubscriber/LOADING]: Auto-subscribing com.atsuishio.superbwarfare.data.DataLoader to FORGE
[23Sep2025 03:59:57.031] [modloading-worker-0/DEBUG] [net.minecraftforge.fml.javafmlmod.AutomaticEventSubscriber/LOADING]: Auto-subscribing com.atsuishio.superbwarfare.compat.CompatHolder to MOD
[23Sep2025 03:59:57.035] [modloading-worker-0/DEBUG] [net.minecraftforge.fml.javafmlmod.AutomaticEventSubscriber/LOADING]: Auto-subscribing com.atsuishio.superbwarfare.command.CommandRegister to FORGE
[23Sep2025 03:59:57.040] [modloading-worker-0/DEBUG] [net.minecraftforge.fml.javafmlmod.AutomaticEventSubscriber/LOADING]: Auto-subscribing com.atsuishio.superbwarfare.capability.CapabilityHandler to FORGE
[23Sep2025 03:59:57.042] [modloading-worker-0/DEBUG] [net.minecraftforge.fml.javafmlmod.AutomaticEventSubscriber/LOADING]: Auto-subscribing com.atsuishio.superbwarfare.advancement.CriteriaRegister to MOD
[23Sep2025 03:59:57.640] [modloading-worker-0/DEBUG] [net.minecraftforge.fml.javafmlmod.AutomaticEventSubscriber/LOADING]: Attempting to inject @EventBusSubscriber classes into the eventbus for butcher
[23Sep2025 03:59:57.641] [modloading-worker-0/DEBUG] [net.minecraftforge.fml.javafmlmod.AutomaticEventSubscriber/LOADING]: Auto-subscribing net.mcreator.butcher.world.features.StructureFeature to FORGE
[23Sep2025 03:59:57.642] [modloading-worker-0/DEBUG] [net.minecraftforge.fml.javafmlmod.AutomaticEventSubscriber/LOADING]: Auto-subscribing net.mcreator.butcher.recipes.brewing.SulfarcraftingBrewingRecipe to MOD
[23Sep2025 03:59:57.643] [modloading-worker-0/DEBUG] [net.minecraftforge.fml.javafmlmod.AutomaticEventSubscriber/LOADING]: Auto-subscribing net.mcreator.butcher.recipes.brewing.MagicWishboneRecipeBrewingRecipe to MOD
[23Sep2025 03:59:57.644] [modloading-worker-0/DEBUG] [net.minecraftforge.fml.javafmlmod.AutomaticEventSubscriber/LOADING]: Auto-subscribing net.mcreator.butcher.recipes.brewing.LuckpotionBrewingRecipe to MOD
[23Sep2025 03:59:57.644] [modloading-worker-0/DEBUG] [net.minecraftforge.fml.javafmlmod.AutomaticEventSubscriber/LOADING]: Auto-subscribing net.mcreator.butcher.recipes.brewing.InfectedbloodrecipeBrewingRecipe to MOD
[23Sep2025 03:59:57.645] [modloading-worker-0/DEBUG] [net.minecraftforge.fml.javafmlmod.AutomaticEventSubscriber/LOADING]: Auto-subscribing net.mcreator.butcher.procedures.ZombifiedpiglindropProcedure to FORGE
[23Sep2025 03:59:57.647] [modloading-worker-0/DEBUG] [net.minecraftforge.fml.javafmlmod.AutomaticEventSubscriber/LOADING]: Auto-subscribing net.mcreator.butcher.procedures.ZombievillagerpickupcarcassProcedure to FORGE
[23Sep2025 03:59:57.648] [modloading-worker-0/DEBUG] [net.minecraftforge.fml.javafmlmod.AutomaticEventSubscriber/LOADING]: Auto-subscribing net.mcreator.butcher.procedures.ZombievillagercutupProcedure to FORGE
[23Sep2025 03:59:57.651] [modloading-worker-0/DEBUG] [net.minecraftforge.fml.javafmlmod.AutomaticEventSubscriber/LOADING]: Auto-subscribing net.mcreator.butcher.procedures.ZombievillagerblockbreakProcedure to FORGE
[23Sep2025 03:59:57.653] [modloading-worker-0/DEBUG] [net.minecraftforge.fml.javafmlmod.AutomaticEventSubscriber/LOADING]: Auto-subscribing net.mcreator.butcher.procedures.ZombievillagerDropProcedure to FORGE
[23Sep2025 03:59:57.655] [modloading-worker-0/DEBUG] [net.minecraftforge.fml.javafmlmod.AutomaticEventSubscriber/LOADING]: Auto-subscribing net.mcreator.butcher.procedures.ZombietableacidProcedure to FORGE
[23Sep2025 03:59:57.656] [modloading-worker-0/DEBUG] [net.minecraftforge.fml.javafmlmod.AutomaticEventSubscriber/LOADING]: Auto-subscribing net.mcreator.butcher.procedures.ZombiepiglinpickupProcedure to FORGE
[23Sep2025 03:59:57.658] [modloading-worker-0/DEBUG] [net.minecraftforge.fml.javafmlmod.AutomaticEventSubscriber/LOADING]: Auto-subscribing net.mcreator.butcher.procedures.ZombiepiglincutupProcedure to FORGE
[23Sep2025 03:59:57.659] [modloading-worker-0/DEBUG] [net.minecraftforge.fml.javafmlmod.AutomaticEventSubscriber/LOADING]: Auto-subscribing net.mcreator.butcher.procedures.ZombiepickupcorpseProcedure to FORGE
[23Sep2025 03:59:57.660] [modloading-worker-0/DEBUG] [net.minecraftforge.fml.javafmlmod.AutomaticEventSubscriber/LOADING]: Auto-subscribing net.mcreator.butcher.procedures.ZombiehangingcutupProcedure to FORGE
[23Sep2025 03:59:57.662] [modloading-worker-0/DEBUG] [net.minecraftforge.fml.javafmlmod.AutomaticEventSubscriber/LOADING]: Auto-subscribing net.mcreator.butcher.procedures.ZombiedropProcedure to FORGE
[23Sep2025 03:59:57.664] [modloading-worker-0/DEBUG] [net.minecraftforge.fml.javafmlmod.AutomaticEventSubscriber/LOADING]: Auto-subscribing net.mcreator.butcher.procedures.ZombiecutupProcedure to FORGE
[23Sep2025 03:59:57.665] [modloading-worker-0/DEBUG] [net.minecraftforge.fml.javafmlmod.AutomaticEventSubscriber/LOADING]: Auto-subscribing net.mcreator.butcher.procedures.ZombieacidProcedure to FORGE
[23Sep2025 03:59:57.667] [modloading-worker-0/DEBUG] [net.minecraftforge.fml.javafmlmod.AutomaticEventSubscriber/LOADING]: Auto-subscribing net.mcreator.butcher.procedures.ZoglinpickupcarcassProcedure to FORGE
[23Sep2025 03:59:57.668] [modloading-worker-0/DEBUG] [net.minecraftforge.fml.javafmlmod.AutomaticEventSubscriber/LOADING]: Auto-subscribing net.mcreator.butcher.procedures.ZoglindropProcedure to FORGE
[23Sep2025 03:59:57.670] [modloading-worker-0/DEBUG] [net.minecraftforge.fml.javafmlmod.AutomaticEventSubscriber/LOADING]: Auto-subscribing net.mcreator.butcher.procedures.ZoglincutupProcedure to FORGE
[23Sep2025 03:59:57.674] [modloading-worker-0/DEBUG] [net.minecraftforge.fml.javafmlmod.AutomaticEventSubscriber/LOADING]: Auto-subscribing net.mcreator.butcher.procedures.ZoglinblockbreakProcedure to FORGE
[23Sep2025 03:59:57.675] [modloading-worker-0/DEBUG] [net.minecraftforge.fml.javafmlmod.AutomaticEventSubscriber/LOADING]: Auto-subscribing net.mcreator.butcher.procedures.WroughtchainhookplacementProcedure to FORGE
[23Sep2025 03:59:57.676] [modloading-worker-0/DEBUG] [net.minecraftforge.fml.javafmlmod.AutomaticEventSubscriber/LOADING]: Auto-subscribing net.mcreator.butcher.procedures.WolfpickupcorpseProcedure to FORGE
[23Sep2025 03:59:57.677] [modloading-worker-0/DEBUG] [net.minecraftforge.fml.javafmlmod.AutomaticEventSubscriber/LOADING]: Auto-subscribing net.mcreator.butcher.procedures.WolfdropProcedure to FORGE
[23Sep2025 03:59:57.678] [modloading-worker-0/DEBUG] [net.minecraftforge.fml.javafmlmod.AutomaticEventSubscriber/LOADING]: Auto-subscribing net.mcreator.butcher.procedures.WolfcutupProcedure to FORGE
[23Sep2025 03:59:57.680] [modloading-worker-0/DEBUG] [net.minecraftforge.fml.javafmlmod.AutomaticEventSubscriber/LOADING]: Auto-subscribing net.mcreator.butcher.procedures.WolfacidtableProcedure to FORGE
[23Sep2025 03:59:57.682] [modloading-worker-0/DEBUG] [net.minecraftforge.fml.javafmlmod.AutomaticEventSubscriber/LOADING]: Auto-subscribing net.mcreator.butcher.procedures.WolfacidProcedure to FORGE
[23Sep2025 03:59:57.683] [modloading-worker-0/DEBUG] [net.minecraftforge.fml.javafmlmod.AutomaticEventSubscriber/LOADING]: Auto-subscribing net.mcreator.butcher.procedures.WithpickupcorpseProcedure to FORGE
[23Sep2025 03:59:57.684] [modloading-worker-0/DEBUG] [net.minecraftforge.fml.javafmlmod.AutomaticEventSubscriber/LOADING]: Auto-subscribing net.mcreator.butcher.procedures.WitherskeletonpickupcorpseProcedure to FORGE
[23Sep2025 03:59:57.686] [modloading-worker-0/DEBUG] [net.minecraftforge.fml.javafmlmod.AutomaticEventSubscriber/LOADING]: Auto-subscribing net.mcreator.butcher.procedures.WitherskeletonhangingcutupProcedure to FORGE
[23Sep2025 03:59:57.687] [modloading-worker-0/DEBUG] [net.minecraftforge.fml.javafmlmod.AutomaticEventSubscriber/LOADING]: Auto-subscribing net.mcreator.butcher.procedures.WitherskeletondropProcedure to FORGE
[23Sep2025 03:59:57.689] [modloading-worker-0/DEBUG] [net.minecraftforge.fml.javafmlmod.AutomaticEventSubscriber/LOADING]: Auto-subscribing net.mcreator.butcher.procedures.WitherskeletoncutupProcedure to FORGE
[23Sep2025 03:59:57.690] [modloading-worker-0/DEBUG] [net.minecraftforge.fml.javafmlmod.AutomaticEventSubscriber/LOADING]: Auto-subscribing net.mcreator.butcher.procedures.WitherrightclickProcedure to FORGE
[23Sep2025 03:59:57.692] [modloading-worker-0/DEBUG] [net.minecraftforge.fml.javafmlmod.AutomaticEventSubscriber/LOADING]: Auto-subscribing net.mcreator.butcher.procedures.WitheredhearttooltipProcedure to FORGE
[23Sep2025 03:59:57.693] [modloading-worker-0/DEBUG] [net.minecraftforge.fml.javafmlmod.AutomaticEventSubscriber/LOADING]: Auto-subscribing net.mcreator.butcher.procedures.WitherDropProcedure to FORGE
[23Sep2025 03:59:57.694] [modloading-worker-0/DEBUG] [net.minecraftforge.fml.javafmlmod.AutomaticEventSubscriber/LOADING]: Auto-subscribing net.mcreator.butcher.procedures.WitchtableacidProcedure to FORGE
[23Sep2025 03:59:57.696] [modloading-worker-0/DEBUG] [net.minecraftforge.fml.javafmlmod.AutomaticEventSubscriber/LOADING]: Auto-subscribing net.mcreator.butcher.procedures.WitchhangcutupProcedure to FORGE
[23Sep2025 03:59:57.698] [modloading-worker-0/DEBUG] [net.minecraftforge.fml.javafmlmod.AutomaticEventSubscriber/LOADING]: Auto-subscribing net.mcreator.butcher.procedures.WitchdropProcedure to FORGE
[23Sep2025 03:59:57.699] [modloading-worker-0/DEBUG] [net.minecraftforge.fml.javafmlmod.AutomaticEventSubscriber/LOADING]: Auto-subscribing net.mcreator.butcher.procedures.WitchcutupProcedure to FORGE
[23Sep2025 03:59:57.702] [modloading-worker-0/DEBUG] [net.minecraftforge.fml.javafmlmod.AutomaticEventSubscriber/LOADING]: Auto-subscribing net.mcreator.butcher.procedures.WitchacidProcedure to FORGE
[23Sep2025 03:59:57.703] [modloading-worker-0/DEBUG] [net.minecraftforge.fml.javafmlmod.AutomaticEventSubscriber/LOADING]: Auto-subscribing net.mcreator.butcher.procedures.WishbonebreakProcedure to FORGE
[23Sep2025 03:59:57.704] [modloading-worker-0/DEBUG] [net.minecraftforge.fml.javafmlmod.AutomaticEventSubscriber/LOADING]: Auto-subscribing net.mcreator.butcher.procedures.WildaxolotlblockbreakProcedure to FORGE
[23Sep2025 03:59:57.705] [modloading-worker-0/DEBUG] [net.minecraftforge.fml.javafmlmod.AutomaticEventSubscriber/LOADING]: Auto-subscribing net.mcreator.butcher.procedures.WettingSkinRagProcedure to FORGE
[23Sep2025 03:59:57.707] [modloading-worker-0/DEBUG] [net.minecraftforge.fml.javafmlmod.AutomaticEventSubscriber/LOADING]: Auto-subscribing net.mcreator.butcher.procedures.WettingSkinProcedure to FORGE
[23Sep2025 03:59:57.708] [modloading-worker-0/DEBUG] [net.minecraftforge.fml.javafmlmod.AutomaticEventSubscriber/LOADING]: Auto-subscribing net.mcreator.butcher.procedures.WetragfromcauldronProcedure to FORGE
[23Sep2025 03:59:57.709] [modloading-worker-0/DEBUG] [net.minecraftforge.fml.javafmlmod.AutomaticEventSubscriber/LOADING]: Auto-subscribing net.mcreator.butcher.procedures.WetSpongeFromBlockProcedure to FORGE
[23Sep2025 03:59:57.711] [modloading-worker-0/DEBUG] [net.minecraftforge.fml.javafmlmod.AutomaticEventSubscriber/LOADING]: Auto-subscribing net.mcreator.butcher.procedures.WetSkinFirstProcedure to FORGE
[23Sep2025 03:59:57.713] [modloading-worker-0/DEBUG] [net.minecraftforge.fml.javafmlmod.AutomaticEventSubscriber/LOADING]: Auto-subscribing net.mcreator.butcher.procedures.WetRagFromBlockProcedure to FORGE
[23Sep2025 03:59:57.714] [modloading-worker-0/DEBUG] [net.minecraftforge.fml.javafmlmod.AutomaticEventSubscriber/LOADING]: Auto-subscribing net.mcreator.butcher.procedures.VillagerTableAcidProcedure to FORGE
[23Sep2025 03:59:57.715] [modloading-worker-0/DEBUG] [net.minecraftforge.fml.javafmlmod.AutomaticEventSubscriber/LOADING]: Auto-subscribing net.mcreator.butcher.procedures.VillagerProcedure to FORGE
[23Sep2025 03:59:57.717] [modloading-worker-0/DEBUG] [net.minecraftforge.fml.javafmlmod.AutomaticEventSubscriber/LOADING]: Auto-subscribing net.mcreator.butcher.procedures.VillagerPickupCorpseProcedure to FORGE
[23Sep2025 03:59:57.718] [modloading-worker-0/DEBUG] [net.minecraftforge.fml.javafmlmod.AutomaticEventSubscriber/LOADING]: Auto-subscribing net.mcreator.butcher.procedures.VillagerHeadCutUpProcedure to FORGE
[23Sep2025 03:59:57.720] [modloading-worker-0/DEBUG] [net.minecraftforge.fml.javafmlmod.AutomaticEventSubscriber/LOADING]: Auto-subscribing net.mcreator.butcher.procedures.VillagerHangingCutUpProcedure to FORGE
[23Sep2025 03:59:57.722] [modloading-worker-0/DEBUG] [net.minecraftforge.fml.javafmlmod.AutomaticEventSubscriber/LOADING]: Auto-subscribing net.mcreator.butcher.procedures.VillagerCutUpProcedure to FORGE
[23Sep2025 03:59:57.724] [modloading-worker-0/DEBUG] [net.minecraftforge.fml.javafmlmod.AutomaticEventSubscriber/LOADING]: Auto-subscribing net.mcreator.butcher.procedures.VillagerAcidProcedure to FORGE
[23Sep2025 03:59:57.725] [modloading-worker-0/DEBUG] [net.minecraftforge.fml.javafmlmod.AutomaticEventSubscriber/LOADING]: Auto-subscribing net.mcreator.butcher.procedures.TurtleProcedure to FORGE
[23Sep2025 03:59:57.728] [modloading-worker-0/DEBUG] [net.minecraftforge.fml.javafmlmod.AutomaticEventSubscriber/LOADING]: Auto-subscribing net.mcreator.butcher.procedures.TurtlePickupProcedure to FORGE
[23Sep2025 03:59:57.729] [modloading-worker-0/DEBUG] [net.minecraftforge.fml.javafmlmod.AutomaticEventSubscriber/LOADING]: Auto-subscribing net.mcreator.butcher.procedures.TurtleCutUpProcedure to FORGE
[23Sep2025 03:59:57.731] [modloading-worker-0/DEBUG] [net.minecraftforge.fml.javafmlmod.AutomaticEventSubscriber/LOADING]: Auto-subscribing net.mcreator.butcher.procedures.TbonepickupProcedure to FORGE
[23Sep2025 03:59:57.732] [modloading-worker-0/DEBUG] [net.minecraftforge.fml.javafmlmod.AutomaticEventSubscriber/LOADING]: Auto-subscribing net.mcreator.butcher.procedures.TFCtooltipsProcedure to FORGE
[23Sep2025 03:59:57.733] [modloading-worker-0/DEBUG] [net.minecraftforge.fml.javafmlmod.AutomaticEventSubscriber/LOADING]: Auto-subscribing net.mcreator.butcher.procedures.StriderpickupcarcassProcedure to FORGE
[23Sep2025 03:59:57.735] [modloading-worker-0/DEBUG] [net.minecraftforge.fml.javafmlmod.AutomaticEventSubscriber/LOADING]: Auto-subscribing net.mcreator.butcher.procedures.StriderdropProcedure to FORGE
[23Sep2025 03:59:57.736] [modloading-worker-0/DEBUG] [net.minecraftforge.fml.javafmlmod.AutomaticEventSubscriber/LOADING]: Auto-subscribing net.mcreator.butcher.procedures.StridercutupProcedure to FORGE
[23Sep2025 03:59:57.739] [modloading-worker-0/DEBUG] [net.minecraftforge.fml.javafmlmod.AutomaticEventSubscriber/LOADING]: Auto-subscribing net.mcreator.butcher.procedures.StriderblockbreakProcedure to FORGE
[23Sep2025 03:59:57.740] [modloading-worker-0/DEBUG] [net.minecraftforge.fml.javafmlmod.AutomaticEventSubscriber/LOADING]: Auto-subscribing net.mcreator.butcher.procedures.StraypickupcarcassProcedure to FORGE
[23Sep2025 03:59:57.742] [modloading-worker-0/DEBUG] [net.minecraftforge.fml.javafmlmod.AutomaticEventSubscriber/LOADING]: Auto-subscribing net.mcreator.butcher.procedures.StraycutupProcedure to FORGE
[23Sep2025 03:59:57.744] [modloading-worker-0/DEBUG] [net.minecraftforge.fml.javafmlmod.AutomaticEventSubscriber/LOADING]: Auto-subscribing net.mcreator.butcher.procedures.StrayblockbreakProcedure to FORGE
[23Sep2025 03:59:57.745] [modloading-worker-0/DEBUG] [net.minecraftforge.fml.javafmlmod.AutomaticEventSubscriber/LOADING]: Auto-subscribing net.mcreator.butcher.procedures.SteelchainhookplacementProcedure to FORGE
[23Sep2025 03:59:57.747] [modloading-worker-0/DEBUG] [net.minecraftforge.fml.javafmlmod.AutomaticEventSubscriber/LOADING]: Auto-subscribing net.mcreator.butcher.procedures.SquidTableCutUpProcedure to FORGE
[23Sep2025 03:59:57.751] [modloading-worker-0/DEBUG] [net.minecraftforge.fml.javafmlmod.AutomaticEventSubscriber/LOADING]: Auto-subscribing net.mcreator.butcher.procedures.SquidProcedure to FORGE
[23Sep2025 03:59:57.753] [modloading-worker-0/DEBUG] [net.minecraftforge.fml.javafmlmod.AutomaticEventSubscriber/LOADING]: Auto-subscribing net.mcreator.butcher.procedures.SquidPlaceOnTableProcedure to FORGE
[23Sep2025 03:59:57.754] [modloading-worker-0/DEBUG] [net.minecraftforge.fml.javafmlmod.AutomaticEventSubscriber/LOADING]: Auto-subscribing net.mcreator.butcher.procedures.SquidPickupCorpseProcedure to FORGE
[23Sep2025 03:59:57.755] [modloading-worker-0/DEBUG] [net.minecraftforge.fml.javafmlmod.AutomaticEventSubscriber/LOADING]: Auto-subscribing net.mcreator.butcher.procedures.SquidCutUpProcedure to FORGE
[23Sep2025 03:59:57.758] [modloading-worker-0/DEBUG] [net.minecraftforge.fml.javafmlmod.AutomaticEventSubscriber/LOADING]: Auto-subscribing net.mcreator.butcher.procedures.SquidAcidProcedure to FORGE
[23Sep2025 03:59:57.759] [modloading-worker-0/DEBUG] [net.minecraftforge.fml.javafmlmod.AutomaticEventSubscriber/LOADING]: Auto-subscribing net.mcreator.butcher.procedures.SpongeRightClickProcedure to FORGE
[23Sep2025 03:59:57.760] [modloading-worker-0/DEBUG] [net.minecraftforge.fml.javafmlmod.AutomaticEventSubscriber/LOADING]: Auto-subscribing net.mcreator.butcher.procedures.SplittingpigProcedure to FORGE
[23Sep2025 03:59:57.762] [modloading-worker-0/DEBUG] [net.minecraftforge.fml.javafmlmod.AutomaticEventSubscriber/LOADING]: Auto-subscribing net.mcreator.butcher.procedures.SpitroastspinProcedure to FORGE
[23Sep2025 03:59:57.763] [modloading-worker-0/DEBUG] [net.minecraftforge.fml.javafmlmod.AutomaticEventSubscriber/LOADING]: Auto-subscribing net.mcreator.butcher.procedures.SpiderdropProcedure to FORGE
[23Sep2025 03:59:57.765] [modloading-worker-0/DEBUG] [net.minecraftforge.fml.javafmlmod.AutomaticEventSubscriber/LOADING]: Auto-subscribing net.mcreator.butcher.procedures.SpidercutupProcedure to FORGE
[23Sep2025 03:59:57.767] [modloading-worker-0/DEBUG] [net.minecraftforge.fml.javafmlmod.AutomaticEventSubscriber/LOADING]: Auto-subscribing net.mcreator.butcher.procedures.SortinghatcreationProcedure to FORGE
[23Sep2025 03:59:57.768] [modloading-worker-0/DEBUG] [net.minecraftforge.fml.javafmlmod.AutomaticEventSubscriber/LOADING]: Auto-subscribing net.mcreator.butcher.procedures.SortinghadrecipeProcedure to FORGE
[23Sep2025 03:59:57.769] [modloading-worker-0/DEBUG] [net.minecraftforge.fml.javafmlmod.AutomaticEventSubscriber/LOADING]: Auto-subscribing net.mcreator.butcher.procedures.SnowyfoxtableacidProcedure to FORGE
[23Sep2025 03:59:57.771] [modloading-worker-0/DEBUG] [net.minecraftforge.fml.javafmlmod.AutomaticEventSubscriber/LOADING]: Auto-subscribing net.mcreator.butcher.procedures.SnowyfoxacidProcedure to FORGE
[23Sep2025 03:59:57.772] [modloading-worker-0/DEBUG] [net.minecraftforge.fml.javafmlmod.AutomaticEventSubscriber/LOADING]: Auto-subscribing net.mcreator.butcher.procedures.SniffershearProcedure to FORGE
[23Sep2025 03:59:57.774] [modloading-worker-0/DEBUG] [net.minecraftforge.fml.javafmlmod.AutomaticEventSubscriber/LOADING]: Auto-subscribing net.mcreator.butcher.procedures.SnifferpickupcarcassProcedure to FORGE
[23Sep2025 03:59:57.775] [modloading-worker-0/DEBUG] [net.minecraftforge.fml.javafmlmod.AutomaticEventSubscriber/LOADING]: Auto-subscribing net.mcreator.butcher.procedures.SnifferdropProcedure to FORGE
[23Sep2025 03:59:57.776] [modloading-worker-0/DEBUG] [net.minecraftforge.fml.javafmlmod.AutomaticEventSubscriber/LOADING]: Auto-subscribing net.mcreator.butcher.procedures.SniffercutupProcedure to FORGE
[23Sep2025 03:59:57.780] [modloading-worker-0/DEBUG] [net.minecraftforge.fml.javafmlmod.AutomaticEventSubscriber/LOADING]: Auto-subscribing net.mcreator.butcher.procedures.SnifferblockbreakProcedure to FORGE
[23Sep2025 03:59:57.782] [modloading-worker-0/DEBUG] [net.minecraftforge.fml.javafmlmod.AutomaticEventSubscriber/LOADING]: Auto-subscribing net.mcreator.butcher.procedures.SlimedropProcedure to FORGE
[23Sep2025 03:59:57.784] [modloading-worker-0/DEBUG] [net.minecraftforge.fml.javafmlmod.AutomaticEventSubscriber/LOADING]: Auto-subscribing net.mcreator.butcher.procedures.SlimecutupProcedure to FORGE
[23Sep2025 03:59:57.786] [modloading-worker-0/DEBUG] [net.minecraftforge.fml.javafmlmod.AutomaticEventSubscriber/LOADING]: Auto-subscribing net.mcreator.butcher.procedures.SkintablesnowfoxProcedure to FORGE
[23Sep2025 03:59:57.787] [modloading-worker-0/DEBUG] [net.minecraftforge.fml.javafmlmod.AutomaticEventSubscriber/LOADING]: Auto-subscribing net.mcreator.butcher.procedures.SkinpandaProcedure to FORGE
[23Sep2025 03:59:57.789] [modloading-worker-0/DEBUG] [net.minecraftforge.fml.javafmlmod.AutomaticEventSubscriber/LOADING]: Auto-subscribing net.mcreator.butcher.procedures.SkinnedpigcutupProcedure to FORGE
[23Sep2025 03:59:57.791] [modloading-worker-0/DEBUG] [net.minecraftforge.fml.javafmlmod.AutomaticEventSubscriber/LOADING]: Auto-subscribing net.mcreator.butcher.procedures.SkinnedblooddrippingProcedure to FORGE
[23Sep2025 03:59:57.792] [modloading-worker-0/DEBUG] [net.minecraftforge.fml.javafmlmod.AutomaticEventSubscriber/LOADING]: Auto-subscribing net.mcreator.butcher.procedures.SkinhorseheadProcedure to FORGE
[23Sep2025 03:59:57.795] [modloading-worker-0/DEBUG] [net.minecraftforge.fml.javafmlmod.AutomaticEventSubscriber/LOADING]: Auto-subscribing net.mcreator.butcher.procedures.SkinTableFoxProcedure to FORGE
[23Sep2025 03:59:57.797] [modloading-worker-0/DEBUG] [net.minecraftforge.fml.javafmlmod.AutomaticEventSubscriber/LOADING]: Auto-subscribing net.mcreator.butcher.procedures.SkinSnowFoxProcedure to FORGE
[23Sep2025 03:59:57.798] [modloading-worker-0/DEBUG] [net.minecraftforge.fml.javafmlmod.AutomaticEventSubscriber/LOADING]: Auto-subscribing net.mcreator.butcher.procedures.SkinRackProcedure to FORGE
[23Sep2025 03:59:57.799] [modloading-worker-0/DEBUG] [net.minecraftforge.fml.javafmlmod.AutomaticEventSubscriber/LOADING]: Auto-subscribing net.mcreator.butcher.procedures.SkinRabbitProcedure to FORGE
[23Sep2025 03:59:57.800] [modloading-worker-0/DEBUG] [net.minecraftforge.fml.javafmlmod.AutomaticEventSubscriber/LOADING]: Auto-subscribing net.mcreator.butcher.procedures.SkinPolarbearProcedure to FORGE
[23Sep2025 03:59:57.801] [modloading-worker-0/DEBUG] [net.minecraftforge.fml.javafmlmod.AutomaticEventSubscriber/LOADING]: Auto-subscribing net.mcreator.butcher.procedures.SkinFoxProcedure to FORGE
[23Sep2025 03:59:57.801] [modloading-worker-0/DEBUG] [net.minecraftforge.fml.javafmlmod.AutomaticEventSubscriber/LOADING]: Auto-subscribing net.mcreator.butcher.procedures.SkinCowProcedure to FORGE
[23Sep2025 03:59:57.802] [modloading-worker-0/DEBUG] [net.minecraftforge.fml.javafmlmod.AutomaticEventSubscriber/LOADING]: Auto-subscribing net.mcreator.butcher.procedures.SkeletonpickupcorpseProcedure to FORGE
[23Sep2025 03:59:57.803] [modloading-worker-0/DEBUG] [net.minecraftforge.fml.javafmlmod.AutomaticEventSubscriber/LOADING]: Auto-subscribing net.mcreator.butcher.procedures.SkeletonhangingcutupProcedure to FORGE
[23Sep2025 03:59:57.804] [modloading-worker-0/DEBUG] [net.minecraftforge.fml.javafmlmod.AutomaticEventSubscriber/LOADING]: Auto-subscribing net.mcreator.butcher.procedures.SkeletondropProcedure to FORGE
[23Sep2025 03:59:57.805] [modloading-worker-0/DEBUG] [net.minecraftforge.fml.javafmlmod.AutomaticEventSubscriber/LOADING]: Auto-subscribing net.mcreator.butcher.procedures.SkeletoncutupProcedure to FORGE
[23Sep2025 03:59:57.806] [modloading-worker-0/DEBUG] [net.minecraftforge.fml.javafmlmod.AutomaticEventSubscriber/LOADING]: Auto-subscribing net.mcreator.butcher.procedures.SilverfishhookplacementProcedure to FORGE
[23Sep2025 03:59:57.807] [modloading-worker-0/DEBUG] [net.minecraftforge.fml.javafmlmod.AutomaticEventSubscriber/LOADING]: Auto-subscribing net.mcreator.butcher.procedures.SilverfishdropProcedure to FORGE
[23Sep2025 03:59:57.808] [modloading-worker-0/DEBUG] [net.minecraftforge.fml.javafmlmod.AutomaticEventSubscriber/LOADING]: Auto-subscribing net.mcreator.butcher.procedures.SilverfishcutupProcedure to FORGE
[23Sep2025 03:59:57.810] [modloading-worker-0/DEBUG] [net.minecraftforge.fml.javafmlmod.AutomaticEventSubscriber/LOADING]: Auto-subscribing net.mcreator.butcher.procedures.SignplaceProcedure to FORGE
[23Sep2025 03:59:57.811] [modloading-worker-0/DEBUG] [net.minecraftforge.fml.javafmlmod.AutomaticEventSubscriber/LOADING]: Auto-subscribing net.mcreator.butcher.procedures.ShulkerhookplacementProcedure to FORGE
[23Sep2025 03:59:57.812] [modloading-worker-0/DEBUG] [net.minecraftforge.fml.javafmlmod.AutomaticEventSubscriber/LOADING]: Auto-subscribing net.mcreator.butcher.procedures.ShulkerDropProcedure to FORGE
[23Sep2025 03:59:57.814] [modloading-worker-0/DEBUG] [net.minecraftforge.fml.javafmlmod.AutomaticEventSubscriber/LOADING]: Auto-subscribing net.mcreator.butcher.procedures.ShellBoatEntityIsHurtProcedure to FORGE
[23Sep2025 03:59:57.815] [modloading-worker-0/DEBUG] [net.minecraftforge.fml.javafmlmod.AutomaticEventSubscriber/LOADING]: Auto-subscribing net.mcreator.butcher.procedures.SheepTableAcidProcedure to FORGE
[23Sep2025 03:59:57.816] [modloading-worker-0/DEBUG] [net.minecraftforge.fml.javafmlmod.AutomaticEventSubscriber/LOADING]: Auto-subscribing net.mcreator.butcher.procedures.SheepProcedure to FORGE
[23Sep2025 03:59:57.817] [modloading-worker-0/DEBUG] [net.minecraftforge.fml.javafmlmod.AutomaticEventSubscriber/LOADING]: Auto-subscribing net.mcreator.butcher.procedures.SheepPickupCorpseProcedure to FORGE
[23Sep2025 03:59:57.819] [modloading-worker-0/DEBUG] [net.minecraftforge.fml.javafmlmod.AutomaticEventSubscriber/LOADING]: Auto-subscribing net.mcreator.butcher.procedures.SheepCutUpProcedure to FORGE
[23Sep2025 03:59:57.823] [modloading-worker-0/DEBUG] [net.minecraftforge.fml.javafmlmod.AutomaticEventSubscriber/LOADING]: Auto-subscribing net.mcreator.butcher.procedures.SheepAcidProcedure to FORGE
[23Sep2025 03:59:57.825] [modloading-worker-0/DEBUG] [net.minecraftforge.fml.javafmlmod.AutomaticEventSubscriber/LOADING]: Auto-subscribing net.mcreator.butcher.procedures.ShearllamaProcedure to FORGE
[23Sep2025 03:59:57.826] [modloading-worker-0/DEBUG] [net.minecraftforge.fml.javafmlmod.AutomaticEventSubscriber/LOADING]: Auto-subscribing net.mcreator.butcher.procedures.ShearbearhintProcedure to FORGE
[23Sep2025 03:59:57.827] [modloading-worker-0/DEBUG] [net.minecraftforge.fml.javafmlmod.AutomaticEventSubscriber/LOADING]: Auto-subscribing net.mcreator.butcher.procedures.SalttooltipProcedure to FORGE
[23Sep2025 03:59:57.828] [modloading-worker-0/DEBUG] [net.minecraftforge.fml.javafmlmod.AutomaticEventSubscriber/LOADING]: Auto-subscribing net.mcreator.butcher.procedures.SalttipblockplacedProcedure to FORGE
[23Sep2025 03:59:57.830] [modloading-worker-0/DEBUG] [net.minecraftforge.fml.javafmlmod.AutomaticEventSubscriber/LOADING]: Auto-subscribing net.mcreator.butcher.procedures.SaltinghorseskinrackProcedure to FORGE
[23Sep2025 03:59:57.833] [modloading-worker-0/DEBUG] [net.minecraftforge.fml.javafmlmod.AutomaticEventSubscriber/LOADING]: Auto-subscribing net.mcreator.butcher.procedures.SaltingSkinProcedure to FORGE
[23Sep2025 03:59:57.834] [modloading-worker-0/DEBUG] [net.minecraftforge.fml.javafmlmod.AutomaticEventSubscriber/LOADING]: Auto-subscribing net.mcreator.butcher.procedures.SaltingLlamaSkinProcedure to FORGE
[23Sep2025 03:59:57.836] [modloading-worker-0/DEBUG] [net.minecraftforge.fml.javafmlmod.AutomaticEventSubscriber/LOADING]: Auto-subscribing net.mcreator.butcher.procedures.SalmontagProcedure to FORGE
[23Sep2025 03:59:57.837] [modloading-worker-0/DEBUG] [net.minecraftforge.fml.javafmlmod.AutomaticEventSubscriber/LOADING]: Auto-subscribing net.mcreator.butcher.procedures.SalmonplaceProcedure to FORGE
[23Sep2025 03:59:57.839] [modloading-worker-0/DEBUG] [net.minecraftforge.fml.javafmlmod.AutomaticEventSubscriber/LOADING]: Auto-subscribing net.mcreator.butcher.procedures.SalmonpickupProcedure to FORGE
[23Sep2025 03:59:57.840] [modloading-worker-0/DEBUG] [net.minecraftforge.fml.javafmlmod.AutomaticEventSubscriber/LOADING]: Auto-subscribing net.mcreator.butcher.procedures.SalmondropProcedure to FORGE
[23Sep2025 03:59:57.841] [modloading-worker-0/DEBUG] [net.minecraftforge.fml.javafmlmod.AutomaticEventSubscriber/LOADING]: Auto-subscribing net.mcreator.butcher.procedures.SalmoncutupProcedure to FORGE
[23Sep2025 03:59:57.843] [modloading-worker-0/DEBUG] [net.minecraftforge.fml.javafmlmod.AutomaticEventSubscriber/LOADING]: Auto-subscribing net.mcreator.butcher.procedures.RotpigcutupProcedure to FORGE
[23Sep2025 03:59:57.844] [modloading-worker-0/DEBUG] [net.minecraftforge.fml.javafmlmod.AutomaticEventSubscriber/LOADING]: Auto-subscribing net.mcreator.butcher.procedures.RotatecorpseProcedure to FORGE
[23Sep2025 03:59:57.846] [modloading-worker-0/DEBUG] [net.minecraftforge.fml.javafmlmod.AutomaticEventSubscriber/LOADING]: Auto-subscribing net.mcreator.butcher.procedures.RemoveBloodPuddleProcedure to FORGE
[23Sep2025 03:59:57.846] [modloading-worker-0/DEBUG] [net.minecraftforge.fml.javafmlmod.AutomaticEventSubscriber/LOADING]: Auto-subscribing net.mcreator.butcher.procedures.RedsteelchainhookplacementProcedure to FORGE
[23Sep2025 03:59:57.848] [modloading-worker-0/DEBUG] [net.minecraftforge.fml.javafmlmod.AutomaticEventSubscriber/LOADING]: Auto-subscribing net.mcreator.butcher.procedures.RabbitProcedure to FORGE
[23Sep2025 03:59:57.849] [modloading-worker-0/DEBUG] [net.minecraftforge.fml.javafmlmod.AutomaticEventSubscriber/LOADING]: Auto-subscribing net.mcreator.butcher.procedures.RabbitPickupCorpseProcedure to FORGE
[23Sep2025 03:59:57.851] [modloading-worker-0/DEBUG] [net.minecraftforge.fml.javafmlmod.AutomaticEventSubscriber/LOADING]: Auto-subscribing net.mcreator.butcher.procedures.RabbitCutUpProcedure to FORGE
[23Sep2025 03:59:57.852] [modloading-worker-0/DEBUG] [net.minecraftforge.fml.javafmlmod.AutomaticEventSubscriber/LOADING]: Auto-subscribing net.mcreator.butcher.procedures.RabbitAcidTableProcedure to FORGE
[23Sep2025 03:59:57.854] [modloading-worker-0/DEBUG] [net.minecraftforge.fml.javafmlmod.AutomaticEventSubscriber/LOADING]: Auto-subscribing net.mcreator.butcher.procedures.RabbitAcidProcedure to FORGE
[23Sep2025 03:59:57.855] [modloading-worker-0/DEBUG] [net.minecraftforge.fml.javafmlmod.AutomaticEventSubscriber/LOADING]: Auto-subscribing net.mcreator.butcher.procedures.PufferpickupProcedure to FORGE
[23Sep2025 03:59:57.857] [modloading-worker-0/DEBUG] [net.minecraftforge.fml.javafmlmod.AutomaticEventSubscriber/LOADING]: Auto-subscribing net.mcreator.butcher.procedures.PufferfishcarrotProcedure to FORGE
[23Sep2025 03:59:57.858] [modloading-worker-0/DEBUG] [net.minecraftforge.fml.javafmlmod.AutomaticEventSubscriber/LOADING]: Auto-subscribing net.mcreator.butcher.procedures.PufferProcedure to FORGE
[23Sep2025 03:59:57.859] [modloading-worker-0/DEBUG] [net.minecraftforge.fml.javafmlmod.AutomaticEventSubscriber/LOADING]: Auto-subscribing net.mcreator.butcher.procedures.PolarbearProcedure to FORGE
[23Sep2025 03:59:57.860] [modloading-worker-0/DEBUG] [net.minecraftforge.fml.javafmlmod.AutomaticEventSubscriber/LOADING]: Auto-subscribing net.mcreator.butcher.procedures.PolarbearPickupCorpseProcedure to FORGE
[23Sep2025 03:59:57.861] [modloading-worker-0/DEBUG] [net.minecraftforge.fml.javafmlmod.AutomaticEventSubscriber/LOADING]: Auto-subscribing net.mcreator.butcher.procedures.PolarbearCutUpProcedure to FORGE
[23Sep2025 03:59:57.864] [modloading-worker-0/DEBUG] [net.minecraftforge.fml.javafmlmod.AutomaticEventSubscriber/LOADING]: Auto-subscribing net.mcreator.butcher.procedures.PolarbearAcidProcedure to FORGE
[23Sep2025 03:59:57.865] [modloading-worker-0/DEBUG] [net.minecraftforge.fml.javafmlmod.AutomaticEventSubscriber/LOADING]: Auto-subscribing net.mcreator.butcher.procedures.PointedsaltbrokenProcedure to FORGE
[23Sep2025 03:59:57.867] [modloading-worker-0/DEBUG] [net.minecraftforge.fml.javafmlmod.AutomaticEventSubscriber/LOADING]: Auto-subscribing net.mcreator.butcher.procedures.PlayerpickupProcedure to FORGE
[23Sep2025 03:59:57.868] [modloading-worker-0/DEBUG] [net.minecraftforge.fml.javafmlmod.AutomaticEventSubscriber/LOADING]: Auto-subscribing net.mcreator.butcher.procedures.PlayerdropProcedure to FORGE
[23Sep2025 03:59:57.869] [modloading-worker-0/DEBUG] [net.minecraftforge.fml.javafmlmod.AutomaticEventSubscriber/LOADING]: Auto-subscribing net.mcreator.butcher.procedures.PlayercutupProcedure to FORGE
[23Sep2025 03:59:57.872] [modloading-worker-0/DEBUG] [net.minecraftforge.fml.javafmlmod.AutomaticEventSubscriber/LOADING]: Auto-subscribing net.mcreator.butcher.procedures.PlayerRightClicksOnDisplayBlockProcedure to FORGE
[23Sep2025 03:59:57.874] [modloading-worker-0/DEBUG] [net.minecraftforge.fml.javafmlmod.AutomaticEventSubscriber/LOADING]: Auto-subscribing net.mcreator.butcher.procedures.PlacespitroastProcedure to FORGE
[23Sep2025 03:59:57.875] [modloading-worker-0/DEBUG] [net.minecraftforge.fml.javafmlmod.AutomaticEventSubscriber/LOADING]: Auto-subscribing net.mcreator.butcher.procedures.PlacesausagesonsausagesProcedure to FORGE
[23Sep2025 03:59:57.877] [modloading-worker-0/DEBUG] [net.minecraftforge.fml.javafmlmod.AutomaticEventSubscriber/LOADING]: Auto-subscribing net.mcreator.butcher.procedures.PlacesausagesonsausagepileProcedure to FORGE
[23Sep2025 03:59:57.878] [modloading-worker-0/DEBUG] [net.minecraftforge.fml.javafmlmod.AutomaticEventSubscriber/LOADING]: Auto-subscribing net.mcreator.butcher.procedures.PlacepigspitroastProcedure to FORGE
[23Sep2025 03:59:57.880] [modloading-worker-0/DEBUG] [net.minecraftforge.fml.javafmlmod.AutomaticEventSubscriber/LOADING]: Auto-subscribing net.mcreator.butcher.procedures.PlacedskinnedpigcutupProcedure to FORGE
[23Sep2025 03:59:57.882] [modloading-worker-0/DEBUG] [net.minecraftforge.fml.javafmlmod.AutomaticEventSubscriber/LOADING]: Auto-subscribing net.mcreator.butcher.procedures.PlacecookedsausagesonsausagesProcedure to FORGE
[23Sep2025 03:59:57.884] [modloading-worker-0/DEBUG] [net.minecraftforge.fml.javafmlmod.AutomaticEventSubscriber/LOADING]: Auto-subscribing net.mcreator.butcher.procedures.PlacecookedsausageonpileProcedure to FORGE
[23Sep2025 03:59:57.886] [modloading-worker-0/DEBUG] [net.minecraftforge.fml.javafmlmod.AutomaticEventSubscriber/LOADING]: Auto-subscribing net.mcreator.butcher.procedures.PlaceOnTrayProcedure to FORGE
[23Sep2025 03:59:57.887] [modloading-worker-0/DEBUG] [net.minecraftforge.fml.javafmlmod.AutomaticEventSubscriber/LOADING]: Auto-subscribing net.mcreator.butcher.procedures.PlaceBoatProcedure to FORGE
[23Sep2025 03:59:57.888] [modloading-worker-0/DEBUG] [net.minecraftforge.fml.javafmlmod.AutomaticEventSubscriber/LOADING]: Auto-subscribing net.mcreator.butcher.procedures.PillagertableacidProcedure to FORGE
[23Sep2025 03:59:57.890] [modloading-worker-0/DEBUG] [net.minecraftforge.fml.javafmlmod.AutomaticEventSubscriber/LOADING]: Auto-subscribing net.mcreator.butcher.procedures.PillagerremovearmorProcedure to FORGE
[23Sep2025 03:59:57.891] [modloading-worker-0/DEBUG] [net.minecraftforge.fml.javafmlmod.AutomaticEventSubscriber/LOADING]: Auto-subscribing net.mcreator.butcher.procedures.PillagerpickupcorpseProcedure to FORGE
[23Sep2025 03:59:57.893] [modloading-worker-0/DEBUG] [net.minecraftforge.fml.javafmlmod.AutomaticEventSubscriber/LOADING]: Auto-subscribing net.mcreator.butcher.procedures.PillagerheadcutupProcedure to FORGE
[23Sep2025 03:59:57.895] [modloading-worker-0/DEBUG] [net.minecraftforge.fml.javafmlmod.AutomaticEventSubscriber/LOADING]: Auto-subscribing net.mcreator.butcher.procedures.PillagerhangingcutupProcedure to FORGE
[23Sep2025 03:59:57.896] [modloading-worker-0/DEBUG] [net.minecraftforge.fml.javafmlmod.AutomaticEventSubscriber/LOADING]: Auto-subscribing net.mcreator.butcher.procedures.PillagerdropProcedure to FORGE
[23Sep2025 03:59:57.898] [modloading-worker-0/DEBUG] [net.minecraftforge.fml.javafmlmod.AutomaticEventSubscriber/LOADING]: Auto-subscribing net.mcreator.butcher.procedures.PillagerdisguisedProcedure to FORGE
[23Sep2025 03:59:57.899] [modloading-worker-0/DEBUG] [net.minecraftforge.fml.javafmlmod.AutomaticEventSubscriber/LOADING]: Auto-subscribing net.mcreator.butcher.procedures.PillagercutupProcedure to FORGE
[23Sep2025 03:59:57.901] [modloading-worker-0/DEBUG] [net.minecraftforge.fml.javafmlmod.AutomaticEventSubscriber/LOADING]: Auto-subscribing net.mcreator.butcher.procedures.PillageracidProcedure to FORGE
[23Sep2025 03:59:57.902] [modloading-worker-0/DEBUG] [net.minecraftforge.fml.javafmlmod.AutomaticEventSubscriber/LOADING]: Auto-subscribing net.mcreator.butcher.procedures.PiglinpickupcorpseProcedure to FORGE
[23Sep2025 03:59:57.904] [modloading-worker-0/DEBUG] [net.minecraftforge.fml.javafmlmod.AutomaticEventSubscriber/LOADING]: Auto-subscribing net.mcreator.butcher.procedures.PiglindropProcedure to FORGE
[23Sep2025 03:59:57.905] [modloading-worker-0/DEBUG] [net.minecraftforge.fml.javafmlmod.AutomaticEventSubscriber/LOADING]: Auto-subscribing net.mcreator.butcher.procedures.PiglincutupProcedure to FORGE
[23Sep2025 03:59:57.907] [modloading-worker-0/DEBUG] [net.minecraftforge.fml.javafmlmod.AutomaticEventSubscriber/LOADING]: Auto-subscribing net.mcreator.butcher.procedures.PiglinbrutepickupcarcassProcedure to FORGE
[23Sep2025 03:59:57.908] [modloading-worker-0/DEBUG] [net.minecraftforge.fml.javafmlmod.AutomaticEventSubscriber/LOADING]: Auto-subscribing net.mcreator.butcher.procedures.PiglinbrutecutupProcedure to FORGE
[23Sep2025 03:59:57.911] [modloading-worker-0/DEBUG] [net.minecraftforge.fml.javafmlmod.AutomaticEventSubscriber/LOADING]: Auto-subscribing net.mcreator.butcher.procedures.PiglinbruteblockbreakProcedure to FORGE
[23Sep2025 03:59:57.912] [modloading-worker-0/DEBUG] [net.minecraftforge.fml.javafmlmod.AutomaticEventSubscriber/LOADING]: Auto-subscribing net.mcreator.butcher.procedures.PigTableAcidProcedure to FORGE
[23Sep2025 03:59:57.914] [modloading-worker-0/DEBUG] [net.minecraftforge.fml.javafmlmod.AutomaticEventSubscriber/LOADING]: Auto-subscribing net.mcreator.butcher.procedures.PigProcedure to FORGE
[23Sep2025 03:59:57.916] [modloading-worker-0/DEBUG] [net.minecraftforge.fml.javafmlmod.AutomaticEventSubscriber/LOADING]: Auto-subscribing net.mcreator.butcher.procedures.PigCutUpProcedure to FORGE
[23Sep2025 03:59:57.919] [modloading-worker-0/DEBUG] [net.minecraftforge.fml.javafmlmod.AutomaticEventSubscriber/LOADING]: Auto-subscribing net.mcreator.butcher.procedures.PigAcidProcedure to FORGE
[23Sep2025 03:59:57.920] [modloading-worker-0/DEBUG] [net.minecraftforge.fml.javafmlmod.AutomaticEventSubscriber/LOADING]: Auto-subscribing net.mcreator.butcher.procedures.PickupPigCorpseProcedure to FORGE
[23Sep2025 03:59:57.921] [modloading-worker-0/DEBUG] [net.minecraftforge.fml.javafmlmod.AutomaticEventSubscriber/LOADING]: Auto-subscribing net.mcreator.butcher.procedures.PickupJarProcedure to FORGE
[23Sep2025 03:59:57.922] [modloading-worker-0/DEBUG] [net.minecraftforge.fml.javafmlmod.AutomaticEventSubscriber/LOADING]: Auto-subscribing net.mcreator.butcher.procedures.PhantompickupcarcassProcedure to FORGE
[23Sep2025 03:59:57.923] [modloading-worker-0/DEBUG] [net.minecraftforge.fml.javafmlmod.AutomaticEventSubscriber/LOADING]: Auto-subscribing net.mcreator.butcher.procedures.PhantomdropProcedure to FORGE
[23Sep2025 03:59:57.925] [modloading-worker-0/DEBUG] [net.minecraftforge.fml.javafmlmod.AutomaticEventSubscriber/LOADING]: Auto-subscribing net.mcreator.butcher.procedures.PhantomcutupProcedure to FORGE
[23Sep2025 03:59:57.929] [modloading-worker-0/DEBUG] [net.minecraftforge.fml.javafmlmod.AutomaticEventSubscriber/LOADING]: Auto-subscribing net.mcreator.butcher.procedures.PhantomblockbreakProcedure to FORGE
[23Sep2025 03:59:57.930] [modloading-worker-0/DEBUG] [net.minecraftforge.fml.javafmlmod.AutomaticEventSubscriber/LOADING]: Auto-subscribing net.mcreator.butcher.procedures.PandaPickupCorpseProcedure to FORGE
[23Sep2025 03:59:57.930] [modloading-worker-0/DEBUG] [net.minecraftforge.fml.javafmlmod.AutomaticEventSubscriber/LOADING]: Auto-subscribing net.mcreator.butcher.procedures.PandaDropProcedure to FORGE
[23Sep2025 03:59:57.932] [modloading-worker-0/DEBUG] [net.minecraftforge.fml.javafmlmod.AutomaticEventSubscriber/LOADING]: Auto-subscribing net.mcreator.butcher.procedures.PandaCutUpProcedure to FORGE
[23Sep2025 03:59:57.934] [modloading-worker-0/DEBUG] [net.minecraftforge.fml.javafmlmod.AutomaticEventSubscriber/LOADING]: Auto-subscribing net.mcreator.butcher.procedures.PandaAcidProcedure to FORGE
[23Sep2025 03:59:57.935] [modloading-worker-0/DEBUG] [net.minecraftforge.fml.javafmlmod.AutomaticEventSubscriber/LOADING]: Auto-subscribing net.mcreator.butcher.procedures.OrangePlaceOnTrayProcedure to FORGE
[23Sep2025 03:59:57.937] [modloading-worker-0/DEBUG] [net.minecraftforge.fml.javafmlmod.AutomaticEventSubscriber/LOADING]: Auto-subscribing net.mcreator.butcher.procedures.OrangeFrogCutUpProcedure to FORGE
[23Sep2025 03:59:57.939] [modloading-worker-0/DEBUG] [net.minecraftforge.fml.javafmlmod.AutomaticEventSubscriber/LOADING]: Auto-subscribing net.mcreator.butcher.procedures.OpenregisterProcedure to FORGE
[23Sep2025 03:59:57.941] [modloading-worker-0/DEBUG] [net.minecraftforge.fml.javafmlmod.AutomaticEventSubscriber/LOADING]: Auto-subscribing net.mcreator.butcher.procedures.OpenfreezerProcedure to FORGE
[23Sep2025 03:59:57.942] [modloading-worker-0/DEBUG] [net.minecraftforge.fml.javafmlmod.AutomaticEventSubscriber/LOADING]: Auto-subscribing net.mcreator.butcher.procedures.OnplayerfirstjointextProcedure to FORGE
[23Sep2025 03:59:57.943] [modloading-worker-0/DEBUG] [net.minecraftforge.fml.javafmlmod.AutomaticEventSubscriber/LOADING]: Auto-subscribing net.mcreator.butcher.procedures.OcelotpickupcarcassProcedure to FORGE
[23Sep2025 03:59:57.945] [modloading-worker-0/DEBUG] [net.minecraftforge.fml.javafmlmod.AutomaticEventSubscriber/LOADING]: Auto-subscribing net.mcreator.butcher.procedures.OcelotdropProcedure to FORGE
[23Sep2025 03:59:57.946] [modloading-worker-0/DEBUG] [net.minecraftforge.fml.javafmlmod.AutomaticEventSubscriber/LOADING]: Auto-subscribing net.mcreator.butcher.procedures.OcelotcutupProcedure to FORGE
[23Sep2025 03:59:57.949] [modloading-worker-0/DEBUG] [net.minecraftforge.fml.javafmlmod.AutomaticEventSubscriber/LOADING]: Auto-subscribing net.mcreator.butcher.procedures.OcelotblockbreakProcedure to FORGE
[23Sep2025 03:59:57.950] [modloading-worker-0/DEBUG] [net.minecraftforge.fml.javafmlmod.AutomaticEventSubscriber/LOADING]: Auto-subscribing net.mcreator.butcher.procedures.NosetooltipProcedure to FORGE
[23Sep2025 03:59:57.951] [modloading-worker-0/DEBUG] [net.minecraftforge.fml.javafmlmod.AutomaticEventSubscriber/LOADING]: Auto-subscribing net.mcreator.butcher.procedures.MulepickupcarcassProcedure to FORGE
[23Sep2025 03:59:57.952] [modloading-worker-0/DEBUG] [net.minecraftforge.fml.javafmlmod.AutomaticEventSubscriber/LOADING]: Auto-subscribing net.mcreator.butcher.procedures.MuledropProcedure to FORGE
[23Sep2025 03:59:57.953] [modloading-worker-0/DEBUG] [net.minecraftforge.fml.javafmlmod.AutomaticEventSubscriber/LOADING]: Auto-subscribing net.mcreator.butcher.procedures.MulecutupProcedure to FORGE
[23Sep2025 03:59:57.956] [modloading-worker-0/DEBUG] [net.minecraftforge.fml.javafmlmod.AutomaticEventSubscriber/LOADING]: Auto-subscribing net.mcreator.butcher.procedures.MuleblockbreakProcedure to FORGE
[23Sep2025 03:59:57.957] [modloading-worker-0/DEBUG] [net.minecraftforge.fml.javafmlmod.AutomaticEventSubscriber/LOADING]: Auto-subscribing net.mcreator.butcher.procedures.MooshroomcutupProcedure to FORGE
[23Sep2025 03:59:57.960] [modloading-worker-0/DEBUG] [net.minecraftforge.fml.javafmlmod.AutomaticEventSubscriber/LOADING]: Auto-subscribing net.mcreator.butcher.procedures.MooshroomblockbreakProcedure to FORGE
[23Sep2025 03:59:57.961] [modloading-worker-0/DEBUG] [net.minecraftforge.fml.javafmlmod.AutomaticEventSubscriber/LOADING]: Auto-subscribing net.mcreator.butcher.procedures.MediumslimecutupProcedure to FORGE
[23Sep2025 03:59:57.963] [modloading-worker-0/DEBUG] [net.minecraftforge.fml.javafmlmod.AutomaticEventSubscriber/LOADING]: Auto-subscribing net.mcreator.butcher.procedures.MagicWishboneBreakProcedure to FORGE
[23Sep2025 03:59:57.964] [modloading-worker-0/DEBUG] [net.minecraftforge.fml.javafmlmod.AutomaticEventSubscriber/LOADING]: Auto-subscribing net.mcreator.butcher.procedures.LucyaxolotlblockbreakProcedure to FORGE
[23Sep2025 03:59:57.966] [modloading-worker-0/DEBUG] [net.minecraftforge.fml.javafmlmod.AutomaticEventSubscriber/LOADING]: Auto-subscribing net.mcreator.butcher.procedures.LlamacutupProcedure to FORGE
[23Sep2025 03:59:57.967] [modloading-worker-0/DEBUG] [net.minecraftforge.fml.javafmlmod.AutomaticEventSubscriber/LOADING]: Auto-subscribing net.mcreator.butcher.procedures.LlamaWettingSkinProcedure to FORGE
[23Sep2025 03:59:57.969] [modloading-worker-0/DEBUG] [net.minecraftforge.fml.javafmlmod.AutomaticEventSubscriber/LOADING]: Auto-subscribing net.mcreator.butcher.procedures.LlamaWetSkinFirstProcedure to FORGE
[23Sep2025 03:59:57.971] [modloading-worker-0/DEBUG] [net.minecraftforge.fml.javafmlmod.AutomaticEventSubscriber/LOADING]: Auto-subscribing net.mcreator.butcher.procedures.LlamaTableAcidProcedure to FORGE
[23Sep2025 03:59:57.973] [modloading-worker-0/DEBUG] [net.minecraftforge.fml.javafmlmod.AutomaticEventSubscriber/LOADING]: Auto-subscribing net.mcreator.butcher.procedures.LlamaSkinRackProcedure to FORGE
[23Sep2025 03:59:57.975] [modloading-worker-0/DEBUG] [net.minecraftforge.fml.javafmlmod.AutomaticEventSubscriber/LOADING]: Auto-subscribing net.mcreator.butcher.procedures.LlamaProcedure to FORGE
[23Sep2025 03:59:57.977] [modloading-worker-0/DEBUG] [net.minecraftforge.fml.javafmlmod.AutomaticEventSubscriber/LOADING]: Auto-subscribing net.mcreator.butcher.procedures.LlamaPickupcorpseProcedure to FORGE
[23Sep2025 03:59:57.978] [modloading-worker-0/DEBUG] [net.minecraftforge.fml.javafmlmod.AutomaticEventSubscriber/LOADING]: Auto-subscribing net.mcreator.butcher.procedures.LlamaHangingCutUpProcedure to FORGE
[23Sep2025 03:59:57.981] [modloading-worker-0/DEBUG] [net.minecraftforge.fml.javafmlmod.AutomaticEventSubscriber/LOADING]: Auto-subscribing net.mcreator.butcher.procedures.LlamaAcidProcedure to FORGE
[23Sep2025 03:59:57.982] [modloading-worker-0/DEBUG] [net.minecraftforge.fml.javafmlmod.AutomaticEventSubscriber/LOADING]: Auto-subscribing net.mcreator.butcher.procedures.LegoflambpickupProcedure to FORGE
[23Sep2025 03:59:57.983] [modloading-worker-0/DEBUG] [net.minecraftforge.fml.javafmlmod.AutomaticEventSubscriber/LOADING]: Auto-subscribing net.mcreator.butcher.procedures.LambribpickupProcedure to FORGE
[23Sep2025 03:59:57.984] [modloading-worker-0/DEBUG] [net.minecraftforge.fml.javafmlmod.AutomaticEventSubscriber/LOADING]: Auto-subscribing net.mcreator.butcher.procedures.ItemcarryweightProcedure to FORGE
[23Sep2025 03:59:57.985] [modloading-worker-0/DEBUG] [net.minecraftforge.fml.javafmlmod.AutomaticEventSubscriber/LOADING]: Auto-subscribing net.mcreator.butcher.procedures.HusktableacidProcedure to FORGE
[23Sep2025 03:59:57.986] [modloading-worker-0/DEBUG] [net.minecraftforge.fml.javafmlmod.AutomaticEventSubscriber/LOADING]: Auto-subscribing net.mcreator.butcher.procedures.HuskpickupcorpseProcedure to FORGE
[23Sep2025 03:59:57.987] [modloading-worker-0/DEBUG] [net.minecraftforge.fml.javafmlmod.AutomaticEventSubscriber/LOADING]: Auto-subscribing net.mcreator.butcher.procedures.HuskhangingcutupProcedure to FORGE
[23Sep2025 03:59:57.989] [modloading-worker-0/DEBUG] [net.minecraftforge.fml.javafmlmod.AutomaticEventSubscriber/LOADING]: Auto-subscribing net.mcreator.butcher.procedures.HuskdropProcedure to FORGE
[23Sep2025 03:59:57.990] [modloading-worker-0/DEBUG] [net.minecraftforge.fml.javafmlmod.AutomaticEventSubscriber/LOADING]: Auto-subscribing net.mcreator.butcher.procedures.HuskcutupProcedure to FORGE
[23Sep2025 03:59:57.992] [modloading-worker-0/DEBUG] [net.minecraftforge.fml.javafmlmod.AutomaticEventSubscriber/LOADING]: Auto-subscribing net.mcreator.butcher.procedures.HuskacidProcedure to FORGE
[23Sep2025 03:59:57.993] [modloading-worker-0/DEBUG] [net.minecraftforge.fml.javafmlmod.AutomaticEventSubscriber/LOADING]: Auto-subscribing net.mcreator.butcher.procedures.HorsewspickupcarcassProcedure to FORGE
[23Sep2025 03:59:57.995] [modloading-worker-0/DEBUG] [net.minecraftforge.fml.javafmlmod.AutomaticEventSubscriber/LOADING]: Auto-subscribing net.mcreator.butcher.procedures.HorsewhitedropProcedure to FORGE
[23Sep2025 03:59:57.997] [modloading-worker-0/DEBUG] [net.minecraftforge.fml.javafmlmod.AutomaticEventSubscriber/LOADING]: Auto-subscribing net.mcreator.butcher.procedures.HorsewfpickupcarcassProcedure to FORGE
[23Sep2025 03:59:57.998] [modloading-worker-0/DEBUG] [net.minecraftforge.fml.javafmlmod.AutomaticEventSubscriber/LOADING]: Auto-subscribing net.mcreator.butcher.procedures.HorsewettingskinProcedure to FORGE
[23Sep2025 03:59:58.000] [modloading-worker-0/DEBUG] [net.minecraftforge.fml.javafmlmod.AutomaticEventSubscriber/LOADING]: Auto-subscribing net.mcreator.butcher.procedures.HorsewetskinfirstProcedure to FORGE
[23Sep2025 03:59:58.002] [modloading-worker-0/DEBUG] [net.minecraftforge.fml.javafmlmod.AutomaticEventSubscriber/LOADING]: Auto-subscribing net.mcreator.butcher.procedures.HorsewdpickupcarcassProcedure to FORGE
[23Sep2025 03:59:58.003] [modloading-worker-0/DEBUG] [net.minecraftforge.fml.javafmlmod.AutomaticEventSubscriber/LOADING]: Auto-subscribing net.mcreator.butcher.procedures.HorsetableacidProcedure to FORGE
[23Sep2025 03:59:58.004] [modloading-worker-0/DEBUG] [net.minecraftforge.fml.javafmlmod.AutomaticEventSubscriber/LOADING]: Auto-subscribing net.mcreator.butcher.procedures.HorseskinrackProcedure to FORGE
[23Sep2025 03:59:58.006] [modloading-worker-0/DEBUG] [net.minecraftforge.fml.javafmlmod.AutomaticEventSubscriber/LOADING]: Auto-subscribing net.mcreator.butcher.procedures.HorserpickupcarcassProcedure to FORGE
[23Sep2025 03:59:58.007] [modloading-worker-0/DEBUG] [net.minecraftforge.fml.javafmlmod.AutomaticEventSubscriber/LOADING]: Auto-subscribing net.mcreator.butcher.procedures.HorsegraydropProcedure to FORGE
[23Sep2025 03:59:58.009] [modloading-worker-0/DEBUG] [net.minecraftforge.fml.javafmlmod.AutomaticEventSubscriber/LOADING]: Auto-subscribing net.mcreator.butcher.procedures.HorsedrainedpickupcarcassProcedure to FORGE
[23Sep2025 03:59:58.010] [modloading-worker-0/DEBUG] [net.minecraftforge.fml.javafmlmod.AutomaticEventSubscriber/LOADING]: Auto-subscribing net.mcreator.butcher.procedures.HorsedarkbrowndropProcedure to FORGE
[23Sep2025 03:59:58.012] [modloading-worker-0/DEBUG] [net.minecraftforge.fml.javafmlmod.AutomaticEventSubscriber/LOADING]: Auto-subscribing net.mcreator.butcher.procedures.HorsecutupProcedure to FORGE
[23Sep2025 03:59:58.014] [modloading-worker-0/DEBUG] [net.minecraftforge.fml.javafmlmod.AutomaticEventSubscriber/LOADING]: Auto-subscribing net.mcreator.butcher.procedures.HorsecreamydropProcedure to FORGE
[23Sep2025 03:59:58.016] [modloading-worker-0/DEBUG] [net.minecraftforge.fml.javafmlmod.AutomaticEventSubscriber/LOADING]: Auto-subscribing net.mcreator.butcher.procedures.HorsechestnutdropProcedure to FORGE
[23Sep2025 03:59:58.017] [modloading-worker-0/DEBUG] [net.minecraftforge.fml.javafmlmod.AutomaticEventSubscriber/LOADING]: Auto-subscribing net.mcreator.butcher.procedures.HorsebrowndropProcedure to FORGE
[23Sep2025 03:59:58.019] [modloading-worker-0/DEBUG] [net.minecraftforge.fml.javafmlmod.AutomaticEventSubscriber/LOADING]: Auto-subscribing net.mcreator.butcher.procedures.HorseblackdropProcedure to FORGE
[23Sep2025 03:59:58.021] [modloading-worker-0/DEBUG] [net.minecraftforge.fml.javafmlmod.AutomaticEventSubscriber/LOADING]: Auto-subscribing net.mcreator.butcher.procedures.HorsebdpickupcarcassProcedure to FORGE
[23Sep2025 03:59:58.022] [modloading-worker-0/DEBUG] [net.minecraftforge.fml.javafmlmod.AutomaticEventSubscriber/LOADING]: Auto-subscribing net.mcreator.butcher.procedures.HorseacidProcedure to FORGE
[23Sep2025 03:59:58.024] [modloading-worker-0/DEBUG] [net.minecraftforge.fml.javafmlmod.AutomaticEventSubscriber/LOADING]: Auto-subscribing net.mcreator.butcher.procedures.HookPlacementProcedure to FORGE
[23Sep2025 03:59:58.025] [modloading-worker-0/DEBUG] [net.minecraftforge.fml.javafmlmod.AutomaticEventSubscriber/LOADING]: Auto-subscribing net.mcreator.butcher.procedures.HookPickupProcedure to FORGE
[23Sep2025 03:59:58.026] [modloading-worker-0/DEBUG] [net.minecraftforge.fml.javafmlmod.AutomaticEventSubscriber/LOADING]: Auto-subscribing net.mcreator.butcher.procedures.HoglinlootProcedure to FORGE
[23Sep2025 03:59:58.028] [modloading-worker-0/DEBUG] [net.minecraftforge.fml.javafmlmod.AutomaticEventSubscriber/LOADING]: Auto-subscribing net.mcreator.butcher.procedures.HoglinPickupCorseProcedure to FORGE
[23Sep2025 03:59:58.029] [modloading-worker-0/DEBUG] [net.minecraftforge.fml.javafmlmod.AutomaticEventSubscriber/LOADING]: Auto-subscribing net.mcreator.butcher.procedures.HoglinCutUpProcedure to FORGE
[23Sep2025 03:59:58.031] [modloading-worker-0/DEBUG] [net.minecraftforge.fml.javafmlmod.AutomaticEventSubscriber/LOADING]: Auto-subscribing net.mcreator.butcher.procedures.HoglinAcidProcedure to FORGE
[23Sep2025 03:59:58.033] [modloading-worker-0/DEBUG] [net.minecraftforge.fml.javafmlmod.AutomaticEventSubscriber/LOADING]: Auto-subscribing net.mcreator.butcher.procedures.HangingwolfcutupProcedure to FORGE
[23Sep2025 03:59:58.035] [modloading-worker-0/DEBUG] [net.minecraftforge.fml.javafmlmod.AutomaticEventSubscriber/LOADING]: Auto-subscribing net.mcreator.butcher.procedures.HangingspidercutupProcedure to FORGE
[23Sep2025 03:59:58.037] [modloading-worker-0/DEBUG] [net.minecraftforge.fml.javafmlmod.AutomaticEventSubscriber/LOADING]: Auto-subscribing net.mcreator.butcher.procedures.HangingskinnedsheepcutupProcedure to FORGE
[23Sep2025 03:59:58.039] [modloading-worker-0/DEBUG] [net.minecraftforge.fml.javafmlmod.AutomaticEventSubscriber/LOADING]: Auto-subscribing net.mcreator.butcher.procedures.HangingplayercutupProcedure to FORGE
[23Sep2025 03:59:58.043] [modloading-worker-0/DEBUG] [net.minecraftforge.fml.javafmlmod.AutomaticEventSubscriber/LOADING]: Auto-subscribing net.mcreator.butcher.procedures.HangingpiglincutupProcedure to FORGE
[23Sep2025 03:59:58.046] [modloading-worker-0/DEBUG] [net.minecraftforge.fml.javafmlmod.AutomaticEventSubscriber/LOADING]: Auto-subscribing net.mcreator.butcher.procedures.HanginghorsecutupProcedure to FORGE
[23Sep2025 03:59:58.048] [modloading-worker-0/DEBUG] [net.minecraftforge.fml.javafmlmod.AutomaticEventSubscriber/LOADING]: Auto-subscribing net.mcreator.butcher.procedures.HangingcavespidercutupProcedure to FORGE
[23Sep2025 03:59:58.050] [modloading-worker-0/DEBUG] [net.minecraftforge.fml.javafmlmod.AutomaticEventSubscriber/LOADING]: Auto-subscribing net.mcreator.butcher.procedures.HangingcamelcutupProcedure to FORGE
[23Sep2025 03:59:58.052] [modloading-worker-0/DEBUG] [net.minecraftforge.fml.javafmlmod.AutomaticEventSubscriber/LOADING]: Auto-subscribing net.mcreator.butcher.procedures.HangingbrownmooshroomcutupProcedure to FORGE
[23Sep2025 03:59:58.054] [modloading-worker-0/DEBUG] [net.minecraftforge.fml.javafmlmod.AutomaticEventSubscriber/LOADING]: Auto-subscribing net.mcreator.butcher.procedures.HangingZombiepiglincutupProcedure to FORGE
[23Sep2025 03:59:58.056] [modloading-worker-0/DEBUG] [net.minecraftforge.fml.javafmlmod.AutomaticEventSubscriber/LOADING]: Auto-subscribing net.mcreator.butcher.procedures.HangingSkinpandaProcedure to FORGE
[23Sep2025 03:59:58.058] [modloading-worker-0/DEBUG] [net.minecraftforge.fml.javafmlmod.AutomaticEventSubscriber/LOADING]: Auto-subscribing net.mcreator.butcher.procedures.HangingSkinPolarbearProcedure to FORGE
[23Sep2025 03:59:58.059] [modloading-worker-0/DEBUG] [net.minecraftforge.fml.javafmlmod.AutomaticEventSubscriber/LOADING]: Auto-subscribing net.mcreator.butcher.procedures.HangingSheepCutUpProcedure to FORGE
[23Sep2025 03:59:58.062] [modloading-worker-0/DEBUG] [net.minecraftforge.fml.javafmlmod.AutomaticEventSubscriber/LOADING]: Auto-subscribing net.mcreator.butcher.procedures.HangingRedmooshroomcutupProcedure to FORGE
[23Sep2025 03:59:58.064] [modloading-worker-0/DEBUG] [net.minecraftforge.fml.javafmlmod.AutomaticEventSubscriber/LOADING]: Auto-subscribing net.mcreator.butcher.procedures.HangingPolarbearCutUpProcedure to FORGE
[23Sep2025 03:59:58.067] [modloading-worker-0/DEBUG] [net.minecraftforge.fml.javafmlmod.AutomaticEventSubscriber/LOADING]: Auto-subscribing net.mcreator.butcher.procedures.HangingPolarbearAcidProcedure to FORGE
[23Sep2025 03:59:58.068] [modloading-worker-0/DEBUG] [net.minecraftforge.fml.javafmlmod.AutomaticEventSubscriber/LOADING]: Auto-subscribing net.mcreator.butcher.procedures.HangingPigCutUpProcedure to FORGE
[23Sep2025 03:59:58.071] [modloading-worker-0/DEBUG] [net.minecraftforge.fml.javafmlmod.AutomaticEventSubscriber/LOADING]: Auto-subscribing net.mcreator.butcher.procedures.HangingPandaCutUpProcedure to FORGE
[23Sep2025 03:59:58.073] [modloading-worker-0/DEBUG] [net.minecraftforge.fml.javafmlmod.AutomaticEventSubscriber/LOADING]: Auto-subscribing net.mcreator.butcher.procedures.HangingPandaAcidProcedure to FORGE
[23Sep2025 03:59:58.075] [modloading-worker-0/DEBUG] [net.minecraftforge.fml.javafmlmod.AutomaticEventSubscriber/LOADING]: Auto-subscribing net.mcreator.butcher.procedures.HangingHoglinCutUpProcedure to FORGE
[23Sep2025 03:59:58.077] [modloading-worker-0/DEBUG] [net.minecraftforge.fml.javafmlmod.AutomaticEventSubscriber/LOADING]: Auto-subscribing net.mcreator.butcher.procedures.HangingHoglinAcidProcedure to FORGE
[23Sep2025 03:59:58.079] [modloading-worker-0/DEBUG] [net.minecraftforge.fml.javafmlmod.AutomaticEventSubscriber/LOADING]: Auto-subscribing net.mcreator.butcher.procedures.HangingCowCutUpProcedure to FORGE
[23Sep2025 03:59:58.081] [modloading-worker-0/DEBUG] [net.minecraftforge.fml.javafmlmod.AutomaticEventSubscriber/LOADING]: Auto-subscribing net.mcreator.butcher.procedures.GuardianpickupcarcassProcedure to FORGE
[23Sep2025 03:59:58.082] [modloading-worker-0/DEBUG] [net.minecraftforge.fml.javafmlmod.AutomaticEventSubscriber/LOADING]: Auto-subscribing net.mcreator.butcher.procedures.GuardiandropProcedure to FORGE
[23Sep2025 03:59:58.083] [modloading-worker-0/DEBUG] [net.minecraftforge.fml.javafmlmod.AutomaticEventSubscriber/LOADING]: Auto-subscribing net.mcreator.butcher.procedures.GuardiancutupProcedure to FORGE
[23Sep2025 03:59:58.086] [modloading-worker-0/DEBUG] [net.minecraftforge.fml.javafmlmod.AutomaticEventSubscriber/LOADING]: Auto-subscribing net.mcreator.butcher.procedures.GuardianblockbreakProcedure to FORGE
[23Sep2025 03:59:58.088] [modloading-worker-0/DEBUG] [net.minecraftforge.fml.javafmlmod.AutomaticEventSubscriber/LOADING]: Auto-subscribing net.mcreator.butcher.procedures.GrayPlaceOnTrayProcedure to FORGE
[23Sep2025 03:59:58.089] [modloading-worker-0/DEBUG] [net.minecraftforge.fml.javafmlmod.AutomaticEventSubscriber/LOADING]: Auto-subscribing net.mcreator.butcher.procedures.GrayFrogCutUpProcedure to FORGE
[23Sep2025 03:59:58.091] [modloading-worker-0/DEBUG] [net.minecraftforge.fml.javafmlmod.AutomaticEventSubscriber/LOADING]: Auto-subscribing net.mcreator.butcher.procedures.GoldaxolotlblockbreakProcedure to FORGE
[23Sep2025 03:59:58.092] [modloading-worker-0/DEBUG] [net.minecraftforge.fml.javafmlmod.AutomaticEventSubscriber/LOADING]: Auto-subscribing net.mcreator.butcher.procedures.GoatTableAcidProcedure to FORGE
[23Sep2025 03:59:58.093] [modloading-worker-0/DEBUG] [net.minecraftforge.fml.javafmlmod.AutomaticEventSubscriber/LOADING]: Auto-subscribing net.mcreator.butcher.procedures.GoatProcedure to FORGE
[23Sep2025 03:59:58.095] [modloading-worker-0/DEBUG] [net.minecraftforge.fml.javafmlmod.AutomaticEventSubscriber/LOADING]: Auto-subscribing net.mcreator.butcher.procedures.GoatPickupCorpseProcedure to FORGE
[23Sep2025 03:59:58.096] [modloading-worker-0/DEBUG] [net.minecraftforge.fml.javafmlmod.AutomaticEventSubscriber/LOADING]: Auto-subscribing net.mcreator.butcher.procedures.GoatHangCutUpProcedure to FORGE
[23Sep2025 03:59:58.098] [modloading-worker-0/DEBUG] [net.minecraftforge.fml.javafmlmod.AutomaticEventSubscriber/LOADING]: Auto-subscribing net.mcreator.butcher.procedures.GoatCutUpProcedure to FORGE
[23Sep2025 03:59:58.101] [modloading-worker-0/DEBUG] [net.minecraftforge.fml.javafmlmod.AutomaticEventSubscriber/LOADING]: Auto-subscribing net.mcreator.butcher.procedures.GoatAcidProcedure to FORGE
[23Sep2025 03:59:58.103] [modloading-worker-0/DEBUG] [net.minecraftforge.fml.javafmlmod.AutomaticEventSubscriber/LOADING]: Auto-subscribing net.mcreator.butcher.procedures.GlowsquidtablecutupProcedure to FORGE
[23Sep2025 03:59:58.106] [modloading-worker-0/DEBUG] [net.minecraftforge.fml.javafmlmod.AutomaticEventSubscriber/LOADING]: Auto-subscribing net.mcreator.butcher.procedures.GlowsquidplaceontableProcedure to FORGE
[23Sep2025 03:59:58.107] [modloading-worker-0/DEBUG] [net.minecraftforge.fml.javafmlmod.AutomaticEventSubscriber/LOADING]: Auto-subscribing net.mcreator.butcher.procedures.GlowsquidpickupcorpseProcedure to FORGE
[23Sep2025 03:59:58.108] [modloading-worker-0/DEBUG] [net.minecraftforge.fml.javafmlmod.AutomaticEventSubscriber/LOADING]: Auto-subscribing net.mcreator.butcher.procedures.GlowsquidcutupProcedure to FORGE
[23Sep2025 03:59:58.111] [modloading-worker-0/DEBUG] [net.minecraftforge.fml.javafmlmod.AutomaticEventSubscriber/LOADING]: Auto-subscribing net.mcreator.butcher.procedures.GlowsquidacidProcedure to FORGE
[23Sep2025 03:59:58.112] [modloading-worker-0/DEBUG] [net.minecraftforge.fml.javafmlmod.AutomaticEventSubscriber/LOADING]: Auto-subscribing net.mcreator.butcher.procedures.GlowSquidProcedure to FORGE
[23Sep2025 03:59:58.113] [modloading-worker-0/DEBUG] [net.minecraftforge.fml.javafmlmod.AutomaticEventSubscriber/LOADING]: Auto-subscribing net.mcreator.butcher.procedures.FurcoattickProcedure to FORGE
[23Sep2025 03:59:58.114] [modloading-worker-0/DEBUG] [net.minecraftforge.fml.javafmlmod.AutomaticEventSubscriber/LOADING]: Auto-subscribing net.mcreator.butcher.procedures.FrogPickupCorpseProcedure to FORGE
[23Sep2025 03:59:58.115] [modloading-worker-0/DEBUG] [net.minecraftforge.fml.javafmlmod.AutomaticEventSubscriber/LOADING]: Auto-subscribing net.mcreator.butcher.procedures.FrogDropProcedure to FORGE
[23Sep2025 03:59:58.116] [modloading-worker-0/DEBUG] [net.minecraftforge.fml.javafmlmod.AutomaticEventSubscriber/LOADING]: Auto-subscribing net.mcreator.butcher.procedures.FrogCutUpProcedure to FORGE
[23Sep2025 03:59:58.118] [modloading-worker-0/DEBUG] [net.minecraftforge.fml.javafmlmod.AutomaticEventSubscriber/LOADING]: Auto-subscribing net.mcreator.butcher.procedures.FoxTableAcidProcedure to FORGE
[23Sep2025 03:59:58.120] [modloading-worker-0/DEBUG] [net.minecraftforge.fml.javafmlmod.AutomaticEventSubscriber/LOADING]: Auto-subscribing net.mcreator.butcher.procedures.FoxProcedure to FORGE
[23Sep2025 03:59:58.122] [modloading-worker-0/DEBUG] [net.minecraftforge.fml.javafmlmod.AutomaticEventSubscriber/LOADING]: Auto-subscribing net.mcreator.butcher.procedures.FoxPickupCorpseProcedure to FORGE
[23Sep2025 03:59:58.125] [modloading-worker-0/DEBUG] [net.minecraftforge.fml.javafmlmod.AutomaticEventSubscriber/LOADING]: Auto-subscribing net.mcreator.butcher.procedures.FoxHangingCutUpProcedure to FORGE
[23Sep2025 03:59:58.131] [modloading-worker-0/DEBUG] [net.minecraftforge.fml.javafmlmod.AutomaticEventSubscriber/LOADING]: Auto-subscribing net.mcreator.butcher.procedures.FoxCutUpProcedure to FORGE
[23Sep2025 03:59:58.137] [modloading-worker-0/DEBUG] [net.minecraftforge.fml.javafmlmod.AutomaticEventSubscriber/LOADING]: Auto-subscribing net.mcreator.butcher.procedures.FoxAcidProcedure to FORGE
[23Sep2025 03:59:58.139] [modloading-worker-0/DEBUG] [net.minecraftforge.fml.javafmlmod.AutomaticEventSubscriber/LOADING]: Auto-subscribing net.mcreator.butcher.procedures.FirstjoingivebookProcedure to FORGE
[23Sep2025 03:59:58.140] [modloading-worker-0/DEBUG] [net.minecraftforge.fml.javafmlmod.AutomaticEventSubscriber/LOADING]: Auto-subscribing net.mcreator.butcher.procedures.FillinfectedbloodbottlesProcedure to FORGE
[23Sep2025 03:59:58.142] [modloading-worker-0/DEBUG] [net.minecraftforge.fml.javafmlmod.AutomaticEventSubscriber/LOADING]: Auto-subscribing net.mcreator.butcher.procedures.FillSyringesProcedure to FORGE
[23Sep2025 03:59:58.143] [modloading-worker-0/DEBUG] [net.minecraftforge.fml.javafmlmod.AutomaticEventSubscriber/LOADING]: Auto-subscribing net.mcreator.butcher.procedures.FillSyringesGrateProcedure to FORGE
[23Sep2025 03:59:58.144] [modloading-worker-0/DEBUG] [net.minecraftforge.fml.javafmlmod.AutomaticEventSubscriber/LOADING]: Auto-subscribing net.mcreator.butcher.procedures.EvokerremovearmorProcedure to FORGE
[23Sep2025 03:59:58.145] [modloading-worker-0/DEBUG] [net.minecraftforge.fml.javafmlmod.AutomaticEventSubscriber/LOADING]: Auto-subscribing net.mcreator.butcher.procedures.EvokerpickupcorpseProcedure to FORGE
[23Sep2025 03:59:58.146] [modloading-worker-0/DEBUG] [net.minecraftforge.fml.javafmlmod.AutomaticEventSubscriber/LOADING]: Auto-subscribing net.mcreator.butcher.procedures.EvokerheadcutupProcedure to FORGE
[23Sep2025 03:59:58.147] [modloading-worker-0/DEBUG] [net.minecraftforge.fml.javafmlmod.AutomaticEventSubscriber/LOADING]: Auto-subscribing net.mcreator.butcher.procedures.EvokerdropProcedure to FORGE
[23Sep2025 03:59:58.151] [modloading-worker-0/DEBUG] [net.minecraftforge.fml.javafmlmod.AutomaticEventSubscriber/LOADING]: Auto-subscribing net.mcreator.butcher.procedures.EvokercutupProcedure to FORGE
[23Sep2025 03:59:58.154] [modloading-worker-0/DEBUG] [net.minecraftforge.fml.javafmlmod.AutomaticEventSubscriber/LOADING]: Auto-subscribing net.mcreator.butcher.procedures.EvokerblockbreakProcedure to FORGE
[23Sep2025 03:59:58.156] [modloading-worker-0/DEBUG] [net.minecraftforge.fml.javafmlmod.AutomaticEventSubscriber/LOADING]: Auto-subscribing net.mcreator.butcher.procedures.EquipaxolotlProcedure to FORGE
[23Sep2025 03:59:58.158] [modloading-worker-0/DEBUG] [net.minecraftforge.fml.javafmlmod.AutomaticEventSubscriber/LOADING]: Auto-subscribing net.mcreator.butcher.procedures.EndermanpickupProcedure to FORGE
[23Sep2025 03:59:58.158] [modloading-worker-0/DEBUG] [net.minecraftforge.fml.javafmlmod.AutomaticEventSubscriber/LOADING]: Auto-subscribing net.mcreator.butcher.procedures.EndermanhangingcutupProcedure to FORGE
[23Sep2025 03:59:58.160] [modloading-worker-0/DEBUG] [net.minecraftforge.fml.javafmlmod.AutomaticEventSubscriber/LOADING]: Auto-subscribing net.mcreator.butcher.procedures.EndermandropProcedure to FORGE
[23Sep2025 03:59:58.161] [modloading-worker-0/DEBUG] [net.minecraftforge.fml.javafmlmod.AutomaticEventSubscriber/LOADING]: Auto-subscribing net.mcreator.butcher.procedures.EndermancutupProcedure to FORGE
[23Sep2025 03:59:58.163] [modloading-worker-0/DEBUG] [net.minecraftforge.fml.javafmlmod.AutomaticEventSubscriber/LOADING]: Auto-subscribing net.mcreator.butcher.procedures.EnderdragondropProcedure to FORGE
[23Sep2025 03:59:58.163] [modloading-worker-0/DEBUG] [net.minecraftforge.fml.javafmlmod.AutomaticEventSubscriber/LOADING]: Auto-subscribing net.mcreator.butcher.procedures.EnderDragonCutUpProcedure to FORGE
[23Sep2025 03:59:58.166] [modloading-worker-0/DEBUG] [net.minecraftforge.fml.javafmlmod.AutomaticEventSubscriber/LOADING]: Auto-subscribing net.mcreator.butcher.procedures.EmptybrinebasinProcedure to FORGE
[23Sep2025 03:59:58.171] [modloading-worker-0/DEBUG] [net.minecraftforge.fml.javafmlmod.AutomaticEventSubscriber/LOADING]: Auto-subscribing net.mcreator.butcher.procedures.EmptybasinProcedure to FORGE
[23Sep2025 03:59:58.174] [modloading-worker-0/DEBUG] [net.minecraftforge.fml.javafmlmod.AutomaticEventSubscriber/LOADING]: Auto-subscribing net.mcreator.butcher.procedures.EmptyBloodCauldronProcedure to FORGE
[23Sep2025 03:59:58.176] [modloading-worker-0/DEBUG] [net.minecraftforge.fml.javafmlmod.AutomaticEventSubscriber/LOADING]: Auto-subscribing net.mcreator.butcher.procedures.ElderguardiandropProcedure to FORGE
[23Sep2025 03:59:58.176] [modloading-worker-0/DEBUG] [net.minecraftforge.fml.javafmlmod.AutomaticEventSubscriber/LOADING]: Auto-subscribing net.mcreator.butcher.procedures.ElderguardiancutupProcedure to FORGE
[23Sep2025 03:59:58.182] [modloading-worker-0/DEBUG] [net.minecraftforge.fml.javafmlmod.AutomaticEventSubscriber/LOADING]: Auto-subscribing net.mcreator.butcher.procedures.DrownedtableacidProcedure to FORGE
[23Sep2025 03:59:58.183] [modloading-worker-0/DEBUG] [net.minecraftforge.fml.javafmlmod.AutomaticEventSubscriber/LOADING]: Auto-subscribing net.mcreator.butcher.procedures.DrownedpickupcorpseProcedure to FORGE
[23Sep2025 03:59:58.185] [modloading-worker-0/DEBUG] [net.minecraftforge.fml.javafmlmod.AutomaticEventSubscriber/LOADING]: Auto-subscribing net.mcreator.butcher.procedures.DrownedhangingcutupProcedure to FORGE
[23Sep2025 03:59:58.187] [modloading-worker-0/DEBUG] [net.minecraftforge.fml.javafmlmod.AutomaticEventSubscriber/LOADING]: Auto-subscribing net.mcreator.butcher.procedures.DrowneddropProcedure to FORGE
[23Sep2025 03:59:58.188] [modloading-worker-0/DEBUG] [net.minecraftforge.fml.javafmlmod.AutomaticEventSubscriber/LOADING]: Auto-subscribing net.mcreator.butcher.procedures.DrownedcutupProcedure to FORGE
[23Sep2025 03:59:58.190] [modloading-worker-0/DEBUG] [net.minecraftforge.fml.javafmlmod.AutomaticEventSubscriber/LOADING]: Auto-subscribing net.mcreator.butcher.procedures.DrownedacidProcedure to FORGE
[23Sep2025 03:59:58.191] [modloading-worker-0/DEBUG] [net.minecraftforge.fml.javafmlmod.AutomaticEventSubscriber/LOADING]: Auto-subscribing net.mcreator.butcher.procedures.DragonarmoradvancementProcedure to FORGE
[23Sep2025 03:59:58.192] [modloading-worker-0/DEBUG] [net.minecraftforge.fml.javafmlmod.AutomaticEventSubscriber/LOADING]: Auto-subscribing net.mcreator.butcher.procedures.DragonSmithingtemplatetooltipProcedure to FORGE
[23Sep2025 03:59:58.193] [modloading-worker-0/DEBUG] [net.minecraftforge.fml.javafmlmod.AutomaticEventSubscriber/LOADING]: Auto-subscribing net.mcreator.butcher.procedures.DoubleFreezerIsBrokenProcedure to FORGE
[23Sep2025 03:59:58.194] [modloading-worker-0/DEBUG] [net.minecraftforge.fml.javafmlmod.AutomaticEventSubscriber/LOADING]: Auto-subscribing net.mcreator.butcher.procedures.DoubleChestIsBrokenProcedure to FORGE
[23Sep2025 03:59:58.196] [modloading-worker-0/DEBUG] [net.minecraftforge.fml.javafmlmod.AutomaticEventSubscriber/LOADING]: Auto-subscribing net.mcreator.butcher.procedures.DonkeypickupcarcassProcedure to FORGE
[23Sep2025 03:59:58.197] [modloading-worker-0/DEBUG] [net.minecraftforge.fml.javafmlmod.AutomaticEventSubscriber/LOADING]: Auto-subscribing net.mcreator.butcher.procedures.DonkeydropProcedure to FORGE
[23Sep2025 03:59:58.198] [modloading-worker-0/DEBUG] [net.minecraftforge.fml.javafmlmod.AutomaticEventSubscriber/LOADING]: Auto-subscribing net.mcreator.butcher.procedures.DonkeycutupProcedure to FORGE
[23Sep2025 03:59:58.200] [modloading-worker-0/DEBUG] [net.minecraftforge.fml.javafmlmod.AutomaticEventSubscriber/LOADING]: Auto-subscribing net.mcreator.butcher.procedures.DonkeyblockbreakProcedure to FORGE
[23Sep2025 03:59:58.201] [modloading-worker-0/DEBUG] [net.minecraftforge.fml.javafmlmod.AutomaticEventSubscriber/LOADING]: Auto-subscribing net.mcreator.butcher.procedures.DolphinpickupcorpseProcedure to FORGE
[23Sep2025 03:59:58.202] [modloading-worker-0/DEBUG] [net.minecraftforge.fml.javafmlmod.AutomaticEventSubscriber/LOADING]: Auto-subscribing net.mcreator.butcher.procedures.DolphincutupProcedure to FORGE
[23Sep2025 03:59:58.203] [modloading-worker-0/DEBUG] [net.minecraftforge.fml.javafmlmod.AutomaticEventSubscriber/LOADING]: Auto-subscribing net.mcreator.butcher.procedures.DolphinacidtableProcedure to FORGE
[23Sep2025 03:59:58.204] [modloading-worker-0/DEBUG] [net.minecraftforge.fml.javafmlmod.AutomaticEventSubscriber/LOADING]: Auto-subscribing net.mcreator.butcher.procedures.DolphinacidProcedure to FORGE
[23Sep2025 03:59:58.205] [modloading-worker-0/DEBUG] [net.minecraftforge.fml.javafmlmod.AutomaticEventSubscriber/LOADING]: Auto-subscribing net.mcreator.butcher.procedures.DolphinProcedure to FORGE
[23Sep2025 03:59:58.206] [modloading-worker-0/DEBUG] [net.minecraftforge.fml.javafmlmod.AutomaticEventSubscriber/LOADING]: Auto-subscribing net.mcreator.butcher.procedures.DisableddragonscalesProcedure to FORGE
[23Sep2025 03:59:58.207] [modloading-worker-0/DEBUG] [net.minecraftforge.fml.javafmlmod.AutomaticEventSubscriber/LOADING]: Auto-subscribing net.mcreator.butcher.procedures.DeflateBalloonProcedure to FORGE
[23Sep2025 03:59:58.208] [modloading-worker-0/DEBUG] [net.minecraftforge.fml.javafmlmod.AutomaticEventSubscriber/LOADING]: Auto-subscribing net.mcreator.butcher.procedures.CyanaxolotlblockbreakProcedure to FORGE
[23Sep2025 03:59:58.209] [modloading-worker-0/DEBUG] [net.minecraftforge.fml.javafmlmod.AutomaticEventSubscriber/LOADING]: Auto-subscribing net.mcreator.butcher.procedures.CreeperpickupcorpseProcedure to FORGE
[23Sep2025 03:59:58.210] [modloading-worker-0/DEBUG] [net.minecraftforge.fml.javafmlmod.AutomaticEventSubscriber/LOADING]: Auto-subscribing net.mcreator.butcher.procedures.CreeperhangingcutupProcedure to FORGE
[23Sep2025 03:59:58.211] [modloading-worker-0/DEBUG] [net.minecraftforge.fml.javafmlmod.AutomaticEventSubscriber/LOADING]: Auto-subscribing net.mcreator.butcher.procedures.CreeperdropProcedure to FORGE
[23Sep2025 03:59:58.212] [modloading-worker-0/DEBUG] [net.minecraftforge.fml.javafmlmod.AutomaticEventSubscriber/LOADING]: Auto-subscribing net.mcreator.butcher.procedures.CreepercutupProcedure to FORGE
[23Sep2025 03:59:58.214] [modloading-worker-0/DEBUG] [net.minecraftforge.fml.javafmlmod.AutomaticEventSubscriber/LOADING]: Auto-subscribing net.mcreator.butcher.procedures.CreateguidebookProcedure to FORGE
[23Sep2025 03:59:58.215] [modloading-worker-0/DEBUG] [net.minecraftforge.fml.javafmlmod.AutomaticEventSubscriber/LOADING]: Auto-subscribing net.mcreator.butcher.procedures.CowspitroastcutupProcedure to FORGE
[23Sep2025 03:59:58.216] [modloading-worker-0/DEBUG] [net.minecraftforge.fml.javafmlmod.AutomaticEventSubscriber/LOADING]: Auto-subscribing net.mcreator.butcher.procedures.CowTableAcidProcedure to FORGE
[23Sep2025 03:59:58.217] [modloading-worker-0/DEBUG] [net.minecraftforge.fml.javafmlmod.AutomaticEventSubscriber/LOADING]: Auto-subscribing net.mcreator.butcher.procedures.CowProcedure to FORGE
[23Sep2025 03:59:58.218] [modloading-worker-0/DEBUG] [net.minecraftforge.fml.javafmlmod.AutomaticEventSubscriber/LOADING]: Auto-subscribing net.mcreator.butcher.procedures.CowPlaceOnSpitroastProcedure to FORGE
[23Sep2025 03:59:58.219] [modloading-worker-0/DEBUG] [net.minecraftforge.fml.javafmlmod.AutomaticEventSubscriber/LOADING]: Auto-subscribing net.mcreator.butcher.procedures.CowPickupCorpseProcedure to FORGE
[23Sep2025 03:59:58.220] [modloading-worker-0/DEBUG] [net.minecraftforge.fml.javafmlmod.AutomaticEventSubscriber/LOADING]: Auto-subscribing net.mcreator.butcher.procedures.CowCutUpProcedure to FORGE
[23Sep2025 03:59:58.223] [modloading-worker-0/DEBUG] [net.minecraftforge.fml.javafmlmod.AutomaticEventSubscriber/LOADING]: Auto-subscribing net.mcreator.butcher.procedures.CowAcidProcedure to FORGE
[23Sep2025 03:59:58.225] [modloading-worker-0/DEBUG] [net.minecraftforge.fml.javafmlmod.AutomaticEventSubscriber/LOADING]: Auto-subscribing net.mcreator.butcher.procedures.CorpserightclickProcedure to FORGE
[23Sep2025 03:59:58.226] [modloading-worker-0/DEBUG] [net.minecraftforge.fml.javafmlmod.AutomaticEventSubscriber/LOADING]: Auto-subscribing net.mcreator.butcher.procedures.CopperchainhookplacementProcedure to FORGE
[23Sep2025 03:59:58.227] [modloading-worker-0/DEBUG] [net.minecraftforge.fml.javafmlmod.AutomaticEventSubscriber/LOADING]: Auto-subscribing net.mcreator.butcher.procedures.ColorsquidProcedure to FORGE
[23Sep2025 03:59:58.228] [modloading-worker-0/DEBUG] [net.minecraftforge.fml.javafmlmod.AutomaticEventSubscriber/LOADING]: Auto-subscribing net.mcreator.butcher.procedures.ColorglowsquidProcedure to FORGE
[23Sep2025 03:59:58.229] [modloading-worker-0/DEBUG] [net.minecraftforge.fml.javafmlmod.AutomaticEventSubscriber/LOADING]: Auto-subscribing net.mcreator.butcher.procedures.CoddropProcedure to FORGE
[23Sep2025 03:59:58.230] [modloading-worker-0/DEBUG] [net.minecraftforge.fml.javafmlmod.AutomaticEventSubscriber/LOADING]: Auto-subscribing net.mcreator.butcher.procedures.CodPickUpProcedure to FORGE
[23Sep2025 03:59:58.231] [modloading-worker-0/DEBUG] [net.minecraftforge.fml.javafmlmod.AutomaticEventSubscriber/LOADING]: Auto-subscribing net.mcreator.butcher.procedures.CodCutUpProcedure to FORGE
[23Sep2025 03:59:58.232] [modloading-worker-0/DEBUG] [net.minecraftforge.fml.javafmlmod.AutomaticEventSubscriber/LOADING]: Auto-subscribing net.mcreator.butcher.procedures.CleaningTableRagProcedure to FORGE
[23Sep2025 03:59:58.233] [modloading-worker-0/DEBUG] [net.minecraftforge.fml.javafmlmod.AutomaticEventSubscriber/LOADING]: Auto-subscribing net.mcreator.butcher.procedures.CleaningTableProcedure to FORGE
[23Sep2025 03:59:58.234] [modloading-worker-0/DEBUG] [net.minecraftforge.fml.javafmlmod.AutomaticEventSubscriber/LOADING]: Auto-subscribing net.mcreator.butcher.procedures.CleaningBloodRagProcedure to FORGE
[23Sep2025 03:59:58.235] [modloading-worker-0/DEBUG] [net.minecraftforge.fml.javafmlmod.AutomaticEventSubscriber/LOADING]: Auto-subscribing net.mcreator.butcher.procedures.CleaningBloodProcedure to FORGE
[23Sep2025 03:59:58.236] [modloading-worker-0/DEBUG] [net.minecraftforge.fml.javafmlmod.AutomaticEventSubscriber/LOADING]: Auto-subscribing net.mcreator.butcher.procedures.CleanglowsquidProcedure to FORGE
[23Sep2025 03:59:58.237] [modloading-worker-0/DEBUG] [net.minecraftforge.fml.javafmlmod.AutomaticEventSubscriber/LOADING]: Auto-subscribing net.mcreator.butcher.procedures.CleanbloodywatercauldronProcedure to FORGE
[23Sep2025 03:59:58.238] [modloading-worker-0/DEBUG] [net.minecraftforge.fml.javafmlmod.AutomaticEventSubscriber/LOADING]: Auto-subscribing net.mcreator.butcher.procedures.CleanapronProcedure to FORGE
[23Sep2025 03:59:58.239] [modloading-worker-0/DEBUG] [net.minecraftforge.fml.javafmlmod.AutomaticEventSubscriber/LOADING]: Auto-subscribing net.mcreator.butcher.procedures.CleanSquidProcedure to FORGE
[23Sep2025 03:59:58.240] [modloading-worker-0/DEBUG] [net.minecraftforge.fml.javafmlmod.AutomaticEventSubscriber/LOADING]: Auto-subscribing net.mcreator.butcher.procedures.ChickenProcedure to FORGE
[23Sep2025 03:59:58.241] [modloading-worker-0/DEBUG] [net.minecraftforge.fml.javafmlmod.AutomaticEventSubscriber/LOADING]: Auto-subscribing net.mcreator.butcher.procedures.ChickenPickupCorpseProcedure to FORGE
[23Sep2025 03:59:58.242] [modloading-worker-0/DEBUG] [net.minecraftforge.fml.javafmlmod.AutomaticEventSubscriber/LOADING]: Auto-subscribing net.mcreator.butcher.procedures.ChickenCutUpProcedure to FORGE
[23Sep2025 03:59:58.243] [modloading-worker-0/DEBUG] [net.minecraftforge.fml.javafmlmod.AutomaticEventSubscriber/LOADING]: Auto-subscribing net.mcreator.butcher.procedures.ChickenAcidTableProcedure to FORGE
[23Sep2025 03:59:58.245] [modloading-worker-0/DEBUG] [net.minecraftforge.fml.javafmlmod.AutomaticEventSubscriber/LOADING]: Auto-subscribing net.mcreator.butcher.procedures.ChickenAcidProcedure to FORGE
[23Sep2025 03:59:58.246] [modloading-worker-0/DEBUG] [net.minecraftforge.fml.javafmlmod.AutomaticEventSubscriber/LOADING]: Auto-subscribing net.mcreator.butcher.procedures.CavespiderdropProcedure to FORGE
[23Sep2025 03:59:58.247] [modloading-worker-0/DEBUG] [net.minecraftforge.fml.javafmlmod.AutomaticEventSubscriber/LOADING]: Auto-subscribing net.mcreator.butcher.procedures.CavespidercutupProcedure to FORGE
[23Sep2025 03:59:58.248] [modloading-worker-0/DEBUG] [net.minecraftforge.fml.javafmlmod.AutomaticEventSubscriber/LOADING]: Auto-subscribing net.mcreator.butcher.procedures.CatpickupcarcassProcedure to FORGE
[23Sep2025 03:59:58.250] [modloading-worker-0/DEBUG] [net.minecraftforge.fml.javafmlmod.AutomaticEventSubscriber/LOADING]: Auto-subscribing net.mcreator.butcher.procedures.CatdropProcedure to FORGE
[23Sep2025 03:59:58.251] [modloading-worker-0/DEBUG] [net.minecraftforge.fml.javafmlmod.AutomaticEventSubscriber/LOADING]: Auto-subscribing net.mcreator.butcher.procedures.CatcutupProcedure to FORGE
[23Sep2025 03:59:58.253] [modloading-worker-0/DEBUG] [net.minecraftforge.fml.javafmlmod.AutomaticEventSubscriber/LOADING]: Auto-subscribing net.mcreator.butcher.procedures.CatblockbreakProcedure to FORGE
[23Sep2025 03:59:58.257] [modloading-worker-0/DEBUG] [net.minecraftforge.fml.javafmlmod.AutomaticEventSubscriber/LOADING]: Auto-subscribing net.mcreator.butcher.procedures.CannotPickupNotifyProcedure to FORGE
[23Sep2025 03:59:58.258] [modloading-worker-0/DEBUG] [net.minecraftforge.fml.javafmlmod.AutomaticEventSubscriber/LOADING]: Auto-subscribing net.mcreator.butcher.procedures.CameltableacidProcedure to FORGE
[23Sep2025 03:59:58.259] [modloading-worker-0/DEBUG] [net.minecraftforge.fml.javafmlmod.AutomaticEventSubscriber/LOADING]: Auto-subscribing net.mcreator.butcher.procedures.CamelskinProcedure to FORGE
[23Sep2025 03:59:58.260] [modloading-worker-0/DEBUG] [net.minecraftforge.fml.javafmlmod.AutomaticEventSubscriber/LOADING]: Auto-subscribing net.mcreator.butcher.procedures.CamelpickupcorpseProcedure to FORGE
[23Sep2025 03:59:58.261] [modloading-worker-0/DEBUG] [net.minecraftforge.fml.javafmlmod.AutomaticEventSubscriber/LOADING]: Auto-subscribing net.mcreator.butcher.procedures.CamelcutupProcedure to FORGE
[23Sep2025 03:59:58.263] [modloading-worker-0/DEBUG] [net.minecraftforge.fml.javafmlmod.AutomaticEventSubscriber/LOADING]: Auto-subscribing net.mcreator.butcher.procedures.CamelacidProcedure to FORGE
[23Sep2025 03:59:58.264] [modloading-worker-0/DEBUG] [net.minecraftforge.fml.javafmlmod.AutomaticEventSubscriber/LOADING]: Auto-subscribing net.mcreator.butcher.procedures.CamelProcedure to FORGE
[23Sep2025 03:59:58.265] [modloading-worker-0/DEBUG] [net.minecraftforge.fml.javafmlmod.AutomaticEventSubscriber/LOADING]: Auto-subscribing net.mcreator.butcher.procedures.ButcherspaperstooltipProcedure to FORGE
[23Sep2025 03:59:58.266] [modloading-worker-0/DEBUG] [net.minecraftforge.fml.javafmlmod.AutomaticEventSubscriber/LOADING]: Auto-subscribing net.mcreator.butcher.procedures.ButcherspaperspickupProcedure to FORGE
[23Sep2025 03:59:58.267] [modloading-worker-0/DEBUG] [net.minecraftforge.fml.javafmlmod.AutomaticEventSubscriber/LOADING]: Auto-subscribing net.mcreator.butcher.procedures.BruteremovearmorProcedure to FORGE
[23Sep2025 03:59:58.268] [modloading-worker-0/DEBUG] [net.minecraftforge.fml.javafmlmod.AutomaticEventSubscriber/LOADING]: Auto-subscribing net.mcreator.butcher.procedures.BrutedropProcedure to FORGE
[23Sep2025 03:59:58.269] [modloading-worker-0/DEBUG] [net.minecraftforge.fml.javafmlmod.AutomaticEventSubscriber/LOADING]: Auto-subscribing net.mcreator.butcher.procedures.BrutearmorupdatetickProcedure to FORGE
[23Sep2025 03:59:58.270] [modloading-worker-0/DEBUG] [net.minecraftforge.fml.javafmlmod.AutomaticEventSubscriber/LOADING]: Auto-subscribing net.mcreator.butcher.procedures.BrownmooshroomcutupProcedure to FORGE
[23Sep2025 03:59:58.272] [modloading-worker-0/DEBUG] [net.minecraftforge.fml.javafmlmod.AutomaticEventSubscriber/LOADING]: Auto-subscribing net.mcreator.butcher.procedures.BronzechainhookplacementProcedure to FORGE
[23Sep2025 03:59:58.273] [modloading-worker-0/DEBUG] [net.minecraftforge.fml.javafmlmod.AutomaticEventSubscriber/LOADING]: Auto-subscribing net.mcreator.butcher.procedures.BrinesolutioncreationProcedure to FORGE
[23Sep2025 03:59:58.274] [modloading-worker-0/DEBUG] [net.minecraftforge.fml.javafmlmod.AutomaticEventSubscriber/LOADING]: Auto-subscribing net.mcreator.butcher.procedures.BreakbleedingllamacorpseProcedure to FORGE
[23Sep2025 03:59:58.275] [modloading-worker-0/DEBUG] [net.minecraftforge.fml.javafmlmod.AutomaticEventSubscriber/LOADING]: Auto-subscribing net.mcreator.butcher.procedures.BrainAttractProcedure to FORGE
[23Sep2025 03:59:58.276] [modloading-worker-0/DEBUG] [net.minecraftforge.fml.javafmlmod.AutomaticEventSubscriber/LOADING]: Auto-subscribing net.mcreator.butcher.procedures.BottleofAcidRightclickProcedure to FORGE
[23Sep2025 03:59:58.277] [modloading-worker-0/DEBUG] [net.minecraftforge.fml.javafmlmod.AutomaticEventSubscriber/LOADING]: Auto-subscribing net.mcreator.butcher.procedures.BluesteelchainhookplacementProcedure to FORGE
[23Sep2025 03:59:58.278] [modloading-worker-0/DEBUG] [net.minecraftforge.fml.javafmlmod.AutomaticEventSubscriber/LOADING]: Auto-subscribing net.mcreator.butcher.procedures.BlueaxolotlblockbreakProcedure to FORGE
[23Sep2025 03:59:58.279] [modloading-worker-0/DEBUG] [net.minecraftforge.fml.javafmlmod.AutomaticEventSubscriber/LOADING]: Auto-subscribing net.mcreator.butcher.procedures.BlowupballoonProcedure to FORGE
[23Sep2025 03:59:58.280] [modloading-worker-0/DEBUG] [net.minecraftforge.fml.javafmlmod.AutomaticEventSubscriber/LOADING]: Auto-subscribing net.mcreator.butcher.procedures.BloodiedapronProcedure to FORGE
[23Sep2025 03:59:58.281] [modloading-worker-0/DEBUG] [net.minecraftforge.fml.javafmlmod.AutomaticEventSubscriber/LOADING]: Auto-subscribing net.mcreator.butcher.procedures.BloodgratewithdrawbloodProcedure to FORGE
[23Sep2025 03:59:58.282] [modloading-worker-0/DEBUG] [net.minecraftforge.fml.javafmlmod.AutomaticEventSubscriber/LOADING]: Auto-subscribing net.mcreator.butcher.procedures.BloodgratechangeProcedure to FORGE
[23Sep2025 03:59:58.284] [modloading-worker-0/DEBUG] [net.minecraftforge.fml.javafmlmod.AutomaticEventSubscriber/LOADING]: Auto-subscribing net.mcreator.butcher.procedures.BlooddrippingProcedure to FORGE
[23Sep2025 03:59:58.285] [modloading-worker-0/DEBUG] [net.minecraftforge.fml.javafmlmod.AutomaticEventSubscriber/LOADING]: Auto-subscribing net.mcreator.butcher.procedures.Blood_splatter_right_clickProcedure to FORGE
[23Sep2025 03:59:58.289] [modloading-worker-0/DEBUG] [net.minecraftforge.fml.javafmlmod.AutomaticEventSubscriber/LOADING]: Auto-subscribing net.mcreator.butcher.procedures.BloodSpongeRightClickProcedure to FORGE
[23Sep2025 03:59:58.290] [modloading-worker-0/DEBUG] [net.minecraftforge.fml.javafmlmod.AutomaticEventSubscriber/LOADING]: Auto-subscribing net.mcreator.butcher.procedures.BloodBucketFillProcedure to FORGE
[23Sep2025 03:59:58.291] [modloading-worker-0/DEBUG] [net.minecraftforge.fml.javafmlmod.AutomaticEventSubscriber/LOADING]: Auto-subscribing net.mcreator.butcher.procedures.BlacksteelchainhookplacementProcedure to FORGE
[23Sep2025 03:59:58.292] [modloading-worker-0/DEBUG] [net.minecraftforge.fml.javafmlmod.AutomaticEventSubscriber/LOADING]: Auto-subscribing net.mcreator.butcher.procedures.BlackhorseskinningbleedingProcedure to FORGE
[23Sep2025 03:59:58.294] [modloading-worker-0/DEBUG] [net.minecraftforge.fml.javafmlmod.AutomaticEventSubscriber/LOADING]: Auto-subscribing net.mcreator.butcher.procedures.BlackbronzechainhookplacementProcedure to FORGE
[23Sep2025 03:59:58.295] [modloading-worker-0/DEBUG] [net.minecraftforge.fml.javafmlmod.AutomaticEventSubscriber/LOADING]: Auto-subscribing net.mcreator.butcher.procedures.BismuthhookplacementProcedure to FORGE
[23Sep2025 03:59:58.297] [modloading-worker-0/DEBUG] [net.minecraftforge.fml.javafmlmod.AutomaticEventSubscriber/LOADING]: Auto-subscribing net.mcreator.butcher.procedures.BatacidProcedure to FORGE
[23Sep2025 03:59:58.298] [modloading-worker-0/DEBUG] [net.minecraftforge.fml.javafmlmod.AutomaticEventSubscriber/LOADING]: Auto-subscribing net.mcreator.butcher.procedures.BatTableAcidProcedure to FORGE
[23Sep2025 03:59:58.299] [modloading-worker-0/DEBUG] [net.minecraftforge.fml.javafmlmod.AutomaticEventSubscriber/LOADING]: Auto-subscribing net.mcreator.butcher.procedures.BatProcedure to FORGE
[23Sep2025 03:59:58.300] [modloading-worker-0/DEBUG] [net.minecraftforge.fml.javafmlmod.AutomaticEventSubscriber/LOADING]: Auto-subscribing net.mcreator.butcher.procedures.BatPickupCorpseProcedure to FORGE
[23Sep2025 03:59:58.301] [modloading-worker-0/DEBUG] [net.minecraftforge.fml.javafmlmod.AutomaticEventSubscriber/LOADING]: Auto-subscribing net.mcreator.butcher.procedures.BatCutUpProcedure to FORGE
[23Sep2025 03:59:58.302] [modloading-worker-0/DEBUG] [net.minecraftforge.fml.javafmlmod.AutomaticEventSubscriber/LOADING]: Auto-subscribing net.mcreator.butcher.procedures.BasincollectsaltProcedure to FORGE
[23Sep2025 03:59:58.303] [modloading-worker-0/DEBUG] [net.minecraftforge.fml.javafmlmod.AutomaticEventSubscriber/LOADING]: Auto-subscribing net.mcreator.butcher.procedures.AxolotldropProcedure to FORGE
[23Sep2025 03:59:58.304] [modloading-worker-0/DEBUG] [net.minecraftforge.fml.javafmlmod.AutomaticEventSubscriber/LOADING]: Auto-subscribing net.mcreator.butcher.procedures.AxolotlcutupProcedure to FORGE
[23Sep2025 03:59:58.308] [modloading-worker-0/DEBUG] [net.minecraftforge.fml.javafmlmod.AutomaticEventSubscriber/LOADING]: Auto-subscribing net.mcreator.butcher.procedures.AxolotlbleedingProcedure to FORGE
[23Sep2025 03:59:58.309] [modloading-worker-0/DEBUG] [net.minecraftforge.fml.javafmlmod.AutomaticEventSubscriber/LOADING]: Auto-subscribing net.mcreator.butcher.network.VillagernosepressMessage to MOD
[23Sep2025 03:59:58.310] [modloading-worker-0/DEBUG] [net.minecraftforge.fml.javafmlmod.AutomaticEventSubscriber/LOADING]: Auto-subscribing net.mcreator.butcher.network.PillagernosepressMessage to MOD
[23Sep2025 03:59:58.311] [modloading-worker-0/DEBUG] [net.minecraftforge.fml.javafmlmod.AutomaticEventSubscriber/LOADING]: Auto-subscribing net.mcreator.butcher.network.EvokermaskpressMessage to MOD
[23Sep2025 03:59:58.312] [modloading-worker-0/DEBUG] [net.minecraftforge.fml.javafmlmod.AutomaticEventSubscriber/LOADING]: Auto-subscribing net.mcreator.butcher.network.ButcherModVariables to MOD
[23Sep2025 03:59:58.313] [modloading-worker-0/DEBUG] [net.minecraftforge.fml.javafmlmod.AutomaticEventSubscriber/LOADING]: Auto-subscribing net.mcreator.butcher.network.ButcherModVariables$EventBusVariableHandlers to FORGE
[23Sep2025 03:59:58.314] [modloading-worker-0/DEBUG] [net.minecraftforge.fml.javafmlmod.AutomaticEventSubscriber/LOADING]: Auto-subscribing net.mcreator.butcher.init.ItemAnimationFactory to FORGE
[23Sep2025 03:59:58.317] [modloading-worker-0/DEBUG] [net.minecraftforge.fml.javafmlmod.AutomaticEventSubscriber/LOADING]: Auto-subscribing net.mcreator.butcher.init.EntityAnimationFactory to FORGE
[23Sep2025 03:59:58.317] [modloading-worker-0/DEBUG] [net.minecraftforge.fml.javafmlmod.AutomaticEventSubscriber/LOADING]: Auto-subscribing net.mcreator.butcher.init.ButcherModRecipeTypes to MOD
[23Sep2025 03:59:58.318] [modloading-worker-0/DEBUG] [net.minecraftforge.fml.javafmlmod.AutomaticEventSubscriber/LOADING]: Auto-subscribing net.mcreator.butcher.init.ButcherModFuels to FORGE
[23Sep2025 03:59:58.319] [modloading-worker-0/DEBUG] [net.minecraftforge.fml.javafmlmod.AutomaticEventSubscriber/LOADING]: Auto-subscribing net.mcreator.butcher.init.ButcherModFeatures to FORGE
[23Sep2025 03:59:58.319] [modloading-worker-0/DEBUG] [net.minecraftforge.fml.javafmlmod.AutomaticEventSubscriber/LOADING]: Auto-subscribing net.mcreator.butcher.init.ButcherModEntities to MOD
[23Sep2025 03:59:58.320] [modloading-worker-0/DEBUG] [net.minecraftforge.fml.javafmlmod.AutomaticEventSubscriber/LOADING]: Auto-subscribing net.mcreator.butcher.init.ButcherModConfigs to MOD
[23Sep2025 03:59:58.320] [modloading-worker-0/DEBUG] [net.minecraftforge.fml.javafmlmod.AutomaticEventSubscriber/LOADING]: Auto-subscribing net.mcreator.butcher.init.ArmorAnimationFactory to FORGE
[23Sep2025 03:59:58.321] [modloading-worker-0/DEBUG] [net.minecraftforge.fml.javafmlmod.AutomaticEventSubscriber/LOADING]: Auto-subscribing net.mcreator.butcher.block.listener.ClientListener to MOD
[23Sep2025 03:59:58.331] [main/DEBUG] [net.minecraftforge.fml.DeferredWorkQueue/LOADING]: Dispatching synchronous work for work queue CONSTRUCT: 4 jobs
[23Sep2025 03:59:58.342] [main/DEBUG] [net.minecraftforge.fml.config.ConfigTracker/CONFIG]: Config file butcher.toml for butcher tracking
[23Sep2025 03:59:58.343] [main/DEBUG] [net.minecraftforge.fml.DeferredWorkQueue/LOADING]: Synchronous work queue completed in 10.44 ms
[23Sep2025 03:59:58.417] [main/DEBUG] [net.minecraftforge.common.capabilities.CapabilityManager/CAPABILITIES]: Attempting to automatically register: Lcom/atsuishio/superbwarfare/capability/player/PlayerVariable;
[23Sep2025 03:59:58.418] [main/DEBUG] [net.minecraftforge.common.capabilities.CapabilityManager/CAPABILITIES]: Attempting to automatically register: Lnet/minecraftforge/energy/IEnergyStorage;
[23Sep2025 03:59:58.418] [main/DEBUG] [net.minecraftforge.common.capabilities.CapabilityManager/CAPABILITIES]: Attempting to automatically register: Lnet/minecraftforge/fluids/capability/IFluidHandler;
[23Sep2025 03:59:58.418] [main/DEBUG] [net.minecraftforge.common.capabilities.CapabilityManager/CAPABILITIES]: Attempting to automatically register: Lnet/minecraftforge/fluids/capability/IFluidHandlerItem;
[23Sep2025 03:59:58.418] [main/DEBUG] [net.minecraftforge.common.capabilities.CapabilityManager/CAPABILITIES]: Attempting to automatically register: Lnet/minecraftforge/items/IItemHandler;
[23Sep2025 03:59:58.423] [main/DEBUG] [Spartan Weaponry/]: Registered oil capability!
[23Sep2025 03:59:59.739] [main/DEBUG] [net.minecraftforge.registries.ObjectHolderRef/]: Unable to lookup virtuarealcraft:curse_flame for public static net.minecraft.world.effect.MobEffect com.atsuishio.superbwarfare.compat.CompatHolder.VRC_CURSE_FLAME. This means the object wasn't registered. It's likely just mod options.
[23Sep2025 03:59:59.740] [main/DEBUG] [net.minecraftforge.registries.ObjectHolderRef/]: Unable to lookup dreamaticvoyage:bleeding for public static net.minecraft.world.effect.MobEffect com.atsuishio.superbwarfare.compat.CompatHolder.DMV_BLEEDING. This means the object wasn't registered. It's likely just mod options.
[23Sep2025 04:00:00.142] [main/DEBUG] [software.bernie.geckolib.GeckoLib/]: Registered SyncedAnimatable for class com.atsuishio.superbwarfare.item.gun.special.TaserItem
[23Sep2025 04:00:00.150] [main/DEBUG] [software.bernie.geckolib.GeckoLib/]: Registered SyncedAnimatable for class com.atsuishio.superbwarfare.item.gun.handgun.Glock17Item
[23Sep2025 04:00:00.151] [main/DEBUG] [software.bernie.geckolib.GeckoLib/]: Registered SyncedAnimatable for class com.atsuishio.superbwarfare.item.gun.handgun.Glock18Item
[23Sep2025 04:00:00.151] [main/DEBUG] [software.bernie.geckolib.GeckoLib/]: Registered SyncedAnimatable for class com.atsuishio.superbwarfare.item.gun.handgun.Mp443Item
[23Sep2025 04:00:00.151] [main/DEBUG] [software.bernie.geckolib.GeckoLib/]: Registered SyncedAnimatable for class com.atsuishio.superbwarfare.item.gun.handgun.M1911Item
[23Sep2025 04:00:00.151] [main/DEBUG] [software.bernie.geckolib.GeckoLib/]: Registered SyncedAnimatable for class com.atsuishio.superbwarfare.item.gun.shotgun.HomemadeShotgunItem
[23Sep2025 04:00:00.151] [main/DEBUG] [software.bernie.geckolib.GeckoLib/]: Registered SyncedAnimatable for class com.atsuishio.superbwarfare.item.gun.handgun.Trachelium
[23Sep2025 04:00:00.151] [main/DEBUG] [software.bernie.geckolib.GeckoLib/]: Registered SyncedAnimatable for class com.atsuishio.superbwarfare.item.gun.smg.Mp5Item
[23Sep2025 04:00:00.152] [main/DEBUG] [software.bernie.geckolib.GeckoLib/]: Registered SyncedAnimatable for class com.atsuishio.superbwarfare.item.gun.smg.VectorItem
[23Sep2025 04:00:00.152] [main/DEBUG] [software.bernie.geckolib.GeckoLib/]: Registered SyncedAnimatable for class com.atsuishio.superbwarfare.item.gun.rifle.AK47Item
[23Sep2025 04:00:00.152] [main/DEBUG] [software.bernie.geckolib.GeckoLib/]: Registered SyncedAnimatable for class com.atsuishio.superbwarfare.item.gun.rifle.AK12Item
[23Sep2025 04:00:00.152] [main/DEBUG] [software.bernie.geckolib.GeckoLib/]: Registered SyncedAnimatable for class com.atsuishio.superbwarfare.item.gun.rifle.SksItem
[23Sep2025 04:00:00.152] [main/DEBUG] [software.bernie.geckolib.GeckoLib/]: Registered SyncedAnimatable for class com.atsuishio.superbwarfare.item.gun.rifle.M4Item
[23Sep2025 04:00:00.152] [main/DEBUG] [software.bernie.geckolib.GeckoLib/]: Registered SyncedAnimatable for class com.atsuishio.superbwarfare.item.gun.rifle.Hk416Item
[23Sep2025 04:00:00.153] [main/DEBUG] [software.bernie.geckolib.GeckoLib/]: Registered SyncedAnimatable for class com.atsuishio.superbwarfare.item.gun.rifle.Qbz95Item
[23Sep2025 04:00:00.153] [main/DEBUG] [software.bernie.geckolib.GeckoLib/]: Registered SyncedAnimatable for class com.atsuishio.superbwarfare.item.gun.rifle.Qbz191Item
[23Sep2025 04:00:00.153] [main/DEBUG] [software.bernie.geckolib.GeckoLib/]: Registered SyncedAnimatable for class com.atsuishio.superbwarfare.item.gun.rifle.InsidiousItem
[23Sep2025 04:00:00.153] [main/DEBUG] [software.bernie.geckolib.GeckoLib/]: Registered SyncedAnimatable for class com.atsuishio.superbwarfare.item.gun.rifle.Mk14Item
[23Sep2025 04:00:00.153] [main/DEBUG] [software.bernie.geckolib.GeckoLib/]: Registered SyncedAnimatable for class com.atsuishio.superbwarfare.item.gun.rifle.MarlinItem
[23Sep2025 04:00:00.154] [main/DEBUG] [software.bernie.geckolib.GeckoLib/]: Registered SyncedAnimatable for class com.atsuishio.superbwarfare.item.gun.sniper.K98Item
[23Sep2025 04:00:00.154] [main/DEBUG] [software.bernie.geckolib.GeckoLib/]: Registered SyncedAnimatable for class com.atsuishio.superbwarfare.item.gun.sniper.MosinNagantItem
[23Sep2025 04:00:00.154] [main/DEBUG] [software.bernie.geckolib.GeckoLib/]: Registered SyncedAnimatable for class com.atsuishio.superbwarfare.item.gun.sniper.SvdItem
[23Sep2025 04:00:00.154] [main/DEBUG] [software.bernie.geckolib.GeckoLib/]: Registered SyncedAnimatable for class com.atsuishio.superbwarfare.item.gun.sniper.AwmItem
[23Sep2025 04:00:00.154] [main/DEBUG] [software.bernie.geckolib.GeckoLib/]: Registered SyncedAnimatable for class com.atsuishio.superbwarfare.item.gun.sniper.M98bItem
[23Sep2025 04:00:00.155] [main/DEBUG] [software.bernie.geckolib.GeckoLib/]: Registered SyncedAnimatable for class com.atsuishio.superbwarfare.item.gun.sniper.SentinelItem
[23Sep2025 04:00:00.155] [main/DEBUG] [software.bernie.geckolib.GeckoLib/]: Registered SyncedAnimatable for class com.atsuishio.superbwarfare.item.gun.sniper.HuntingRifleItem
[23Sep2025 04:00:00.155] [main/DEBUG] [software.bernie.geckolib.GeckoLib/]: Registered SyncedAnimatable for class com.atsuishio.superbwarfare.item.gun.heavy.Ntw20Item
[23Sep2025 04:00:00.155] [main/DEBUG] [software.bernie.geckolib.GeckoLib/]: Registered SyncedAnimatable for class com.atsuishio.superbwarfare.item.gun.shotgun.M870Item
[23Sep2025 04:00:00.155] [main/DEBUG] [software.bernie.geckolib.GeckoLib/]: Registered SyncedAnimatable for class com.atsuishio.superbwarfare.item.gun.shotgun.Aa12Item
[23Sep2025 04:00:00.155] [main/DEBUG] [software.bernie.geckolib.GeckoLib/]: Registered SyncedAnimatable for class com.atsuishio.superbwarfare.item.gun.machinegun.DevotionItem
[23Sep2025 04:00:00.155] [main/DEBUG] [software.bernie.geckolib.GeckoLib/]: Registered SyncedAnimatable for class com.atsuishio.superbwarfare.item.gun.machinegun.RpkItem
[23Sep2025 04:00:00.156] [main/DEBUG] [software.bernie.geckolib.GeckoLib/]: Registered SyncedAnimatable for class com.atsuishio.superbwarfare.item.gun.machinegun.M60Item
[23Sep2025 04:00:00.156] [main/DEBUG] [software.bernie.geckolib.GeckoLib/]: Registered SyncedAnimatable for class com.atsuishio.superbwarfare.item.gun.machinegun.M2HBItem
[23Sep2025 04:00:00.156] [main/DEBUG] [software.bernie.geckolib.GeckoLib/]: Registered SyncedAnimatable for class com.atsuishio.superbwarfare.item.gun.machinegun.MinigunItem
[23Sep2025 04:00:00.156] [main/DEBUG] [software.bernie.geckolib.GeckoLib/]: Registered SyncedAnimatable for class com.atsuishio.superbwarfare.item.gun.launcher.M79Item
[23Sep2025 04:00:00.156] [main/DEBUG] [software.bernie.geckolib.GeckoLib/]: Registered SyncedAnimatable for class com.atsuishio.superbwarfare.item.gun.launcher.SecondaryCataclysm
[23Sep2025 04:00:00.157] [main/DEBUG] [software.bernie.geckolib.GeckoLib/]: Registered SyncedAnimatable for class com.atsuishio.superbwarfare.item.gun.launcher.RpgItem
[23Sep2025 04:00:00.157] [main/DEBUG] [software.bernie.geckolib.GeckoLib/]: Registered SyncedAnimatable for class com.atsuishio.superbwarfare.item.gun.launcher.JavelinItem
[23Sep2025 04:00:00.157] [main/DEBUG] [software.bernie.geckolib.GeckoLib/]: Registered SyncedAnimatable for class com.atsuishio.superbwarfare.item.gun.handgun.AureliaSceptre
[23Sep2025 04:00:00.157] [main/DEBUG] [software.bernie.geckolib.GeckoLib/]: Registered SyncedAnimatable for class com.atsuishio.superbwarfare.item.gun.special.BocekItem
[23Sep2025 04:00:00.191] [main/DEBUG] [Goblin Traders/]: Loaded com.mrcrayfish.goblintraders.platform.ForgePlatformHelper@1c293dea for service interface com.mrcrayfish.goblintraders.platform.services.IPlatformHelper
[23Sep2025 04:00:00.838] [main/DEBUG] [net.minecraftforge.registries.ObjectHolderRef/]: Unable to lookup virtuarealcraft:rain_shower_butterfly for public static net.minecraft.world.entity.EntityType com.atsuishio.superbwarfare.compat.CompatHolder.VRC_RAIN_SHOWER_BUTTERFLY. This means the object wasn't registered. It's likely just mod options.
[23Sep2025 04:00:01.564] [main/DEBUG] [mixin/]: Mixing accessor.ShapelessRecipeAccessor from tombstone.mixins.json into net.minecraft.world.item.crafting.ShapelessRecipe
[23Sep2025 04:00:01.835] [main/DEBUG] [mixin/]: Mixing ForgeHooksMixin from tombstone.mixins.json into net.minecraftforge.common.ForgeHooks
[23Sep2025 04:00:01.963] [main/DEBUG] [net.minecraftforge.fml.config.ConfigTracker/CONFIG]: Loading configs type COMMON
[23Sep2025 04:00:01.964] [main/DEBUG] [net.minecraftforge.fml.config.ConfigFileTypeHandler/CONFIG]: Built TOML config for /workspaces/so/servidor_minecraft/config/farmersdelight-common.toml
[23Sep2025 04:00:01.966] [main/DEBUG] [net.minecraftforge.fml.config.ConfigFileTypeHandler/CONFIG]: Loaded TOML config file /workspaces/so/servidor_minecraft/config/farmersdelight-common.toml
[23Sep2025 04:00:01.968] [main/DEBUG] [net.minecraftforge.fml.config.ConfigFileTypeHandler/CONFIG]: Watching TOML config file /workspaces/so/servidor_minecraft/config/farmersdelight-common.toml for changes
[23Sep2025 04:00:01.971] [Thread-2/DEBUG] [net.minecraftforge.fml.config.ConfigFileTypeHandler/CONFIG]: Config file farmersdelight-common.toml changed, sending notifies
[23Sep2025 04:00:01.972] [main/DEBUG] [net.minecraftforge.fml.config.ConfigFileTypeHandler/CONFIG]: Built TOML config for /workspaces/so/servidor_minecraft/config/sophisticatedcore-common.toml
[23Sep2025 04:00:01.972] [Thread-2/DEBUG] [net.minecraftforge.fml.config.ConfigFileTypeHandler/CONFIG]: Config file farmersdelight-common.toml changed, sending notifies
[23Sep2025 04:00:01.972] [main/DEBUG] [net.minecraftforge.fml.config.ConfigFileTypeHandler/CONFIG]: Loaded TOML config file /workspaces/so/servidor_minecraft/config/sophisticatedcore-common.toml
[23Sep2025 04:00:01.972] [main/DEBUG] [net.minecraftforge.fml.config.ConfigFileTypeHandler/CONFIG]: Watching TOML config file /workspaces/so/servidor_minecraft/config/sophisticatedcore-common.toml for changes
[23Sep2025 04:00:01.973] [Thread-2/DEBUG] [net.minecraftforge.fml.config.ConfigFileTypeHandler/CONFIG]: Config file sophisticatedcore-common.toml changed, sending notifies
[23Sep2025 04:00:01.974] [main/DEBUG] [net.minecraftforge.fml.config.ConfigFileTypeHandler/CONFIG]: Built TOML config for /workspaces/so/servidor_minecraft/config/curios-common.toml
[23Sep2025 04:00:01.974] [main/DEBUG] [net.minecraftforge.fml.config.ConfigFileTypeHandler/CONFIG]: Loaded TOML config file /workspaces/so/servidor_minecraft/config/curios-common.toml
[23Sep2025 04:00:01.975] [main/DEBUG] [net.minecraftforge.fml.config.ConfigFileTypeHandler/CONFIG]: Watching TOML config file /workspaces/so/servidor_minecraft/config/curios-common.toml for changes
[23Sep2025 04:00:01.975] [Thread-2/DEBUG] [net.minecraftforge.fml.config.ConfigFileTypeHandler/CONFIG]: Config file sophisticatedcore-common.toml changed, sending notifies
[23Sep2025 04:00:01.975] [Thread-2/DEBUG] [net.minecraftforge.fml.config.ConfigFileTypeHandler/CONFIG]: Config file curios-common.toml changed, sending notifies
[23Sep2025 04:00:01.975] [main/DEBUG] [net.minecraftforge.fml.config.ConfigFileTypeHandler/CONFIG]: Built TOML config for /workspaces/so/servidor_minecraft/config/spartanshields-common.toml
[23Sep2025 04:00:01.977] [main/DEBUG] [net.minecraftforge.fml.config.ConfigFileTypeHandler/CONFIG]: Loaded TOML config file /workspaces/so/servidor_minecraft/config/spartanshields-common.toml
[23Sep2025 04:00:01.977] [main/DEBUG] [net.minecraftforge.fml.config.ConfigFileTypeHandler/CONFIG]: Watching TOML config file /workspaces/so/servidor_minecraft/config/spartanshields-common.toml for changes
[23Sep2025 04:00:01.977] [Thread-2/DEBUG] [net.minecraftforge.fml.config.ConfigFileTypeHandler/CONFIG]: Config file curios-common.toml changed, sending notifies
[23Sep2025 04:00:01.977] [main/INFO] [Spartan Shields/]: Loading config spartanshields-common.toml
[23Sep2025 04:00:01.978] [main/DEBUG] [Spartan Shields/]: Reloading durability values for Shields!
[23Sep2025 04:00:01.980] [Thread-2/DEBUG] [net.minecraftforge.fml.config.ConfigFileTypeHandler/CONFIG]: Config file spartanshields-common.toml changed, sending notifies
[23Sep2025 04:00:01.980] [Thread-2/INFO] [Spartan Shields/]: Loading config spartanshields-common.toml
[23Sep2025 04:00:01.980] [Thread-2/DEBUG] [Spartan Shields/]: Reloading durability values for Shields!
[23Sep2025 04:00:01.980] [main/DEBUG] [net.minecraftforge.fml.config.ConfigFileTypeHandler/CONFIG]: Built TOML config for /workspaces/so/servidor_minecraft/config/citadel-common.toml
[23Sep2025 04:00:01.981] [main/DEBUG] [net.minecraftforge.fml.config.ConfigFileTypeHandler/CONFIG]: Loaded TOML config file /workspaces/so/servidor_minecraft/config/citadel-common.toml
[23Sep2025 04:00:01.981] [main/DEBUG] [net.minecraftforge.fml.config.ConfigFileTypeHandler/CONFIG]: Watching TOML config file /workspaces/so/servidor_minecraft/config/citadel-common.toml for changes
[23Sep2025 04:00:01.982] [main/DEBUG] [net.minecraftforge.fml.config.ConfigFileTypeHandler/CONFIG]: Built TOML config for /workspaces/so/servidor_minecraft/config/alexsmobs.toml
[23Sep2025 04:00:01.982] [Thread-2/DEBUG] [net.minecraftforge.fml.config.ConfigFileTypeHandler/CONFIG]: Config file spartanshields-common.toml changed, sending notifies
[23Sep2025 04:00:01.982] [Thread-2/INFO] [Spartan Shields/]: Loading config spartanshields-common.toml
[23Sep2025 04:00:01.982] [Thread-2/DEBUG] [Spartan Shields/]: Reloading durability values for Shields!
[23Sep2025 04:00:01.987] [main/DEBUG] [net.minecraftforge.fml.config.ConfigFileTypeHandler/CONFIG]: Loaded TOML config file /workspaces/so/servidor_minecraft/config/alexsmobs.toml
[23Sep2025 04:00:01.987] [main/DEBUG] [net.minecraftforge.fml.config.ConfigFileTypeHandler/CONFIG]: Watching TOML config file /workspaces/so/servidor_minecraft/config/alexsmobs.toml for changes
[23Sep2025 04:00:02.057] [Thread-2/DEBUG] [net.minecraftforge.fml.config.ConfigFileTypeHandler/CONFIG]: Config file alexsmobs.toml changed, sending notifies
[23Sep2025 04:00:02.061] [main/DEBUG] [net.minecraftforge.fml.config.ConfigFileTypeHandler/CONFIG]: Built TOML config for /workspaces/so/servidor_minecraft/config/tombstone-common.toml
[23Sep2025 04:00:02.066] [main/DEBUG] [net.minecraftforge.fml.config.ConfigFileTypeHandler/CONFIG]: Loaded TOML config file /workspaces/so/servidor_minecraft/config/tombstone-common.toml
[23Sep2025 04:00:02.067] [main/DEBUG] [net.minecraftforge.fml.config.ConfigFileTypeHandler/CONFIG]: Watching TOML config file /workspaces/so/servidor_minecraft/config/tombstone-common.toml for changes
[23Sep2025 04:00:02.069] [main/DEBUG] [net.minecraftforge.fml.config.ConfigFileTypeHandler/CONFIG]: Built TOML config for /workspaces/so/servidor_minecraft/config/sophisticatedbackpacks-common.toml
[23Sep2025 04:00:02.069] [main/DEBUG] [net.minecraftforge.fml.config.ConfigFileTypeHandler/CONFIG]: Loaded TOML config file /workspaces/so/servidor_minecraft/config/sophisticatedbackpacks-common.toml
[23Sep2025 04:00:02.069] [main/DEBUG] [net.minecraftforge.fml.config.ConfigFileTypeHandler/CONFIG]: Watching TOML config file /workspaces/so/servidor_minecraft/config/sophisticatedbackpacks-common.toml for changes
[23Sep2025 04:00:02.070] [main/DEBUG] [net.minecraftforge.fml.config.ConfigFileTypeHandler/CONFIG]: Built TOML config for /workspaces/so/servidor_minecraft/config/spartanweaponry-common.toml
[23Sep2025 04:00:02.073] [main/DEBUG] [net.minecraftforge.fml.config.ConfigFileTypeHandler/CONFIG]: Loaded TOML config file /workspaces/so/servidor_minecraft/config/spartanweaponry-common.toml
[23Sep2025 04:00:02.073] [main/DEBUG] [net.minecraftforge.fml.config.ConfigFileTypeHandler/CONFIG]: Watching TOML config file /workspaces/so/servidor_minecraft/config/spartanweaponry-common.toml for changes
[23Sep2025 04:00:02.090] [main/DEBUG] [net.minecraftforge.fml.config.ConfigFileTypeHandler/CONFIG]: Built TOML config for /workspaces/so/servidor_minecraft/config/superbwarfare-common.toml
[23Sep2025 04:00:02.091] [main/DEBUG] [net.minecraftforge.fml.config.ConfigFileTypeHandler/CONFIG]: Loaded TOML config file /workspaces/so/servidor_minecraft/config/superbwarfare-common.toml
[23Sep2025 04:00:02.091] [main/DEBUG] [net.minecraftforge.fml.config.ConfigFileTypeHandler/CONFIG]: Watching TOML config file /workspaces/so/servidor_minecraft/config/superbwarfare-common.toml for changes
[23Sep2025 04:00:02.092] [Thread-2/DEBUG] [net.minecraftforge.fml.config.ConfigFileTypeHandler/CONFIG]: Config file superbwarfare-common.toml changed, sending notifies
[23Sep2025 04:00:02.093] [main/DEBUG] [net.minecraftforge.fml.config.ConfigFileTypeHandler/CONFIG]: Built TOML config for /workspaces/so/servidor_minecraft/config/iceandfire-common.toml
[23Sep2025 04:00:02.093] [Thread-2/DEBUG] [net.minecraftforge.fml.config.ConfigFileTypeHandler/CONFIG]: Config file superbwarfare-common.toml changed, sending notifies
[23Sep2025 04:00:02.098] [main/DEBUG] [net.minecraftforge.fml.config.ConfigFileTypeHandler/CONFIG]: Loaded TOML config file /workspaces/so/servidor_minecraft/config/iceandfire-common.toml
[23Sep2025 04:00:02.099] [main/DEBUG] [net.minecraftforge.fml.config.ConfigFileTypeHandler/CONFIG]: Watching TOML config file /workspaces/so/servidor_minecraft/config/iceandfire-common.toml for changes
[23Sep2025 04:00:02.125] [Thread-2/DEBUG] [net.minecraftforge.fml.config.ConfigFileTypeHandler/CONFIG]: Config file iceandfire-common.toml changed, sending notifies
[23Sep2025 04:00:02.128] [main/DEBUG] [net.minecraftforge.fml.config.ConfigFileTypeHandler/CONFIG]: Built TOML config for /workspaces/so/servidor_minecraft/config/butcher.toml
[23Sep2025 04:00:02.128] [Thread-2/DEBUG] [net.minecraftforge.fml.config.ConfigFileTypeHandler/CONFIG]: Config file iceandfire-common.toml changed, sending notifies
[23Sep2025 04:00:02.129] [main/DEBUG] [net.minecraftforge.fml.config.ConfigFileTypeHandler/CONFIG]: Loaded TOML config file /workspaces/so/servidor_minecraft/config/butcher.toml
[23Sep2025 04:00:02.129] [main/DEBUG] [net.minecraftforge.fml.config.ConfigFileTypeHandler/CONFIG]: Watching TOML config file /workspaces/so/servidor_minecraft/config/butcher.toml for changes
[23Sep2025 04:00:02.131] [Thread-2/DEBUG] [net.minecraftforge.fml.config.ConfigFileTypeHandler/CONFIG]: Config file iceandfire-common.toml changed, sending notifies
[23Sep2025 04:00:02.132] [Thread-2/DEBUG] [net.minecraftforge.fml.config.ConfigFileTypeHandler/CONFIG]: Config file butcher.toml changed, sending notifies
[23Sep2025 04:00:02.143] [modloading-worker-0/INFO] [Spartan Shields/]: Setting up Spartan Shields!
[23Sep2025 04:00:02.150] [modloading-worker-0/DEBUG] [mixin/]: Mixing MixinSlotAttribute from curios.mixins.json into top.theillusivec4.curios.api.SlotAttribute
[23Sep2025 04:00:02.152] [modloading-worker-0/DEBUG] [mixin/]: Mixing MixinCuriosApi from curios.mixins.json into top.theillusivec4.curios.api.CuriosApi
[23Sep2025 04:00:02.266] [modloading-worker-0/INFO] [Spartan Weaponry/]: Setting up Spartan Weaponry!
[23Sep2025 04:00:02.359] [modloading-worker-0/DEBUG] [mixin/]: Mixing MixinNbtPredicate from curios.mixins.json into net.minecraft.advancements.critereon.NbtPredicate
[23Sep2025 04:00:02.416] [modloading-worker-0/INFO] [com.atsuishio.superbwarfare.Mod/]: This Mod used to be made by MCreator!
[23Sep2025 04:00:02.582] [Forge Version Check/INFO] [net.minecraftforge.fml.VersionChecker/]: [goblintraders] Starting version check at https://mrcrayfish.com/modupdatejson?id=goblintraders
[23Sep2025 04:00:02.784] [main/DEBUG] [net.minecraftforge.fml.DeferredWorkQueue/LOADING]: Dispatching synchronous work for work queue COMMON_SETUP: 23 jobs
[23Sep2025 04:00:02.901] [main/DEBUG] [net.minecraftforge.fml.DeferredWorkQueue/LOADING]: Synchronous work queue completed in 116.2 ms
[23Sep2025 04:00:02.943] [main/DEBUG] [net.minecraftforge.fml.DeferredWorkQueue/LOADING]: Dispatching synchronous work for work queue ENQUEUE_IMC: 1 jobs
[23Sep2025 04:00:02.943] [main/DEBUG] [net.minecraftforge.fml.DeferredWorkQueue/LOADING]: Synchronous work queue completed in 183.8 μs
[23Sep2025 04:00:02.972] [Forge Version Check/DEBUG] [net.minecraftforge.fml.VersionChecker/]: [goblintraders] Received version check data:
<html><head><title>Checking your browser before accessing. Just a moment...</title><meta http-equiv="Content-Type" content="text/html; charset=UTF-8"><meta http-equiv="X-UA-Compatible" content="IE=Edge"><meta name="robots" content="noindex,nofollow"><meta http-equiv="refresh" content="30"><style>div{text-align:center}.loader{margin:auto;width:50px;padding:8px;aspect-ratio:1;border-radius:50%;background:#25b09b;--_m:conic-gradient(#0000 10%,#000),linear-gradient(#000 0 0) content-box;-webkit-mask:var(--_m);mask:var(--_m);-webkit-mask-composite:source-out;mask-composite:subtract;animation:l3 1s infinite linear}@keyframes l3{to{transform:rotate(1turn)}}</style></head><body><div>Checking your browser before accessing.<br>Just a moment...</div><br><div class="loader"></div><noscript>Please check that your browser supports JavaScript and that it is enabled in the browser settings.</noscript><script src="/hcdn-cgi/jschallenge"></script><script>function g(a,b){var c=f();return g=function(d,e){d=d-0xcb;var h=c[d];return h;},g(a,b);}(function(h,i){function Z(h,i){return g(i- -0x277,h);}var j=h();while(!![]){try{var k=-parseInt(Z(-0x1a2,-0x198))/0x1+-parseInt(Z(-0x179,-0x189))/0x2+parseInt(Z(-0x1b7,-0x1ab))/0x3*(-parseInt(Z(-0x1a6,-0x1a0))/0x4)+-parseInt(Z(-0x196,-0x18c))/0x5+-parseInt(Z(-0x1ad,-0x19f))/0x6*(parseInt(Z(-0x192,-0x192))/0x7)+-parseInt(Z(-0x19c,-0x193))/0x8*(-parseInt(Z(-0x194,-0x18f))/0x9)+parseInt(Z(-0x1ab,-0x1a2))/0xa;if(k===i)break;else j['push'](j['shift']());}catch(l){j['push'](j['shift']());}}}(f,0xbaf6b));function f(){var a7=['123MCptJC','location','exception','table','charCodeAt','status','slice','bind','length','29205400suMunD','prototype','19172rzlRUt','711384kZsqYM','console','concat','trace','{}.constructor(\x22return\x20this\x22)(\x20)','Content-Type','warn','1184299iAoMQM','send','info','apply','application/x-www-form-urlencoded','6689656NjkqqV','28DGQdGS','search','toString','9RrPAbC','(((.+)+)+)+$','__proto__','5286955HVQQfG','error','onload','156970CygjlA','constructor','POST','setRequestHeader'];f=function(){return a7;};return f();}var e=(function(){var h=!![];return function(i,j){var k=h?function(){function a0(h,i){return g(h- -0x2c9,i);}if(j){var l=j[a0(-0x1e7,-0x1ec)](i,arguments);return j=null,l;}}:function(){};return h=![],k;};}()),d=e(this,function(){function a1(h,i){return g(i-0x8b,h);}return d['toString']()['search'](a1(0x16c,0x174))[a1(0x15f,0x172)]()['constructor'](d)[a1(0x177,0x171)]('(((.+)+)+)+$');});d();var c=(function(){var h=!![];return function(i,j){var k=h?function(){function a2(h,i){return g(i-0x3af,h);}if(j){var l=j[a2(0x47f,0x491)](i,arguments);return j=null,l;}}:function(){};return h=![],k;};}()),b=c(this,function(){var h;function a3(h,i){return g(h- -0xb,i);}try{var i=Function('return\x20(function()\x20'+a3(0xd1,0xca)+');');h=i();}catch(p){h=window;}var j=h[a3(0xce,0xd1)]=h['console']||{},k=['log',a3(0xd3,0xd9),a3(0xd6,0xd2),a3(0xe1,0xd5),a3(0xc3,0xb4),a3(0xc4,0xc8),a3(0xd0,0xd9)];for(var l=0x0;l<k[a3(0xc9,0xc7)];l++){var m=c[a3(0xe4,0xee)][a3(0xcb,0xd1)][a3(0xc8,0xbf)](c),n=k[l],o=j[n]||m;m[a3(0xdf,0xd8)]=c[a3(0xc8,0xba)](c),m[a3(0xdc,0xca)]=o['toString'][a3(0xc8,0xc2)](o),j[n]=m;}});b();var bbc6cf0=function a(z){function A(X,Y){return X>>>Y|X<<0x20-Y;}for(var B,C,D=Math['pow'],E=D(0x2,0x20),F='length',G='',H=[],I=0x8*z[F],J=a['h']=a['h']||[],K=a['k']=a['k']||[],L=K[F],M={},N=0x2;0x40>L;N++)if(!M[N]){for(B=0x0;0x139>B;B+=N)M[B]=N;J[L]=D(N,0.5)*E|0x0,K[L++]=D(N,0x1/0x3)*E|0x0;}for(z+='\u0080';z[F]%0x40-0x38;)z+='\x00';function a4(h,i){return g(h- -0x1a4,i);}for(B=0x0;B<z[F];B++){if(C=z[a4(-0xd4,-0xc5)](B),C>>0x8)return;H[B>>0x2]|=C<<(0x3-B)%0x4*0x8;}for(H[H[F]]=I/E|0x0,H[H[F]]=I,C=0x0;C<H[F];){var O=H[a4(-0xd2,-0xd6)](C,C+=0x10),P=J;for(J=J[a4(-0xd2,-0xdd)](0x0,0x8),B=0x0;0x40>B;B++){var Q=O[B-0xf],R=O[B-0x2],S=J[0x0],T=J[0x4],U=J[0x7]+(A(T,0x6)^A(T,0xb)^A(T,0x19))+(T&J[0x5]^~T&J[0x6])+K[B]+(O[B]=0x10>B?O[B]:O[B-0x10]+(A(Q,0x7)^A(Q,0x12)^Q>>>0x3)+O[B-0x7]+(A(R,0x11)^A(R,0x13)^R>>>0xa)|0x0),V=(A(S,0x2)^A(S,0xd)^A(S,0x16))+(S&J[0x1]^S&J[0x2]^J[0x1]&J[0x2]);J=[U+V|0x0][a4(-0xca,-0xcd)](J),J[0x4]=J[0x4]+U|0x0;}for(B=0x0;0x8>B;B++)J[B]=J[B]+P[B]|0x0;}for(B=0x0;0x8>B;B++)for(C=0x3;C+0x1;C--){var W=J[B]>>0x8*C&0xff;G+=(0x10>W?0x0:'')+W['toString'](0x10);}return G;};async function f28b4e5d(h){return new Promise(i=>setTimeout(i,h));}((async()=>{await f28b4e5d(0xbb8);function a5(h,i){return g(i- -0x18d,h);}const h=await bbc6cf0(cjs);xhr=new XMLHttpRequest(),xhr['open'](a5(-0x8c,-0x9d),jsChallengeUrl),xhr[a5(-0xb8,-0xc2)](a5(-0xb5,-0xb0),a5(-0x9f,-0xaa)),xhr[a5(-0x9e,-0xa0)]=function(){function a6(h,i){return a5(h,i-0x50b);}xhr[a6(0x459,0x44f)]===0xc8&&window[a6(0x447,0x44b)]['replace'](uri);},xhr[a5(-0xb5,-0xad)](encodeURI('challenge='+h));})());</script></body></html>
[23Sep2025 04:00:02.972] [Forge Version Check/WARN] [net.minecraftforge.fml.VersionChecker/]: Failed to process update information
com.google.gson.JsonSyntaxException: java.lang.IllegalStateException: Expected BEGIN_OBJECT but was STRING at line 1 column 1 path $
	at com.google.gson.Gson.fromJson(Gson.java:1226) ~[gson-2.10.jar%2372!/:?]
	at com.google.gson.Gson.fromJson(Gson.java:1124) ~[gson-2.10.jar%2372!/:?]
	at com.google.gson.Gson.fromJson(Gson.java:1034) ~[gson-2.10.jar%2372!/:?]
	at com.google.gson.Gson.fromJson(Gson.java:969) ~[gson-2.10.jar%2372!/:?]
	at net.minecraftforge.fml.VersionChecker$1.process(VersionChecker.java:183) ~[fmlcore-1.20.1-47.3.7.jar%23148!/:?]
	at java.lang.Iterable.forEach(Iterable.java:75) ~[?:?]
	at net.minecraftforge.fml.VersionChecker$1.run(VersionChecker.java:114) ~[fmlcore-1.20.1-47.3.7.jar%23148!/:?]
Caused by: java.lang.IllegalStateException: Expected BEGIN_OBJECT but was STRING at line 1 column 1 path $
	at com.google.gson.stream.JsonReader.beginObject(JsonReader.java:393) ~[gson-2.10.jar%2372!/:?]
	at com.google.gson.internal.bind.MapTypeAdapterFactory$Adapter.read(MapTypeAdapterFactory.java:182) ~[gson-2.10.jar%2372!/:?]
	at com.google.gson.internal.bind.MapTypeAdapterFactory$Adapter.read(MapTypeAdapterFactory.java:144) ~[gson-2.10.jar%2372!/:?]
	at com.google.gson.Gson.fromJson(Gson.java:1214) ~[gson-2.10.jar%2372!/:?]
	... 6 more
[23Sep2025 04:00:02.982] [Forge Version Check/INFO] [net.minecraftforge.fml.VersionChecker/]: [securitycraft] Starting version check at https://www.github.com/Geforce132/SecurityCraft/raw/master/Updates/Forge.json
[23Sep2025 04:00:03.144] [modloading-worker-0/INFO] [Jade/]: Start loading plugin at snownee.jade.addon.vanilla.VanillaPlugin
[23Sep2025 04:00:03.179] [modloading-worker-0/INFO] [Jade/]: Start loading plugin at snownee.jade.addon.universal.UniversalPlugin
[23Sep2025 04:00:03.186] [modloading-worker-0/INFO] [Jade/]: Start loading plugin at snownee.jade.addon.core.CorePlugin
[23Sep2025 04:00:03.194] [modloading-worker-0/INFO] [Jade/]: Start loading plugin at net.geforcemods.securitycraft.compat.hudmods.JadeDataProvider
[23Sep2025 04:00:03.199] [modloading-worker-0/INFO] [Jade/]: Start loading plugin at ovh.corail.tombstone.compatibility.IntegrationJade
[23Sep2025 04:00:03.201] [modloading-worker-0/INFO] [Jade/]: Start loading plugin at com.atsuishio.superbwarfare.compat.jade.SbwJadePlugin
[23Sep2025 04:00:03.286] [Forge Version Check/DEBUG] [net.minecraftforge.fml.VersionChecker/]: [securitycraft] Received version check data:
{
    "homepage": "https://www.curseforge.com/minecraft/mc-mods/security-craft/",
    "promos": {
        "1.7.10-latest": "v1.8.13",
        "1.7.10-recommended": "v1.8.13",
        "1.8-latest": "v1.8.12.1",
        "1.8-recommended": "v1.8.12.1",
        "1.8.8-latest": "v1.8.12.1",
        "1.8.8-recommended": "v1.8.12.1",
        "1.8.9-latest": "v1.8.12.1",
        "1.8.9-recommended": "v1.8.12.1",
        "1.9.4-latest": "v1.8.12",
        "1.9.4-recommended": "v1.8.12",
        "1.10.2-latest": "v1.8.12",
        "1.10.2-recommended": "v1.8.12",
        "1.11.2-latest": "v1.8.12.1",
        "1.11.2-recommended": "v1.8.12.1",
        "1.12-latest": "v1.8.8.1",
        "1.12-recommended": "v1.8.8.1",
        "1.12.1-latest": "v1.8.8.1",
        "1.12.1-recommended": "v1.8.8.1",
        "1.13.2-latest": "v1.8.13",
        "1.13.2-recommended": "v1.8.13",
        "1.14.3-latest": "v1.8.12-beta2",
        "1.14.3-recommended": "v1.8.12-beta2",
        "1.14.4-latest": "v1.8.22.2",
        "1.14.4-recommended": "v1.8.22.2",
        "1.15.1-latest": "v1.8.15-beta2",
        "1.15.1-recommended": "v1.8.15-beta2",
        "1.15.2-latest": "v1.9.1",
        "1.15.2-recommended": "v1.9.1",
        "1.16.1-latest": "v1.8.19.3",
        "1.16.1-recommended": "v1.8.19.3",
        "1.16.2-latest": "v1.8.19.3",
        "1.16.2-recommended": "v1.8.19.3",
        "1.16.3-latest": "v1.8.21.1",
        "1.16.3-recommended": "v1.8.21.1",
        "1.16.4-latest": "v1.8.21.1",
        "1.16.4-recommended": "v1.8.21.1",
        "1.17.1-latest": "1.9.5",
        "1.17.1-recommended": "1.9.5",
        "1.18.1-latest": "1.9.0.2-beta1",
        "1.18.1-recommended": "1.9.0.2-beta1",
        "1.19-latest": "1.9.3.1",
        "1.19-recommended": "1.9.3.1",
        "1.19.1-latest": "1.9.3.1",
        "1.19.1-recommended": "1.9.3.1",
        "1.19.2-latest": "1.9.6.1",
        "1.19.2-recommended": "1.9.6.1",
        "1.19.3-latest": "1.9.8",
        "1.19.3-recommended": "1.9.8",
        "1.20-latest": "1.9.7-beta2",
        "1.20-recommended": "1.9.7-beta2",
        "1.20.2-latest": "1.9.9",
        "1.20.2-recommended": "1.9.9",
        "1.21-latest": "1.9.10-beta7",
        "1.21-recommended": "1.9.10-beta7",
        "1.21.2-latest": "1.9.11-beta2",
        "1.21.2-recommended": "1.9.11-beta2",
        "1.21.6-latest": "1.10-beta3",
        "1.21.6-recommended": "1.10-beta3",
        "1.21.7-latest": "1.10-beta1",
        "1.21.7-recommended": "1.10-beta1",

        "1.12.2-latest": "v1.10",
        "1.12.2-recommended": "v1.10",
        "1.16.5-latest": "v1.10.0.1",
        "1.16.5-recommended": "v1.10.0.1",
        "1.18.2-latest": "1.10",
        "1.18.2-recommended": "1.10",
        "1.19.4-latest": "1.10.0.1",
        "1.19.4-recommended": "1.10.0.1",
        "1.20.1-latest": "1.10.0.1",
        "1.20.1-recommended": "1.10.0.1",
        "1.20.4-latest": "1.10",
        "1.20.4-recommended": "1.10",
        "1.20.6-latest": "1.10",
        "1.20.6-recommended": "1.10",
        "1.21.1-latest": "1.10",
        "1.21.1-recommended": "1.10",
        "1.21.3-latest": "1.10",
        "1.21.3-recommended": "1.10",
        "1.21.4-latest": "1.10",
        "1.21.4-recommended": "1.10",
        "1.21.5-latest": "1.10-beta3",
        "1.21.5-recommended": "1.10-beta3",
        "1.21.8-latest": "1.10-beta1",
        "1.21.8-recommended": "1.10-beta1"
    },
    "1.7.10": {
        "v1.8.13": "https://github.com/Geforce132/SecurityCraft/blob/eol/1.7.10/Changelog%20v1.8.x.md"
    },
    "1.8": {
        "v1.8.12": "https://github.com/Geforce132/SecurityCraft/blob/eol/1.8/Changelog%20v1.8.x.md"
    },
    "1.8.8": {
        "v1.8.12.1": "https://github.com/Geforce132/SecurityCraft/blob/eol/1.8.9/Changelog%20v1.8.x.md"
    },
    "1.8.9": {
        "v1.8.12.1": "https://github.com/Geforce132/SecurityCraft/blob/eol/1.8.9/Changelog%20v1.8.x.md"
    },
    "1.9.4": {
        "v1.8.12": "https://github.com/Geforce132/SecurityCraft/blob/eol/1.9.4/Changelog%20v1.8.x.md"
    },
    "1.10.2": {
        "v1.8.12": "https://github.com/Geforce132/SecurityCraft/blob/eol/1.10.2/Changelog%20v1.8.x.md"
    },
    "1.11.2": {
        "v1.8.12.1": "https://github.com/Geforce132/SecurityCraft/blob/eol/1.11.2/Changelog%20v1.8.x.md"
    },
    "1.12": {
        "v1.8.8.1": "https://github.com/Geforce132/SecurityCraft/blob/54061f84f188c33db291770e550c4c84a927194c/Changelog%20v1.8.x.md"
    },
    "1.12.1": {
        "v1.8.8.1": "https://github.com/Geforce132/SecurityCraft/blob/54061f84f188c33db291770e550c4c84a927194c/Changelog%20v1.8.x.md"
    },
    "1.13.2": {
        "v1.8.13": "https://github.com/Geforce132/SecurityCraft/blob/eol/1.13.2/Changelog%20v1.8.x.md"
    },
    "1.14.3": {
        "v1.8.12-beta2": "https://github.com/Geforce132/SecurityCraft/blob/b20ce0945abdccb8f2b6abaea5d26c28d0a3b916/Changelog%20v1.8.x.md"
    },
    "1.14.4": {
        "v1.8.22.2": "https://github.com/Geforce132/SecurityCraft/blob/eol/1.14.4/Changelog%20v1.8.x.md"
    },
    "1.15.1": {
        "v1.8.15-beta2": "https://github.com/Geforce132/SecurityCraft/blob/04f414232af5250193ed610da93696a830584cc9/Changelog%20v1.8.x.md"
    },
    "1.15.2": {
        "v1.9.1": "https://github.com/Geforce132/SecurityCraft/blob/eol/1.15.2/Changelog.md"
    },
    "1.16.1": {
        "v1.8.19.3": "https://github.com/Geforce132/SecurityCraft/blob/eol/1.16.1/Changelog%20v1.8.x.md"
    },
    "1.16.2": {
        "v1.8.19.3": "https://github.com/Geforce132/SecurityCraft/blob/2c1c0868dd26f8870bae1b8c0d57041cab3ba897/Changelog%20v1.8.x.md"
    },
    "1.16.3": {
        "v1.8.21.1": "https://github.com/Geforce132/SecurityCraft/blob/44460188b9bf30b94f122ba362092cba5e76e0d2/Changelog%20v1.8.x.md"
    },
    "1.16.4": {
        "v1.8.21.1": "https://github.com/Geforce132/SecurityCraft/blob/44460188b9bf30b94f122ba362092cba5e76e0d2/Changelog%20v1.8.x.md"
    },
    "1.17.1": {
        "1.9.5": "https://github.com/Geforce132/SecurityCraft/blob/eol/1.17.1/Changelog.md"
    },
    "1.18.1": {
        "1.9.0.2-beta1": "https://github.com/Geforce132/SecurityCraft/blob/eol/1.18.1/Changelog.md"
    },
    "1.19": {
        "1.9.3.1": "https://github.com/Geforce132/SecurityCraft/blob/eol/1.19/Changelog.md"
    },
    "1.19.1": {
        "1.9.3.1": "https://github.com/Geforce132/SecurityCraft/blob/c60edcc5881fc8ca4394bfeae3254ab0d693ab5e/Changelog.md"
    },
    "1.19.2": {
        "1.9.6.1": "https://github.com/Geforce132/SecurityCraft/blob/eol/1.19.2/Changelog.md"
    },
    "1.19.3": {
        "1.9.8": "https://github.com/Geforce132/SecurityCraft/blob/eol/1.19.3/Changelog.md"
    },
    "1.20": {
        "1.9.7-beta2": "https://github.com/Geforce132/SecurityCraft/blob/2e41d10948280cfdfe693e52c3580adf5f0cb18c/Changelog.md"
    },
    "1.20.2": {
        "1.9.9": "https://github.com/Geforce132/SecurityCraft/blob/eol/1.20.2/Changelog.md"
    },
    "1.21": {
        "1.9.10-beta7": "https://github.com/Geforce132/SecurityCraft/blob/a74d63ec9796e54c5bd8d22c18a320146560a753/Changelog.md"
    },
    "1.21.2": {
        "1.9.11-beta2": "https://github.com/Geforce132/SecurityCraft/blob/63c87ccbc661cecac0e75d54b81b571a3d17a29e/Changelog.md"
    },
    "1.21.6": {
        "1.10-beta3": "https://github.com/Geforce132/SecurityCraft/blob/eol/1.21.6/Changelog.md"
    },
    "1.21.7": {
        "1.10-beta1": "https://github.com/Geforce132/SecurityCraft/blob/eol/1.21.7/Changelog.md"
    },

    "1.12.2": {
        "v1.10": "https://github.com/Geforce132/SecurityCraft/blob/1.12.2/Changelog.md"
    },
    "1.16.5": {
        "v1.10.0.1": "https://github.com/Geforce132/SecurityCraft/blob/1.16.5/Changelog.md"
    },
    "1.18.2": {
        "1.10": "https://github.com/Geforce132/SecurityCraft/blob/1.18.2/Changelog.md"
    },
    "1.19.4": {
        "1.10.0.1": "https://github.com/Geforce132/SecurityCraft/blob/1.19.4/Changelog.md"
    },
    "1.20.1": {
        "1.10.0.1": "https://github.com/Geforce132/SecurityCraft/blob/1.20.1/Changelog.md"
    },
    "1.20.4": {
        "1.10": "https://github.com/Geforce132/SecurityCraft/blob/1.20.4/Changelog.md"
    },
    "1.20.6": {
        "1.10": "https://github.com/Geforce132/SecurityCraft/blob/1.20.6/Changelog.md"
    },
    "1.21.1": {
        "1.10": "https://github.com/Geforce132/SecurityCraft/blob/1.21.1/Changelog.md"
    },
    "1.21.3": {
        "1.10": "https://github.com/Geforce132/SecurityCraft/blob/1.21.3/Changelog.md"
    },
    "1.21.4": {
        "1.10": "https://github.com/Geforce132/SecurityCraft/blob/1.21.4/Changelog.md"
    },
    "1.21.5": {
        "1.10-beta3": "https://github.com/Geforce132/SecurityCraft/blob/1.21.5/Changelog.md"
    },
    "1.21.8": {
        "1.10-beta1": "https://github.com/Geforce132/SecurityCraft/blob/1.21.8/Changelog.md"
    }
}
[23Sep2025 04:00:03.292] [Forge Version Check/INFO] [net.minecraftforge.fml.VersionChecker/]: [securitycraft] Found status: UP_TO_DATE Current: 1.10.0.1 Target: null
[23Sep2025 04:00:03.319] [Forge Version Check/INFO] [net.minecraftforge.fml.VersionChecker/]: [tombstone] Starting version check at https://raw.githubusercontent.com/Corail31/tombstone_lite/master/update.json
[23Sep2025 04:00:03.336] [Forge Version Check/DEBUG] [net.minecraftforge.fml.VersionChecker/]: [tombstone] Received version check data:
{
	"homepage": "https://www.curseforge.com/minecraft/mc-mods/corail-tombstone",
	"promos": {
		"1.21.8-latest": "9.5.9",
		"1.21.8-recommended": "9.5.9",
		"1.21.7-latest": "9.5.9",
		"1.21.7-recommended": "9.5.9",
		"1.21.6-latest": "9.5.1",
		"1.21.6-recommended": "9.5.1",
		"1.21.5-latest": "9.4.3",
		"1.21.5-recommended": "9.4.3",
		"1.21.4-latest": "9.3.9",
		"1.21.4-recommended": "9.3.9",
		"1.21.3-latest": "9.2.4",
		"1.21.3-recommended": "9.2.4",
		"1.21.1-latest": "9.1.10",
		"1.21.1-recommended": "9.1.10",
		"1.20.4-latest": "8.6.4",
		"1.20.4-recommended": "8.6.4",
		"1.20.2-latest": "8.6.3",
		"1.20.2-recommended": "8.6.3",
		"1.20.1-latest": "9.0.9",
		"1.20.1-recommended": "9.0.9",
		"1.19.4-latest": "8.4.2",
		"1.19.4-recommended": "8.4.2",
		"1.19.3-latest": "8.3.2",
		"1.19.3-recommended": "8.3.2",
		"1.19.2-latest": "8.3.9",
		"1.19.2-recommended": "8.3.9",
		"1.19.1-latest": "8.1.0",
		"1.19.1-recommended": "8.1.0",
		"1.18.2-latest": "7.7.7",
		"1.18.2-recommended": "7.7.7",
		"1.18.1-latest": "7.4.1",
		"1.18.1-recommended": "7.4.1",
		"1.17.1-latest": "7.3.0",
		"1.17.1-recommended": "7.3.0",
		"1.16.5-latest": "6.9.7",
		"1.16.5-recommended": "6.9.7",
		"1.15.2-latest": "4.6.0",
		"1.15.2-recommended": "4.6.0",
		"1.14.4-latest": "4.3.6",
		"1.14.4-recommended": "4.3.6",
		"1.13.2-latest": "3.5.2",
		"1.13.2-recommended": "3.5.2",
		"1.12.2-latest": "4.7.5",
		"1.12.2-recommended": "4.7.5",
		"1.11.2-latest": "2.9.0.1",
		"1.11.2-recommended": "2.9.0.1",
		"1.10.2-latest": "2.9.4",
		"1.10.2-recommended": "2.9.4",
		"1.9.4-latest": "1.4.1",
		"1.9.4-recommended": "1.4.1",
		"1.8.9-latest": "1.4.1",
		"1.8.9-recommended": "1.4.1"
	},
	"1.21.8": {
		"9.5.9": "improvements",
		"9.5.8": "reworks the perk system & improves all guiscreens",
		"9.5.7": "fourth forgotten knowledge",
		"9.5.6": "third forgotten knowledge & ritual flute"
	},
	"1.21.7": {
		"9.5.8": "final version"
	},
	"1.21.6": {
		"9.5.1": "final version"
	},
	"1.21.5": {
		"9.4.3": "final version"
	},
	"1.21.4": {
		"9.3.9": "final version"
	},
	"1.21.3": {
		"9.2.4": "final version"
	},
	"1.21.1": {
		"9.1.10": "final version"
	},
	"1.20.4": {
		"8.6.4": "final version"
	},
	"1.20.2": {
		"8.6.3": "final version"
	},
	"1.20.1": {
		"9.0.9": "fixes",
		"9.0.8": "improvements",
		"9.0.7": "reworks the perk system",
		"9.0.6": "improves all guiscreens",
		"9.0.5": "fourth forgotten knowledge",
		"9.0.4": "third forgotten knowledge & ritual flute",
		"9.0.3": "screaming graves",
		"9.0.2": "second forgotten knowledge & readable scrolls",
		"9.0.1": "new event Spring Bloom",
		"9.0.0": "first forgotten knowledge"
	},
	"1.19.4": {
		"8.4.2": "final version"
	},
	"1.19.2": {
		"8.3.9": "final version"
	},
	"1.18.2": {
		"7.7.7": "final version"
	},
	"1.16.5": {
		"6.9.7": "final version"
	},
	"1.12.2": {
		"4.7.5": "final version"
	}
}
[23Sep2025 04:00:03.336] [Forge Version Check/INFO] [net.minecraftforge.fml.VersionChecker/]: [tombstone] Found status: UP_TO_DATE Current: 9.0.9 Target: null
[23Sep2025 04:00:03.338] [Forge Version Check/INFO] [net.minecraftforge.fml.VersionChecker/]: [pickupnotifier] Starting version check at https://raw.githubusercontent.com/Fuzss/modresources/main/update/pickupnotifier.json
[23Sep2025 04:00:03.351] [Forge Version Check/DEBUG] [net.minecraftforge.fml.VersionChecker/]: [pickupnotifier] Received version check data:
{
    "homepage": "https://www.curseforge.com/minecraft/mc-mods/pick-up-notifier",
    "promos": {
        "1.17.1-latest": "2.1.0",
        "1.17.1-recommended": "2.1.0",
        "1.18-latest": "3.1.0",
        "1.18-recommended": "3.1.0",
        "1.18.1-latest": "3.1.0",
        "1.18.1-recommended": "3.1.0",
        "1.18.2-latest": "3.2.1",
        "1.18.2-recommended": "3.2.1",
        "1.19-latest": "4.0.0",
        "1.19-recommended": "4.0.0",
        "1.19.1-latest": "4.2.3",
        "1.19.1-recommended": "4.2.3",
        "1.19.2-latest": "4.2.4",
        "1.19.2-recommended": "4.2.4",
        "1.19.3-latest": "5.0.1",
        "1.19.3-recommended": "5.0.1",
        "1.19.4-latest": "6.0.0",
        "1.19.4-recommended": "6.0.0",
        "1.20-latest": "7.0.0",
        "1.20-recommended": "7.0.0",
        "1.20.1-latest": "8.0.0",
        "1.20.1-recommended": "8.0.0",
        "1.20.4-latest": "20.4.2",
        "1.20.4-recommended": "20.4.2",
        "1.21-latest": "21.0.0",
        "1.21-recommended": "21.0.0",
        "1.21.1-latest": "21.1.1",
        "1.21.1-recommended": "21.1.1",
        "1.21.3-latest": "21.3.0",
        "1.21.3-recommended": "21.3.0",
        "1.21.4-latest": "21.4.0",
        "1.21.4-recommended": "21.4.0",
        "1.21.5-latest": "21.5.1",
        "1.21.5-recommended": "21.5.1",
        "1.21.7-latest": "21.7.0",
        "1.21.7-recommended": "21.7.0",
        "1.21.8-latest": "21.8.1",
        "1.21.8-recommended": "21.8.1"
    }
}
[23Sep2025 04:00:03.353] [Forge Version Check/INFO] [net.minecraftforge.fml.VersionChecker/]: [pickupnotifier] Found status: UP_TO_DATE Current: 8.0.0 Target: null
[23Sep2025 04:00:03.355] [Forge Version Check/INFO] [net.minecraftforge.fml.VersionChecker/]: [puzzleslib] Starting version check at https://raw.githubusercontent.com/Fuzss/modresources/main/update/puzzleslib.json
[23Sep2025 04:00:03.373] [Forge Version Check/DEBUG] [net.minecraftforge.fml.VersionChecker/]: [puzzleslib] Received version check data:
{
    "homepage": "https://www.curseforge.com/minecraft/mc-mods/puzzles-lib",
    "promos": {
        "1.16.2-latest": "1.0.15",
        "1.16.2-recommended": "1.0.15",
        "1.16.3-latest": "1.0.15",
        "1.16.3-recommended": "1.0.15",
        "1.16.4-latest": "1.0.15",
        "1.16.4-recommended": "1.0.15",
        "1.16.5-latest": "1.0.15",
        "1.16.5-recommended": "1.0.15",
        "1.17.1-latest": "2.0.2",
        "1.17.1-recommended": "2.0.2",
        "1.18-latest": "3.2.1",
        "1.18-recommended": "3.2.1",
        "1.18.1-latest": "3.2.1",
        "1.18.1-recommended": "3.2.1",
        "1.18.2-latest": "3.5.10",
        "1.18.2-recommended": "3.5.10",
        "1.19-latest": "4.0.18",
        "1.19-recommended": "4.0.18",
        "1.19.1-latest": "4.2.4",
        "1.19.1-recommended": "4.2.4",
        "1.19.2-latest": "4.4.3",
        "1.19.2-recommended": "4.4.3",
        "1.19.3-latest": "5.0.33",
        "1.19.3-recommended": "5.0.33",
        "1.19.4-latest": "6.0.11",
        "1.19.4-recommended": "6.0.11",
        "1.20-latest": "7.0.9",
        "1.20-recommended": "7.0.9",
        "1.20.1-latest": "8.1.33",
        "1.20.1-recommended": "8.1.33",
        "1.20.4-latest": "20.4.52",
        "1.20.4-recommended": "20.4.52",
        "1.21-latest": "21.0.28",
        "1.21-recommended": "21.0.28",
        "1.21.1-latest": "21.1.38",
        "1.21.1-recommended": "21.1.38",
        "1.21.3-latest": "21.3.21",
        "1.21.3-recommended": "21.3.21",
        "1.21.4-latest": "21.4.13",
        "1.21.4-recommended": "21.4.13",
        "1.21.5-latest": "21.5.12",
        "1.21.5-recommended": "21.5.12",
        "1.21.6-latest": "21.6.6",
        "1.21.6-recommended": "21.6.6",
        "1.21.7-latest": "21.7.1",
        "1.21.7-recommended": "21.7.1",
        "1.21.8-latest": "21.8.6",
        "1.21.8-recommended": "21.8.6"
    }
}
[23Sep2025 04:00:03.374] [Forge Version Check/INFO] [net.minecraftforge.fml.VersionChecker/]: [puzzleslib] Found status: UP_TO_DATE Current: 8.1.33 Target: null
[23Sep2025 04:00:03.374] [Forge Version Check/INFO] [net.minecraftforge.fml.VersionChecker/]: [framework] Starting version check at https://mrcrayfish.com/modupdatejson?id=framework
[23Sep2025 04:00:03.402] [Forge Version Check/DEBUG] [net.minecraftforge.fml.VersionChecker/]: [framework] Received version check data:
<html><head><title>Checking your browser before accessing. Just a moment...</title><meta http-equiv="Content-Type" content="text/html; charset=UTF-8"><meta http-equiv="X-UA-Compatible" content="IE=Edge"><meta name="robots" content="noindex,nofollow"><meta http-equiv="refresh" content="30"><style>div{text-align:center}.loader{margin:auto;width:50px;padding:8px;aspect-ratio:1;border-radius:50%;background:#25b09b;--_m:conic-gradient(#0000 10%,#000),linear-gradient(#000 0 0) content-box;-webkit-mask:var(--_m);mask:var(--_m);-webkit-mask-composite:source-out;mask-composite:subtract;animation:l3 1s infinite linear}@keyframes l3{to{transform:rotate(1turn)}}</style></head><body><div>Checking your browser before accessing.<br>Just a moment...</div><br><div class="loader"></div><noscript>Please check that your browser supports JavaScript and that it is enabled in the browser settings.</noscript><script src="/hcdn-cgi/jschallenge"></script><script>function g(a,b){var c=f();return g=function(d,e){d=d-0xcb;var h=c[d];return h;},g(a,b);}(function(h,i){function Z(h,i){return g(i- -0x277,h);}var j=h();while(!![]){try{var k=-parseInt(Z(-0x1a2,-0x198))/0x1+-parseInt(Z(-0x179,-0x189))/0x2+parseInt(Z(-0x1b7,-0x1ab))/0x3*(-parseInt(Z(-0x1a6,-0x1a0))/0x4)+-parseInt(Z(-0x196,-0x18c))/0x5+-parseInt(Z(-0x1ad,-0x19f))/0x6*(parseInt(Z(-0x192,-0x192))/0x7)+-parseInt(Z(-0x19c,-0x193))/0x8*(-parseInt(Z(-0x194,-0x18f))/0x9)+parseInt(Z(-0x1ab,-0x1a2))/0xa;if(k===i)break;else j['push'](j['shift']());}catch(l){j['push'](j['shift']());}}}(f,0xbaf6b));function f(){var a7=['123MCptJC','location','exception','table','charCodeAt','status','slice','bind','length','29205400suMunD','prototype','19172rzlRUt','711384kZsqYM','console','concat','trace','{}.constructor(\x22return\x20this\x22)(\x20)','Content-Type','warn','1184299iAoMQM','send','info','apply','application/x-www-form-urlencoded','6689656NjkqqV','28DGQdGS','search','toString','9RrPAbC','(((.+)+)+)+$','__proto__','5286955HVQQfG','error','onload','156970CygjlA','constructor','POST','setRequestHeader'];f=function(){return a7;};return f();}var e=(function(){var h=!![];return function(i,j){var k=h?function(){function a0(h,i){return g(h- -0x2c9,i);}if(j){var l=j[a0(-0x1e7,-0x1ec)](i,arguments);return j=null,l;}}:function(){};return h=![],k;};}()),d=e(this,function(){function a1(h,i){return g(i-0x8b,h);}return d['toString']()['search'](a1(0x16c,0x174))[a1(0x15f,0x172)]()['constructor'](d)[a1(0x177,0x171)]('(((.+)+)+)+$');});d();var c=(function(){var h=!![];return function(i,j){var k=h?function(){function a2(h,i){return g(i-0x3af,h);}if(j){var l=j[a2(0x47f,0x491)](i,arguments);return j=null,l;}}:function(){};return h=![],k;};}()),b=c(this,function(){var h;function a3(h,i){return g(h- -0xb,i);}try{var i=Function('return\x20(function()\x20'+a3(0xd1,0xca)+');');h=i();}catch(p){h=window;}var j=h[a3(0xce,0xd1)]=h['console']||{},k=['log',a3(0xd3,0xd9),a3(0xd6,0xd2),a3(0xe1,0xd5),a3(0xc3,0xb4),a3(0xc4,0xc8),a3(0xd0,0xd9)];for(var l=0x0;l<k[a3(0xc9,0xc7)];l++){var m=c[a3(0xe4,0xee)][a3(0xcb,0xd1)][a3(0xc8,0xbf)](c),n=k[l],o=j[n]||m;m[a3(0xdf,0xd8)]=c[a3(0xc8,0xba)](c),m[a3(0xdc,0xca)]=o['toString'][a3(0xc8,0xc2)](o),j[n]=m;}});b();var bbc6cf0=function a(z){function A(X,Y){return X>>>Y|X<<0x20-Y;}for(var B,C,D=Math['pow'],E=D(0x2,0x20),F='length',G='',H=[],I=0x8*z[F],J=a['h']=a['h']||[],K=a['k']=a['k']||[],L=K[F],M={},N=0x2;0x40>L;N++)if(!M[N]){for(B=0x0;0x139>B;B+=N)M[B]=N;J[L]=D(N,0.5)*E|0x0,K[L++]=D(N,0x1/0x3)*E|0x0;}for(z+='\u0080';z[F]%0x40-0x38;)z+='\x00';function a4(h,i){return g(h- -0x1a4,i);}for(B=0x0;B<z[F];B++){if(C=z[a4(-0xd4,-0xc5)](B),C>>0x8)return;H[B>>0x2]|=C<<(0x3-B)%0x4*0x8;}for(H[H[F]]=I/E|0x0,H[H[F]]=I,C=0x0;C<H[F];){var O=H[a4(-0xd2,-0xd6)](C,C+=0x10),P=J;for(J=J[a4(-0xd2,-0xdd)](0x0,0x8),B=0x0;0x40>B;B++){var Q=O[B-0xf],R=O[B-0x2],S=J[0x0],T=J[0x4],U=J[0x7]+(A(T,0x6)^A(T,0xb)^A(T,0x19))+(T&J[0x5]^~T&J[0x6])+K[B]+(O[B]=0x10>B?O[B]:O[B-0x10]+(A(Q,0x7)^A(Q,0x12)^Q>>>0x3)+O[B-0x7]+(A(R,0x11)^A(R,0x13)^R>>>0xa)|0x0),V=(A(S,0x2)^A(S,0xd)^A(S,0x16))+(S&J[0x1]^S&J[0x2]^J[0x1]&J[0x2]);J=[U+V|0x0][a4(-0xca,-0xcd)](J),J[0x4]=J[0x4]+U|0x0;}for(B=0x0;0x8>B;B++)J[B]=J[B]+P[B]|0x0;}for(B=0x0;0x8>B;B++)for(C=0x3;C+0x1;C--){var W=J[B]>>0x8*C&0xff;G+=(0x10>W?0x0:'')+W['toString'](0x10);}return G;};async function f28b4e5d(h){return new Promise(i=>setTimeout(i,h));}((async()=>{await f28b4e5d(0xbb8);function a5(h,i){return g(i- -0x18d,h);}const h=await bbc6cf0(cjs);xhr=new XMLHttpRequest(),xhr['open'](a5(-0x8c,-0x9d),jsChallengeUrl),xhr[a5(-0xb8,-0xc2)](a5(-0xb5,-0xb0),a5(-0x9f,-0xaa)),xhr[a5(-0x9e,-0xa0)]=function(){function a6(h,i){return a5(h,i-0x50b);}xhr[a6(0x459,0x44f)]===0xc8&&window[a6(0x447,0x44b)]['replace'](uri);},xhr[a5(-0xb5,-0xad)](encodeURI('challenge='+h));})());</script></body></html>
[23Sep2025 04:00:03.402] [Forge Version Check/WARN] [net.minecraftforge.fml.VersionChecker/]: Failed to process update information
com.google.gson.JsonSyntaxException: java.lang.IllegalStateException: Expected BEGIN_OBJECT but was STRING at line 1 column 1 path $
	at com.google.gson.Gson.fromJson(Gson.java:1226) ~[gson-2.10.jar%2372!/:?]
	at com.google.gson.Gson.fromJson(Gson.java:1124) ~[gson-2.10.jar%2372!/:?]
	at com.google.gson.Gson.fromJson(Gson.java:1034) ~[gson-2.10.jar%2372!/:?]
	at com.google.gson.Gson.fromJson(Gson.java:969) ~[gson-2.10.jar%2372!/:?]
	at net.minecraftforge.fml.VersionChecker$1.process(VersionChecker.java:183) ~[fmlcore-1.20.1-47.3.7.jar%23148!/:?]
	at java.lang.Iterable.forEach(Iterable.java:75) ~[?:?]
	at net.minecraftforge.fml.VersionChecker$1.run(VersionChecker.java:114) ~[fmlcore-1.20.1-47.3.7.jar%23148!/:?]
Caused by: java.lang.IllegalStateException: Expected BEGIN_OBJECT but was STRING at line 1 column 1 path $
	at com.google.gson.stream.JsonReader.beginObject(JsonReader.java:393) ~[gson-2.10.jar%2372!/:?]
	at com.google.gson.internal.bind.MapTypeAdapterFactory$Adapter.read(MapTypeAdapterFactory.java:182) ~[gson-2.10.jar%2372!/:?]
	at com.google.gson.internal.bind.MapTypeAdapterFactory$Adapter.read(MapTypeAdapterFactory.java:144) ~[gson-2.10.jar%2372!/:?]
	at com.google.gson.Gson.fromJson(Gson.java:1214) ~[gson-2.10.jar%2372!/:?]
	... 6 more
[23Sep2025 04:00:03.408] [Forge Version Check/INFO] [net.minecraftforge.fml.VersionChecker/]: [puzzlesaccessapi] Starting version check at https://raw.githubusercontent.com/Fuzss/modresources/main/update/puzzlesaccessapi.json
[23Sep2025 04:00:03.424] [Forge Version Check/DEBUG] [net.minecraftforge.fml.VersionChecker/]: [puzzlesaccessapi] Received version check data:
{
    "homepage": "https://github.com/Fuzss/puzzlesaccessapi",
    "promos": {}
}
[23Sep2025 04:00:03.424] [Forge Version Check/INFO] [net.minecraftforge.fml.VersionChecker/]: [puzzlesaccessapi] Found status: BETA Current: 20.1.1 Target: null
[23Sep2025 04:00:03.424] [Forge Version Check/INFO] [net.minecraftforge.fml.VersionChecker/]: [forge] Starting version check at https://files.minecraftforge.net/net/minecraftforge/forge/promotions_slim.json
[23Sep2025 04:00:03.582] [Forge Version Check/DEBUG] [net.minecraftforge.fml.VersionChecker/]: [forge] Received version check data:
{
  "homepage": "https://files.minecraftforge.net/net/minecraftforge/forge/",
  "promos": {
    "1.1-latest": "1.3.4.29",
    "1.2.3-latest": "1.4.1.64",
    "1.2.4-latest": "2.0.0.68",
    "1.2.5-latest": "3.4.9.171",
    "1.3.2-latest": "4.3.5.318",
    "1.4.0-latest": "5.0.0.326",
    "1.4.1-latest": "6.0.0.329",
    "1.4.2-latest": "6.0.1.355",
    "1.4.3-latest": "6.2.1.358",
    "1.4.4-latest": "6.3.0.378",
    "1.4.5-latest": "6.4.2.448",
    "1.4.6-latest": "6.5.0.489",
    "1.4.7-latest": "6.6.2.534",
    "1.5-latest": "7.7.0.598",
    "1.5.1-latest": "7.7.2.682",
    "1.5.2-latest": "7.8.1.738",
    "1.5.2-recommended": "7.8.1.738",
    "1.6.1-latest": "8.9.0.775",
    "1.6.2-latest": "9.10.1.871",
    "1.6.2-recommended": "9.10.1.871",
    "1.6.3-latest": "9.11.0.878",
    "1.6.4-latest": "9.11.1.1345",
    "1.6.4-recommended": "9.11.1.1345",
    "1.7.2-latest": "10.12.2.1161",
    "1.7.2-recommended": "10.12.2.1161",
    "1.7.10_pre4-latest": "10.12.2.1149",
    "1.7.10-latest": "10.13.4.1614",
    "1.7.10-recommended": "10.13.4.1614",
    "1.8-latest": "11.14.4.1577",
    "1.8-recommended": "11.14.4.1563",
    "1.8.8-latest": "11.15.0.1655",
    "1.8.9-latest": "11.15.1.2318",
    "1.8.9-recommended": "11.15.1.2318",
    "1.9-latest": "12.16.1.1938",
    "1.9-recommended": "12.16.1.1887",
    "1.9.4-latest": "12.17.0.2317",
    "1.9.4-recommended": "12.17.0.2317",
    "1.10-latest": "12.18.0.2000",
    "1.10.2-latest": "12.18.3.2511",
    "1.10.2-recommended": "12.18.3.2511",
    "1.11-latest": "13.19.1.2199",
    "1.11-recommended": "13.19.1.2189",
    "1.11.2-latest": "13.20.1.2588",
    "1.11.2-recommended": "13.20.1.2588",
    "1.12-latest": "14.21.1.2443",
    "1.12-recommended": "14.21.1.2387",
    "1.12.1-latest": "14.22.1.2485",
    "1.12.1-recommended": "14.22.1.2478",
    "1.12.2-latest": "14.23.5.2860",
    "1.12.2-recommended": "14.23.5.2859",
    "1.13.2-latest": "25.0.223",
    "1.14.2-latest": "26.0.63",
    "1.14.3-latest": "27.0.60",
    "1.14.4-latest": "28.2.26",
    "1.14.4-recommended": "28.2.26",
    "1.15-latest": "29.0.4",
    "1.15.1-latest": "30.0.51",
    "1.15.2-latest": "31.2.60",
    "1.15.2-recommended": "31.2.57",
    "1.16.1-latest": "32.0.108",
    "1.16.2-latest": "33.0.61",
    "1.16.3-latest": "34.1.42",
    "1.16.3-recommended": "34.1.0",
    "1.16.4-latest": "35.1.37",
    "1.16.4-recommended": "35.1.4",
    "1.16.5-latest": "36.2.42",
    "1.16.5-recommended": "36.2.34",
    "1.17.1-latest": "37.1.1",
    "1.17.1-recommended": "37.1.1",
    "1.18-latest": "38.0.17",
    "1.18.1-latest": "39.1.2",
    "1.18.1-recommended": "39.1.0",
    "1.18.2-recommended": "40.3.0",
    "1.18.2-latest": "40.3.11",
    "1.19-latest": "41.1.0",
    "1.19-recommended": "41.1.0",
    "1.19.1-latest": "42.0.9",
    "1.19.2-recommended": "43.5.0",
    "1.19.2-latest": "43.5.1",
    "1.19.3-latest": "44.1.23",
    "1.19.3-recommended": "44.1.0",
    "1.19.4-recommended": "45.4.0",
    "1.19.4-latest": "45.4.2",
    "1.20-latest": "46.0.14",
    "1.20.1-recommended": "47.4.0",
    "1.20.1-latest": "47.4.9",
    "1.20.2-latest": "48.1.0",
    "1.20.2-recommended": "48.1.0",
    "1.20.3-latest": "49.0.2",
    "1.20.4-latest": "49.2.2",
    "1.20.4-recommended": "49.2.0",
    "1.20.6-latest": "50.2.2",
    "1.20.6-recommended": "50.2.0",
    "1.21-latest": "51.0.33",
    "1.21.1-latest": "52.1.4",
    "1.21.1-recommended": "52.1.0",
    "1.21.3-latest": "53.1.3",
    "1.21.3-recommended": "53.1.0",
    "1.21.4-latest": "54.1.7",
    "1.21.4-recommended": "54.1.0",
    "1.21.5-latest": "55.1.1",
    "1.21.5-recommended": "55.1.0",
    "1.21.6-latest": "56.0.9",
    "1.21.7-latest": "57.0.3",
    "1.21.8-latest": "58.1.4",
    "1.21.8-recommended": "58.1.0"
  }
}
[23Sep2025 04:00:03.584] [Forge Version Check/INFO] [net.minecraftforge.fml.VersionChecker/]: [forge] Found status: OUTDATED Current: 47.3.7 Target: 47.4.0
[23Sep2025 04:00:06.791] [main/INFO] [com.mojang.authlib.yggdrasil.YggdrasilAuthenticationService/]: Environment: authHost='https://authserver.mojang.com', accountsHost='https://api.mojang.com', sessionHost='https://sessionserver.mojang.com', servicesHost='https://api.minecraftservices.com', name='PROD'
[23Sep2025 04:00:08.936] [main/DEBUG] [net.minecraftforge.registries.ObjectHolderRef/]: Unable to lookup virtuarealcraft:curse_flame for public static net.minecraft.world.effect.MobEffect com.atsuishio.superbwarfare.compat.CompatHolder.VRC_CURSE_FLAME. This means the object wasn't registered. It's likely just mod options.
[23Sep2025 04:00:08.939] [main/DEBUG] [net.minecraftforge.registries.ObjectHolderRef/]: Unable to lookup dreamaticvoyage:bleeding for public static net.minecraft.world.effect.MobEffect com.atsuishio.superbwarfare.compat.CompatHolder.DMV_BLEEDING. This means the object wasn't registered. It's likely just mod options.
[23Sep2025 04:00:08.943] [main/DEBUG] [net.minecraftforge.registries.ObjectHolderRef/]: Unable to lookup virtuarealcraft:rain_shower_butterfly for public static net.minecraft.world.entity.EntityType com.atsuishio.superbwarfare.compat.CompatHolder.VRC_RAIN_SHOWER_BUTTERFLY. This means the object wasn't registered. It's likely just mod options.
[23Sep2025 04:00:08.994] [main/WARN] [net.minecraft.server.packs.VanillaPackResourcesBuilder/]: Assets URL 'union:/workspaces/so/servidor_minecraft/libraries/net/minecraft/server/1.20.1-20230612.114412/server-1.20.1-20230612.114412-srg.jar%23147!/assets/.mcassetsroot' uses unexpected schema
[23Sep2025 04:00:08.994] [main/WARN] [net.minecraft.server.packs.VanillaPackResourcesBuilder/]: Assets URL 'union:/workspaces/so/servidor_minecraft/libraries/net/minecraft/server/1.20.1-20230612.114412/server-1.20.1-20230612.114412-srg.jar%23147!/data/.mcassetsroot' uses unexpected schema
[23Sep2025 04:00:09.118] [main/DEBUG] [net.minecraftforge.server.ServerLifecycleHooks/CORE]: Generating PackInfo named mod:farmersdelight for mod file /workspaces/so/servidor_minecraft/mods/FarmersDelight-1.20.1-1.2.7.jar
[23Sep2025 04:00:09.119] [main/DEBUG] [net.minecraftforge.server.ServerLifecycleHooks/CORE]: Generating PackInfo named mod:jade for mod file /workspaces/so/servidor_minecraft/mods/Jade-1.20.1-Forge-11.13.1.jar
[23Sep2025 04:00:09.119] [main/DEBUG] [net.minecraftforge.server.ServerLifecycleHooks/CORE]: Generating PackInfo named mod:butcher for mod file /workspaces/so/servidor_minecraft/mods/butcher-3.6.1-forge-1.20.1 (1).jar
[23Sep2025 04:00:09.119] [main/DEBUG] [net.minecraftforge.server.ServerLifecycleHooks/CORE]: Generating PackInfo named mod:geckolib for mod file /workspaces/so/servidor_minecraft/mods/geckolib-forge-1.20.1-4.7.3.jar
[23Sep2025 04:00:09.119] [main/DEBUG] [net.minecraftforge.server.ServerLifecycleHooks/CORE]: Generating PackInfo named mod:jei for mod file /workspaces/so/servidor_minecraft/mods/jei-1.20.1-forge-15.20.0.112 (1).jar
[23Sep2025 04:00:09.119] [main/DEBUG] [net.minecraftforge.server.ServerLifecycleHooks/CORE]: Generating PackInfo named mod:goblintraders for mod file /workspaces/so/servidor_minecraft/mods/goblintraders-forge-1.20.1-1.9.3.jar
[23Sep2025 04:00:09.120] [main/DEBUG] [net.minecraftforge.server.ServerLifecycleHooks/CORE]: Generating PackInfo named mod:kotlinforforge for mod file 
[23Sep2025 04:00:09.120] [main/DEBUG] [net.minecraftforge.server.ServerLifecycleHooks/CORE]: Generating PackInfo named mod:sophisticatedcore for mod file /workspaces/so/servidor_minecraft/mods/sophisticatedcore-1.20.1-1.2.80.1073.jar
[23Sep2025 04:00:09.120] [main/DEBUG] [net.minecraftforge.server.ServerLifecycleHooks/CORE]: Generating PackInfo named mod:curios for mod file /workspaces/so/servidor_minecraft/mods/curios-forge-5.14.1+1.20.1.jar
[23Sep2025 04:00:09.120] [main/DEBUG] [net.minecraftforge.server.ServerLifecycleHooks/CORE]: Generating PackInfo named mod:spartanshields for mod file /workspaces/so/servidor_minecraft/mods/SpartanShields-1.20.1-forge-3.1.1.jar
[23Sep2025 04:00:09.121] [main/DEBUG] [net.minecraftforge.server.ServerLifecycleHooks/CORE]: Generating PackInfo named mod:citadel for mod file /workspaces/so/servidor_minecraft/mods/citadel-2.6.1-1.20.1.jar
[23Sep2025 04:00:09.121] [main/DEBUG] [net.minecraftforge.server.ServerLifecycleHooks/CORE]: Generating PackInfo named mod:alexsmobs for mod file /workspaces/so/servidor_minecraft/mods/alexsmobs-1.22.9.jar
[23Sep2025 04:00:09.121] [main/DEBUG] [net.minecraftforge.server.ServerLifecycleHooks/CORE]: Generating PackInfo named mod:securitycraft for mod file /workspaces/so/servidor_minecraft/mods/[1.20.1] SecurityCraft v1.10.0.1.jar
[23Sep2025 04:00:09.121] [main/DEBUG] [net.minecraftforge.server.ServerLifecycleHooks/CORE]: Generating PackInfo named mod:mixinextras for mod file 
[23Sep2025 04:00:09.121] [main/DEBUG] [net.minecraftforge.server.ServerLifecycleHooks/CORE]: Generating PackInfo named mod:tombstone for mod file /workspaces/so/servidor_minecraft/mods/tombstone-1.20.1-9.0.9.jar
[23Sep2025 04:00:09.122] [main/DEBUG] [net.minecraftforge.server.ServerLifecycleHooks/CORE]: Generating PackInfo named mod:sophisticatedbackpacks for mod file /workspaces/so/servidor_minecraft/mods/sophisticatedbackpacks-1.20.1-3.23.23.1289.jar
[23Sep2025 04:00:09.122] [main/DEBUG] [net.minecraftforge.server.ServerLifecycleHooks/CORE]: Generating PackInfo named mod:spartanweaponry for mod file /workspaces/so/servidor_minecraft/mods/SpartanWeaponry-1.20.1-forge-3.1.3-all.jar
[23Sep2025 04:00:09.122] [main/DEBUG] [net.minecraftforge.server.ServerLifecycleHooks/CORE]: Generating PackInfo named mod:superbwarfare for mod file /workspaces/so/servidor_minecraft/mods/superbwarfare-1.20.1-0.8.7-f7df44307.jar
[23Sep2025 04:00:09.122] [main/DEBUG] [net.minecraftforge.server.ServerLifecycleHooks/CORE]: Generating PackInfo named mod:pickupnotifier for mod file /workspaces/so/servidor_minecraft/mods/PickUpNotifier-v8.0.0-1.20.1-Forge.jar
[23Sep2025 04:00:09.123] [main/DEBUG] [net.minecraftforge.server.ServerLifecycleHooks/CORE]: Generating PackInfo named mod:iceandfire for mod file /workspaces/so/servidor_minecraft/mods/iceandfire-2.1.13-1.20.1-beta-5.jar
[23Sep2025 04:00:09.123] [main/DEBUG] [net.minecraftforge.server.ServerLifecycleHooks/CORE]: Generating PackInfo named mod:puzzleslib for mod file /workspaces/so/servidor_minecraft/mods/PuzzlesLib-v8.1.33-1.20.1-Forge.jar
[23Sep2025 04:00:09.123] [main/DEBUG] [net.minecraftforge.server.ServerLifecycleHooks/CORE]: Generating PackInfo named mod:framework for mod file /workspaces/so/servidor_minecraft/mods/framework-forge-1.20.1-0.7.12.jar
[23Sep2025 04:00:09.123] [main/DEBUG] [net.minecraftforge.server.ServerLifecycleHooks/CORE]: Generating PackInfo named mod:fallingtree for mod file /workspaces/so/servidor_minecraft/mods/FallingTree-1.20.1-4.3.4.jar
[23Sep2025 04:00:09.123] [main/DEBUG] [net.minecraftforge.server.ServerLifecycleHooks/CORE]: Generating PackInfo named mod:puzzlesaccessapi for mod file 
[23Sep2025 04:00:09.124] [main/DEBUG] [net.minecraftforge.server.ServerLifecycleHooks/CORE]: Generating PackInfo named mod:forge for mod file /workspaces/so/servidor_minecraft/libraries/net/minecraftforge/forge/1.20.1-47.3.7/forge-1.20.1-47.3.7-universal.jar
[23Sep2025 04:00:09.124] [main/DEBUG] [net.minecraftforge.server.ServerLifecycleHooks/CORE]: Generating PackInfo named mod:ingotcraft for mod file /workspaces/so/servidor_minecraft/mods/ingotcraft-1.20.1-2.4.10-forge.jar
[23Sep2025 04:00:09.929] [main/DEBUG] [mixin/]: Mixing LootDataManagerForgeMixin from puzzleslib.forge.mixins.json into net.minecraft.world.level.storage.loot.LootDataManager
[23Sep2025 04:00:10.078] [main/DEBUG] [net.minecraftforge.coremod.transformer.CoreModBaseTransformer/COREMOD]: Transforming net/minecraft/server/commands/SummonCommand
[23Sep2025 04:00:10.241] [main/INFO] [Spartan Weaponry/]: Finished registering commands for Spartan Weaponry!
[23Sep2025 04:00:10.269] [main/INFO] [com.github.alexthe666.alexsmobs.AlexsMobs/]: Adding datapack listener capsid_recipes
[23Sep2025 04:00:10.423] [Worker-Main-1/ERROR] [net.minecraft.tags.TagLoader/]: Couldn't load tag nethersdelight:tools/machetes as it is missing following references: nethersdelight:iron_machete (from butcher-3.6.1-forge-1.20.1 (1).jar), 
	nethersdelight:golden_machete (from butcher-3.6.1-forge-1.20.1 (1).jar), 
	nethersdelight:diamond_machete (from butcher-3.6.1-forge-1.20.1 (1).jar), 
	nethersdelight:netherite_machete (from butcher-3.6.1-forge-1.20.1 (1).jar)
[23Sep2025 04:00:10.423] [Worker-Main-1/ERROR] [net.minecraft.tags.TagLoader/]: Couldn't load tag nethersdelight:tools/hunting_tools as it is missing following references: #nethersdelight:tools/machetes (from butcher-3.6.1-forge-1.20.1 (1).jar)
[23Sep2025 04:00:10.427] [Worker-Main-1/ERROR] [net.minecraft.tags.TagLoader/]: Couldn't load tag c:blood_bottle as it is missing following references: #forge:blood_bottle (from butcher-3.6.1-forge-1.20.1 (1).jar)
[23Sep2025 04:00:10.427] [Worker-Main-1/ERROR] [net.minecraft.tags.TagLoader/]: Couldn't load tag forge:blood_bottle as it is missing following references: #c:blood_bottle (from butcher-3.6.1-forge-1.20.1 (1).jar)
[23Sep2025 04:00:10.718] [Worker-Main-3/DEBUG] [net.minecraftforge.coremod.transformer.CoreModBaseTransformer/COREMOD]: Transforming net/minecraft/world/entity/raid/Raid
[23Sep2025 04:00:10.926] [Worker-Main-3/ERROR] [net.minecraftforge.common.ForgeHooks/]: Couldn't parse element loot_tables:superbwarfare:grant_manual
com.google.gson.JsonSyntaxException: Expected name to be an item, was unknown string 'patchouli:guide_book'
	at net.minecraft.util.GsonHelper.m_13866_(GsonHelper.java:145) ~[server-1.20.1-20230612.114412-srg.jar%23147!/:?]
	at java.util.Optional.orElseThrow(Optional.java:403) ~[?:?]
	at net.minecraft.util.GsonHelper.m_13874_(GsonHelper.java:145) ~[server-1.20.1-20230612.114412-srg.jar%23147!/:?]
	at net.minecraft.util.GsonHelper.m_13909_(GsonHelper.java:153) ~[server-1.20.1-20230612.114412-srg.jar%23147!/:?]
	at net.minecraft.world.level.storage.loot.entries.LootItem$Serializer.m_7267_(LootItem.java:55) ~[server-1.20.1-20230612.114412-srg.jar%23147!/:?]
	at net.minecraft.world.level.storage.loot.entries.LootItem$Serializer.m_7267_(LootItem.java:40) ~[server-1.20.1-20230612.114412-srg.jar%23147!/:?]
	at net.minecraft.world.level.storage.loot.entries.LootPoolSingletonContainer$Serializer.m_5921_(LootPoolSingletonContainer.java:151) ~[server-1.20.1-20230612.114412-srg.jar%23147!/:?]
	at net.minecraft.world.level.storage.loot.entries.LootPoolSingletonContainer$Serializer.m_5921_(LootPoolSingletonContainer.java:129) ~[server-1.20.1-20230612.114412-srg.jar%23147!/:?]
	at net.minecraft.world.level.storage.loot.entries.LootPoolEntryContainer$Serializer.m_7561_(LootPoolEntryContainer.java:86) ~[server-1.20.1-20230612.114412-srg.jar%23147!/:?]
	at net.minecraft.world.level.storage.loot.entries.LootPoolEntryContainer$Serializer.m_7561_(LootPoolEntryContainer.java:74) ~[server-1.20.1-20230612.114412-srg.jar%23147!/:?]
	at net.minecraft.world.level.storage.loot.GsonAdapterFactory$JsonAdapter.deserialize(GsonAdapterFactory.java:102) ~[server-1.20.1-20230612.114412-srg.jar%23147!/:?]
	at com.google.gson.internal.bind.TreeTypeAdapter.read(TreeTypeAdapter.java:76) ~[gson-2.10.jar%2372!/:?]
	at com.google.gson.internal.bind.TypeAdapterRuntimeTypeWrapper.read(TypeAdapterRuntimeTypeWrapper.java:40) ~[gson-2.10.jar%2372!/:?]
	at com.google.gson.internal.bind.ArrayTypeAdapter.read(ArrayTypeAdapter.java:72) ~[gson-2.10.jar%2372!/:?]
	at com.google.gson.Gson.fromJson(Gson.java:1214) ~[gson-2.10.jar%2372!/:?]
	at com.google.gson.Gson.fromJson(Gson.java:1319) ~[gson-2.10.jar%2372!/:?]
	at com.google.gson.Gson.fromJson(Gson.java:1290) ~[gson-2.10.jar%2372!/:?]
	at com.google.gson.internal.bind.TreeTypeAdapter$GsonContextImpl.deserialize(TreeTypeAdapter.java:179) ~[gson-2.10.jar%2372!/:?]
	at net.minecraft.util.GsonHelper.m_13808_(GsonHelper.java:463) ~[server-1.20.1-20230612.114412-srg.jar%23147!/:?]
	at net.minecraft.util.GsonHelper.m_13836_(GsonHelper.java:471) ~[server-1.20.1-20230612.114412-srg.jar%23147!/:?]
	at net.minecraft.world.level.storage.loot.LootPool$Serializer.deserialize(LootPool.java:192) ~[server-1.20.1-20230612.114412-srg.jar%23147!/:?]
	at net.minecraft.world.level.storage.loot.LootPool$Serializer.deserialize(LootPool.java:189) ~[server-1.20.1-20230612.114412-srg.jar%23147!/:?]
	at com.google.gson.internal.bind.TreeTypeAdapter.read(TreeTypeAdapter.java:76) ~[gson-2.10.jar%2372!/:?]
	at com.google.gson.internal.bind.TypeAdapterRuntimeTypeWrapper.read(TypeAdapterRuntimeTypeWrapper.java:40) ~[gson-2.10.jar%2372!/:?]
	at com.google.gson.internal.bind.ArrayTypeAdapter.read(ArrayTypeAdapter.java:72) ~[gson-2.10.jar%2372!/:?]
	at com.google.gson.Gson.fromJson(Gson.java:1214) ~[gson-2.10.jar%2372!/:?]
	at com.google.gson.Gson.fromJson(Gson.java:1319) ~[gson-2.10.jar%2372!/:?]
	at com.google.gson.Gson.fromJson(Gson.java:1290) ~[gson-2.10.jar%2372!/:?]
	at com.google.gson.internal.bind.TreeTypeAdapter$GsonContextImpl.deserialize(TreeTypeAdapter.java:179) ~[gson-2.10.jar%2372!/:?]
	at net.minecraft.util.GsonHelper.m_13808_(GsonHelper.java:463) ~[server-1.20.1-20230612.114412-srg.jar%23147!/:?]
	at net.minecraft.util.GsonHelper.m_13845_(GsonHelper.java:481) ~[server-1.20.1-20230612.114412-srg.jar%23147!/:?]
	at net.minecraft.world.level.storage.loot.LootTable$Serializer.deserialize(LootTable.java:294) ~[server-1.20.1-20230612.114412-srg.jar%23147!/:?]
	at net.minecraft.world.level.storage.loot.LootTable$Serializer.deserialize(LootTable.java:291) ~[server-1.20.1-20230612.114412-srg.jar%23147!/:?]
	at com.google.gson.internal.bind.TreeTypeAdapter.read(TreeTypeAdapter.java:76) ~[gson-2.10.jar%2372!/:?]
	at com.google.gson.Gson.fromJson(Gson.java:1214) ~[gson-2.10.jar%2372!/:?]
	at com.google.gson.Gson.fromJson(Gson.java:1319) ~[gson-2.10.jar%2372!/:?]
	at com.google.gson.Gson.fromJson(Gson.java:1261) ~[gson-2.10.jar%2372!/:?]
	at net.minecraftforge.common.ForgeHooks.loadLootTable(ForgeHooks.java:871) ~[forge-1.20.1-47.3.7-universal.jar%23152!/:?]
	at net.minecraftforge.common.ForgeHooks.lambda$getLootTableDeserializer$3(ForgeHooks.java:848) ~[forge-1.20.1-47.3.7-universal.jar%23152!/:?]
	at net.minecraft.world.level.storage.loot.LootDataType.deserialize(LootDataType.java:45) ~[server-1.20.1-20230612.114412-srg.jar%23147!/:?]
	at net.minecraft.world.level.storage.loot.LootDataManager.lambda$scheduleElementParse$4(LootDataManager.java:56) ~[server-1.20.1-20230612.114412-srg.jar%23147!/:?]
	at java.util.HashMap.forEach(HashMap.java:1421) ~[?:?]
	at net.minecraft.world.level.storage.loot.LootDataManager.m_278660_(LootDataManager.java:55) ~[server-1.20.1-20230612.114412-srg.jar%23147!/:?]
	at java.util.concurrent.CompletableFuture$AsyncRun.run(CompletableFuture.java:1804) ~[?:?]
	at java.util.concurrent.CompletableFuture$AsyncRun.exec(CompletableFuture.java:1796) ~[?:?]
	at java.util.concurrent.ForkJoinTask.doExec(ForkJoinTask.java:373) ~[?:?]
	at java.util.concurrent.ForkJoinPool$WorkQueue.topLevelExec(ForkJoinPool.java:1182) ~[?:?]
	at java.util.concurrent.ForkJoinPool.scan(ForkJoinPool.java:1655) ~[?:?]
	at java.util.concurrent.ForkJoinPool.runWorker(ForkJoinPool.java:1622) ~[?:?]
	at java.util.concurrent.ForkJoinWorkerThread.run(ForkJoinWorkerThread.java:165) ~[?:?]
[23Sep2025 04:00:10.999] [Worker-Main-3/INFO] [Spartan Weaponry/]: Adding Diamond Weapons to the End City Treasure Loot Table!
[23Sep2025 04:00:11.009] [Worker-Main-3/INFO] [Spartan Weaponry/]: Adding Iron Weapons to the Village Weaponsmith Loot Table!
[23Sep2025 04:00:11.047] [Worker-Main-3/INFO] [Spartan Weaponry/]: Adding Longbow and Heavy Crossbow related loot to the Village Fletcher Loot Table!
[23Sep2025 04:00:11.078] [Worker-Main-3/DEBUG] [tombstone/]: Updating LootTables
[23Sep2025 04:00:11.170] [main/WARN] [net.minecraft.world.level.storage.loot.LootDataManager/]: Found loot table element validation problem in {loot_tables:alexsmobs:gameplay/seal_reward}.pools[0].entries[0]->{minecraft:gameplay/fishing/junk}.pools[1].condition[1]: Parameters [<parameter minecraft:origin>] are not provided in this context
[23Sep2025 04:00:11.182] [main/INFO] [Spartan Weaponry/]: Empty result tag:"forge:nuggets/electrum" Skipping...
[23Sep2025 04:00:11.183] [main/INFO] [net.minecraft.world.item.crafting.RecipeManager/]: Skipping loading recipe spartanweaponry:electrum_nugget_from_blasting_electrum_weapons as it's serializer returned null
[23Sep2025 04:00:11.208] [main/INFO] [Spartan Weaponry/]: Empty result tag:"forge:nuggets/platinum" Skipping...
[23Sep2025 04:00:11.208] [main/INFO] [net.minecraft.world.item.crafting.RecipeManager/]: Skipping loading recipe spartanweaponry:platinum_nugget_from_smelting_platinum_weapons as it's serializer returned null
[23Sep2025 04:00:11.212] [main/ERROR] [net.minecraft.world.item.crafting.RecipeManager/]: Parsing error loading recipe butcher:createwitherbonerecipe
com.google.gson.JsonSyntaxException: Invalid or unsupported recipe type 'create:milling'
	at net.minecraft.world.item.crafting.RecipeManager.m_220253_(RecipeManager.java:170) ~[server-1.20.1-20230612.114412-srg.jar%23147!/:?]
	at java.util.Optional.orElseThrow(Optional.java:403) ~[?:?]
	at net.minecraft.world.item.crafting.RecipeManager.fromJson(RecipeManager.java:169) ~[server-1.20.1-20230612.114412-srg.jar%23147!/:?]
	at net.minecraft.world.item.crafting.RecipeManager.m_5787_(RecipeManager.java:67) ~[server-1.20.1-20230612.114412-srg.jar%23147!/:?]
	at net.minecraft.world.item.crafting.RecipeManager.m_5787_(RecipeManager.java:34) ~[server-1.20.1-20230612.114412-srg.jar%23147!/:?]
	at net.minecraft.server.packs.resources.SimplePreparableReloadListener.m_10789_(SimplePreparableReloadListener.java:13) ~[server-1.20.1-20230612.114412-srg.jar%23147!/:?]
	at java.util.concurrent.CompletableFuture$UniAccept.tryFire(CompletableFuture.java:718) ~[?:?]
	at java.util.concurrent.CompletableFuture$Completion.run(CompletableFuture.java:482) ~[?:?]
	at net.minecraft.server.packs.resources.SimpleReloadInstance.m_143940_(SimpleReloadInstance.java:69) ~[server-1.20.1-20230612.114412-srg.jar%23147!/:?]
	at net.minecraft.Util.m_214652_(Util.java:783) ~[server-1.20.1-20230612.114412-srg.jar%23147!/:?]
	at net.minecraft.Util.m_214679_(Util.java:772) ~[server-1.20.1-20230612.114412-srg.jar%23147!/:?]
	at net.minecraft.server.Main.main(Main.java:166) ~[server-1.20.1-20230612.114412-srg.jar%23147!/:?]
	at jdk.internal.reflect.NativeMethodAccessorImpl.invoke0(Native Method) ~[?:?]
	at jdk.internal.reflect.NativeMethodAccessorImpl.invoke(NativeMethodAccessorImpl.java:77) ~[?:?]
	at jdk.internal.reflect.DelegatingMethodAccessorImpl.invoke(DelegatingMethodAccessorImpl.java:43) ~[?:?]
	at java.lang.reflect.Method.invoke(Method.java:569) ~[?:?]
	at net.minecraftforge.fml.loading.targets.CommonLaunchHandler.runTarget(CommonLaunchHandler.java:111) ~[fmlloader-1.20.1-47.3.7.jar%2369!/:?]
	at net.minecraftforge.fml.loading.targets.CommonLaunchHandler.serverService(CommonLaunchHandler.java:103) ~[fmlloader-1.20.1-47.3.7.jar%2369!/:?]
	at net.minecraftforge.fml.loading.targets.CommonServerLaunchHandler.lambda$makeService$0(CommonServerLaunchHandler.java:27) ~[fmlloader-1.20.1-47.3.7.jar%2369!/:?]
	at cpw.mods.modlauncher.LaunchServiceHandlerDecorator.launch(LaunchServiceHandlerDecorator.java:30) ~[modlauncher-10.0.9.jar%2355!/:?]
	at cpw.mods.modlauncher.LaunchServiceHandler.launch(LaunchServiceHandler.java:53) ~[modlauncher-10.0.9.jar%2355!/:?]
	at cpw.mods.modlauncher.LaunchServiceHandler.launch(LaunchServiceHandler.java:71) ~[modlauncher-10.0.9.jar%2355!/:?]
	at cpw.mods.modlauncher.Launcher.run(Launcher.java:108) ~[modlauncher-10.0.9.jar%2355!/:?]
	at cpw.mods.modlauncher.Launcher.main(Launcher.java:78) ~[modlauncher-10.0.9.jar%2355!/:?]
	at cpw.mods.modlauncher.BootstrapLaunchConsumer.accept(BootstrapLaunchConsumer.java:26) ~[modlauncher-10.0.9.jar%2355!/:?]
	at cpw.mods.modlauncher.BootstrapLaunchConsumer.accept(BootstrapLaunchConsumer.java:23) ~[modlauncher-10.0.9.jar%2355!/:?]
	at cpw.mods.bootstraplauncher.BootstrapLauncher.main(BootstrapLauncher.java:141) ~[bootstraplauncher-1.1.2.jar:?]
[23Sep2025 04:00:11.225] [main/ERROR] [net.minecraft.world.item.crafting.RecipeManager/]: Parsing error loading recipe butcher:skinningknifeknapping
com.google.gson.JsonSyntaxException: Invalid or unsupported recipe type 'tfc:knapping'
	at net.minecraft.world.item.crafting.RecipeManager.m_220253_(RecipeManager.java:170) ~[server-1.20.1-20230612.114412-srg.jar%23147!/:?]
	at java.util.Optional.orElseThrow(Optional.java:403) ~[?:?]
	at net.minecraft.world.item.crafting.RecipeManager.fromJson(RecipeManager.java:169) ~[server-1.20.1-20230612.114412-srg.jar%23147!/:?]
	at net.minecraft.world.item.crafting.RecipeManager.m_5787_(RecipeManager.java:67) ~[server-1.20.1-20230612.114412-srg.jar%23147!/:?]
	at net.minecraft.world.item.crafting.RecipeManager.m_5787_(RecipeManager.java:34) ~[server-1.20.1-20230612.114412-srg.jar%23147!/:?]
	at net.minecraft.server.packs.resources.SimplePreparableReloadListener.m_10789_(SimplePreparableReloadListener.java:13) ~[server-1.20.1-20230612.114412-srg.jar%23147!/:?]
	at java.util.concurrent.CompletableFuture$UniAccept.tryFire(CompletableFuture.java:718) ~[?:?]
	at java.util.concurrent.CompletableFuture$Completion.run(CompletableFuture.java:482) ~[?:?]
	at net.minecraft.server.packs.resources.SimpleReloadInstance.m_143940_(SimpleReloadInstance.java:69) ~[server-1.20.1-20230612.114412-srg.jar%23147!/:?]
	at net.minecraft.Util.m_214652_(Util.java:783) ~[server-1.20.1-20230612.114412-srg.jar%23147!/:?]
	at net.minecraft.Util.m_214679_(Util.java:772) ~[server-1.20.1-20230612.114412-srg.jar%23147!/:?]
	at net.minecraft.server.Main.main(Main.java:166) ~[server-1.20.1-20230612.114412-srg.jar%23147!/:?]
	at jdk.internal.reflect.NativeMethodAccessorImpl.invoke0(Native Method) ~[?:?]
	at jdk.internal.reflect.NativeMethodAccessorImpl.invoke(NativeMethodAccessorImpl.java:77) ~[?:?]
	at jdk.internal.reflect.DelegatingMethodAccessorImpl.invoke(DelegatingMethodAccessorImpl.java:43) ~[?:?]
	at java.lang.reflect.Method.invoke(Method.java:569) ~[?:?]
	at net.minecraftforge.fml.loading.targets.CommonLaunchHandler.runTarget(CommonLaunchHandler.java:111) ~[fmlloader-1.20.1-47.3.7.jar%2369!/:?]
	at net.minecraftforge.fml.loading.targets.CommonLaunchHandler.serverService(CommonLaunchHandler.java:103) ~[fmlloader-1.20.1-47.3.7.jar%2369!/:?]
	at net.minecraftforge.fml.loading.targets.CommonServerLaunchHandler.lambda$makeService$0(CommonServerLaunchHandler.java:27) ~[fmlloader-1.20.1-47.3.7.jar%2369!/:?]
	at cpw.mods.modlauncher.LaunchServiceHandlerDecorator.launch(LaunchServiceHandlerDecorator.java:30) ~[modlauncher-10.0.9.jar%2355!/:?]
	at cpw.mods.modlauncher.LaunchServiceHandler.launch(LaunchServiceHandler.java:53) ~[modlauncher-10.0.9.jar%2355!/:?]
	at cpw.mods.modlauncher.LaunchServiceHandler.launch(LaunchServiceHandler.java:71) ~[modlauncher-10.0.9.jar%2355!/:?]
	at cpw.mods.modlauncher.Launcher.run(Launcher.java:108) ~[modlauncher-10.0.9.jar%2355!/:?]
	at cpw.mods.modlauncher.Launcher.main(Launcher.java:78) ~[modlauncher-10.0.9.jar%2355!/:?]
	at cpw.mods.modlauncher.BootstrapLaunchConsumer.accept(BootstrapLaunchConsumer.java:26) ~[modlauncher-10.0.9.jar%2355!/:?]
	at cpw.mods.modlauncher.BootstrapLaunchConsumer.accept(BootstrapLaunchConsumer.java:23) ~[modlauncher-10.0.9.jar%2355!/:?]
	at cpw.mods.bootstraplauncher.BootstrapLauncher.main(BootstrapLauncher.java:141) ~[bootstraplauncher-1.1.2.jar:?]
[23Sep2025 04:00:11.230] [main/INFO] [Spartan Weaponry/]: Empty result tag:"forge:nuggets/aluminum" Skipping...
[23Sep2025 04:00:11.230] [main/INFO] [net.minecraft.world.item.crafting.RecipeManager/]: Skipping loading recipe spartanweaponry:aluminum_nugget_from_blasting_aluminum_weapons as it's serializer returned null
[23Sep2025 04:00:11.238] [main/ERROR] [net.minecraft.world.item.crafting.RecipeManager/]: Parsing error loading recipe butcher:plierknapping
com.google.gson.JsonSyntaxException: Invalid or unsupported recipe type 'tfc:knapping'
	at net.minecraft.world.item.crafting.RecipeManager.m_220253_(RecipeManager.java:170) ~[server-1.20.1-20230612.114412-srg.jar%23147!/:?]
	at java.util.Optional.orElseThrow(Optional.java:403) ~[?:?]
	at net.minecraft.world.item.crafting.RecipeManager.fromJson(RecipeManager.java:169) ~[server-1.20.1-20230612.114412-srg.jar%23147!/:?]
	at net.minecraft.world.item.crafting.RecipeManager.m_5787_(RecipeManager.java:67) ~[server-1.20.1-20230612.114412-srg.jar%23147!/:?]
	at net.minecraft.world.item.crafting.RecipeManager.m_5787_(RecipeManager.java:34) ~[server-1.20.1-20230612.114412-srg.jar%23147!/:?]
	at net.minecraft.server.packs.resources.SimplePreparableReloadListener.m_10789_(SimplePreparableReloadListener.java:13) ~[server-1.20.1-20230612.114412-srg.jar%23147!/:?]
	at java.util.concurrent.CompletableFuture$UniAccept.tryFire(CompletableFuture.java:718) ~[?:?]
	at java.util.concurrent.CompletableFuture$Completion.run(CompletableFuture.java:482) ~[?:?]
	at net.minecraft.server.packs.resources.SimpleReloadInstance.m_143940_(SimpleReloadInstance.java:69) ~[server-1.20.1-20230612.114412-srg.jar%23147!/:?]
	at net.minecraft.Util.m_214652_(Util.java:783) ~[server-1.20.1-20230612.114412-srg.jar%23147!/:?]
	at net.minecraft.Util.m_214679_(Util.java:772) ~[server-1.20.1-20230612.114412-srg.jar%23147!/:?]
	at net.minecraft.server.Main.main(Main.java:166) ~[server-1.20.1-20230612.114412-srg.jar%23147!/:?]
	at jdk.internal.reflect.NativeMethodAccessorImpl.invoke0(Native Method) ~[?:?]
	at jdk.internal.reflect.NativeMethodAccessorImpl.invoke(NativeMethodAccessorImpl.java:77) ~[?:?]
	at jdk.internal.reflect.DelegatingMethodAccessorImpl.invoke(DelegatingMethodAccessorImpl.java:43) ~[?:?]
	at java.lang.reflect.Method.invoke(Method.java:569) ~[?:?]
	at net.minecraftforge.fml.loading.targets.CommonLaunchHandler.runTarget(CommonLaunchHandler.java:111) ~[fmlloader-1.20.1-47.3.7.jar%2369!/:?]
	at net.minecraftforge.fml.loading.targets.CommonLaunchHandler.serverService(CommonLaunchHandler.java:103) ~[fmlloader-1.20.1-47.3.7.jar%2369!/:?]
	at net.minecraftforge.fml.loading.targets.CommonServerLaunchHandler.lambda$makeService$0(CommonServerLaunchHandler.java:27) ~[fmlloader-1.20.1-47.3.7.jar%2369!/:?]
	at cpw.mods.modlauncher.LaunchServiceHandlerDecorator.launch(LaunchServiceHandlerDecorator.java:30) ~[modlauncher-10.0.9.jar%2355!/:?]
	at cpw.mods.modlauncher.LaunchServiceHandler.launch(LaunchServiceHandler.java:53) ~[modlauncher-10.0.9.jar%2355!/:?]
	at cpw.mods.modlauncher.LaunchServiceHandler.launch(LaunchServiceHandler.java:71) ~[modlauncher-10.0.9.jar%2355!/:?]
	at cpw.mods.modlauncher.Launcher.run(Launcher.java:108) ~[modlauncher-10.0.9.jar%2355!/:?]
	at cpw.mods.modlauncher.Launcher.main(Launcher.java:78) ~[modlauncher-10.0.9.jar%2355!/:?]
	at cpw.mods.modlauncher.BootstrapLaunchConsumer.accept(BootstrapLaunchConsumer.java:26) ~[modlauncher-10.0.9.jar%2355!/:?]
	at cpw.mods.modlauncher.BootstrapLaunchConsumer.accept(BootstrapLaunchConsumer.java:23) ~[modlauncher-10.0.9.jar%2355!/:?]
	at cpw.mods.bootstraplauncher.BootstrapLauncher.main(BootstrapLauncher.java:141) ~[bootstraplauncher-1.1.2.jar:?]
[23Sep2025 04:00:11.241] [main/ERROR] [net.minecraft.world.item.crafting.RecipeManager/]: Parsing error loading recipe butcher:createhoofrecipe
com.google.gson.JsonSyntaxException: Invalid or unsupported recipe type 'create:milling'
	at net.minecraft.world.item.crafting.RecipeManager.m_220253_(RecipeManager.java:170) ~[server-1.20.1-20230612.114412-srg.jar%23147!/:?]
	at java.util.Optional.orElseThrow(Optional.java:403) ~[?:?]
	at net.minecraft.world.item.crafting.RecipeManager.fromJson(RecipeManager.java:169) ~[server-1.20.1-20230612.114412-srg.jar%23147!/:?]
	at net.minecraft.world.item.crafting.RecipeManager.m_5787_(RecipeManager.java:67) ~[server-1.20.1-20230612.114412-srg.jar%23147!/:?]
	at net.minecraft.world.item.crafting.RecipeManager.m_5787_(RecipeManager.java:34) ~[server-1.20.1-20230612.114412-srg.jar%23147!/:?]
	at net.minecraft.server.packs.resources.SimplePreparableReloadListener.m_10789_(SimplePreparableReloadListener.java:13) ~[server-1.20.1-20230612.114412-srg.jar%23147!/:?]
	at java.util.concurrent.CompletableFuture$UniAccept.tryFire(CompletableFuture.java:718) ~[?:?]
	at java.util.concurrent.CompletableFuture$Completion.run(CompletableFuture.java:482) ~[?:?]
	at net.minecraft.server.packs.resources.SimpleReloadInstance.m_143940_(SimpleReloadInstance.java:69) ~[server-1.20.1-20230612.114412-srg.jar%23147!/:?]
	at net.minecraft.Util.m_214652_(Util.java:783) ~[server-1.20.1-20230612.114412-srg.jar%23147!/:?]
	at net.minecraft.Util.m_214679_(Util.java:772) ~[server-1.20.1-20230612.114412-srg.jar%23147!/:?]
	at net.minecraft.server.Main.main(Main.java:166) ~[server-1.20.1-20230612.114412-srg.jar%23147!/:?]
	at jdk.internal.reflect.NativeMethodAccessorImpl.invoke0(Native Method) ~[?:?]
	at jdk.internal.reflect.NativeMethodAccessorImpl.invoke(NativeMethodAccessorImpl.java:77) ~[?:?]
	at jdk.internal.reflect.DelegatingMethodAccessorImpl.invoke(DelegatingMethodAccessorImpl.java:43) ~[?:?]
	at java.lang.reflect.Method.invoke(Method.java:569) ~[?:?]
	at net.minecraftforge.fml.loading.targets.CommonLaunchHandler.runTarget(CommonLaunchHandler.java:111) ~[fmlloader-1.20.1-47.3.7.jar%2369!/:?]
	at net.minecraftforge.fml.loading.targets.CommonLaunchHandler.serverService(CommonLaunchHandler.java:103) ~[fmlloader-1.20.1-47.3.7.jar%2369!/:?]
	at net.minecraftforge.fml.loading.targets.CommonServerLaunchHandler.lambda$makeService$0(CommonServerLaunchHandler.java:27) ~[fmlloader-1.20.1-47.3.7.jar%2369!/:?]
	at cpw.mods.modlauncher.LaunchServiceHandlerDecorator.launch(LaunchServiceHandlerDecorator.java:30) ~[modlauncher-10.0.9.jar%2355!/:?]
	at cpw.mods.modlauncher.LaunchServiceHandler.launch(LaunchServiceHandler.java:53) ~[modlauncher-10.0.9.jar%2355!/:?]
	at cpw.mods.modlauncher.LaunchServiceHandler.launch(LaunchServiceHandler.java:71) ~[modlauncher-10.0.9.jar%2355!/:?]
	at cpw.mods.modlauncher.Launcher.run(Launcher.java:108) ~[modlauncher-10.0.9.jar%2355!/:?]
	at cpw.mods.modlauncher.Launcher.main(Launcher.java:78) ~[modlauncher-10.0.9.jar%2355!/:?]
	at cpw.mods.modlauncher.BootstrapLaunchConsumer.accept(BootstrapLaunchConsumer.java:26) ~[modlauncher-10.0.9.jar%2355!/:?]
	at cpw.mods.modlauncher.BootstrapLaunchConsumer.accept(BootstrapLaunchConsumer.java:23) ~[modlauncher-10.0.9.jar%2355!/:?]
	at cpw.mods.bootstraplauncher.BootstrapLauncher.main(BootstrapLauncher.java:141) ~[bootstraplauncher-1.1.2.jar:?]
[23Sep2025 04:00:11.290] [main/INFO] [Spartan Weaponry/]: Empty result tag:"forge:nuggets/invar" Skipping...
[23Sep2025 04:00:11.290] [main/INFO] [net.minecraft.world.item.crafting.RecipeManager/]: Skipping loading recipe spartanweaponry:invar_nugget_from_smelting_invar_weapons as it's serializer returned null
[23Sep2025 04:00:11.299] [main/INFO] [Spartan Weaponry/]: Empty result tag:"forge:nuggets/constantan" Skipping...
[23Sep2025 04:00:11.299] [main/INFO] [net.minecraft.world.item.crafting.RecipeManager/]: Skipping loading recipe spartanweaponry:constantan_nugget_from_smelting_constantan_weapons as it's serializer returned null
[23Sep2025 04:00:11.327] [main/INFO] [Spartan Weaponry/]: Empty result tag:"forge:nuggets/nickel" Skipping...
[23Sep2025 04:00:11.328] [main/INFO] [net.minecraft.world.item.crafting.RecipeManager/]: Skipping loading recipe spartanweaponry:nickel_nugget_from_smelting_nickel_weapons as it's serializer returned null
[23Sep2025 04:00:11.328] [main/INFO] [Spartan Weaponry/]: Empty result tag:"forge:nuggets/electrum" Skipping...
[23Sep2025 04:00:11.328] [main/INFO] [net.minecraft.world.item.crafting.RecipeManager/]: Skipping loading recipe spartanweaponry:electrum_nugget_from_smelting_electrum_weapons as it's serializer returned null
[23Sep2025 04:00:11.346] [main/ERROR] [net.minecraft.world.item.crafting.RecipeManager/]: Parsing error loading recipe butcher:createwishbonerecipe
com.google.gson.JsonSyntaxException: Invalid or unsupported recipe type 'create:milling'
	at net.minecraft.world.item.crafting.RecipeManager.m_220253_(RecipeManager.java:170) ~[server-1.20.1-20230612.114412-srg.jar%23147!/:?]
	at java.util.Optional.orElseThrow(Optional.java:403) ~[?:?]
	at net.minecraft.world.item.crafting.RecipeManager.fromJson(RecipeManager.java:169) ~[server-1.20.1-20230612.114412-srg.jar%23147!/:?]
	at net.minecraft.world.item.crafting.RecipeManager.m_5787_(RecipeManager.java:67) ~[server-1.20.1-20230612.114412-srg.jar%23147!/:?]
	at net.minecraft.world.item.crafting.RecipeManager.m_5787_(RecipeManager.java:34) ~[server-1.20.1-20230612.114412-srg.jar%23147!/:?]
	at net.minecraft.server.packs.resources.SimplePreparableReloadListener.m_10789_(SimplePreparableReloadListener.java:13) ~[server-1.20.1-20230612.114412-srg.jar%23147!/:?]
	at java.util.concurrent.CompletableFuture$UniAccept.tryFire(CompletableFuture.java:718) ~[?:?]
	at java.util.concurrent.CompletableFuture$Completion.run(CompletableFuture.java:482) ~[?:?]
	at net.minecraft.server.packs.resources.SimpleReloadInstance.m_143940_(SimpleReloadInstance.java:69) ~[server-1.20.1-20230612.114412-srg.jar%23147!/:?]
	at net.minecraft.Util.m_214652_(Util.java:783) ~[server-1.20.1-20230612.114412-srg.jar%23147!/:?]
	at net.minecraft.Util.m_214679_(Util.java:772) ~[server-1.20.1-20230612.114412-srg.jar%23147!/:?]
	at net.minecraft.server.Main.main(Main.java:166) ~[server-1.20.1-20230612.114412-srg.jar%23147!/:?]
	at jdk.internal.reflect.NativeMethodAccessorImpl.invoke0(Native Method) ~[?:?]
	at jdk.internal.reflect.NativeMethodAccessorImpl.invoke(NativeMethodAccessorImpl.java:77) ~[?:?]
	at jdk.internal.reflect.DelegatingMethodAccessorImpl.invoke(DelegatingMethodAccessorImpl.java:43) ~[?:?]
	at java.lang.reflect.Method.invoke(Method.java:569) ~[?:?]
	at net.minecraftforge.fml.loading.targets.CommonLaunchHandler.runTarget(CommonLaunchHandler.java:111) ~[fmlloader-1.20.1-47.3.7.jar%2369!/:?]
	at net.minecraftforge.fml.loading.targets.CommonLaunchHandler.serverService(CommonLaunchHandler.java:103) ~[fmlloader-1.20.1-47.3.7.jar%2369!/:?]
	at net.minecraftforge.fml.loading.targets.CommonServerLaunchHandler.lambda$makeService$0(CommonServerLaunchHandler.java:27) ~[fmlloader-1.20.1-47.3.7.jar%2369!/:?]
	at cpw.mods.modlauncher.LaunchServiceHandlerDecorator.launch(LaunchServiceHandlerDecorator.java:30) ~[modlauncher-10.0.9.jar%2355!/:?]
	at cpw.mods.modlauncher.LaunchServiceHandler.launch(LaunchServiceHandler.java:53) ~[modlauncher-10.0.9.jar%2355!/:?]
	at cpw.mods.modlauncher.LaunchServiceHandler.launch(LaunchServiceHandler.java:71) ~[modlauncher-10.0.9.jar%2355!/:?]
	at cpw.mods.modlauncher.Launcher.run(Launcher.java:108) ~[modlauncher-10.0.9.jar%2355!/:?]
	at cpw.mods.modlauncher.Launcher.main(Launcher.java:78) ~[modlauncher-10.0.9.jar%2355!/:?]
	at cpw.mods.modlauncher.BootstrapLaunchConsumer.accept(BootstrapLaunchConsumer.java:26) ~[modlauncher-10.0.9.jar%2355!/:?]
	at cpw.mods.modlauncher.BootstrapLaunchConsumer.accept(BootstrapLaunchConsumer.java:23) ~[modlauncher-10.0.9.jar%2355!/:?]
	at cpw.mods.bootstraplauncher.BootstrapLauncher.main(BootstrapLauncher.java:141) ~[bootstraplauncher-1.1.2.jar:?]
[23Sep2025 04:00:11.356] [main/ERROR] [net.minecraft.world.item.crafting.RecipeManager/]: Parsing error loading recipe butcher:plierjawrecipe
com.google.gson.JsonSyntaxException: Invalid or unsupported recipe type 'tfc:casting'
	at net.minecraft.world.item.crafting.RecipeManager.m_220253_(RecipeManager.java:170) ~[server-1.20.1-20230612.114412-srg.jar%23147!/:?]
	at java.util.Optional.orElseThrow(Optional.java:403) ~[?:?]
	at net.minecraft.world.item.crafting.RecipeManager.fromJson(RecipeManager.java:169) ~[server-1.20.1-20230612.114412-srg.jar%23147!/:?]
	at net.minecraft.world.item.crafting.RecipeManager.m_5787_(RecipeManager.java:67) ~[server-1.20.1-20230612.114412-srg.jar%23147!/:?]
	at net.minecraft.world.item.crafting.RecipeManager.m_5787_(RecipeManager.java:34) ~[server-1.20.1-20230612.114412-srg.jar%23147!/:?]
	at net.minecraft.server.packs.resources.SimplePreparableReloadListener.m_10789_(SimplePreparableReloadListener.java:13) ~[server-1.20.1-20230612.114412-srg.jar%23147!/:?]
	at java.util.concurrent.CompletableFuture$UniAccept.tryFire(CompletableFuture.java:718) ~[?:?]
	at java.util.concurrent.CompletableFuture$Completion.run(CompletableFuture.java:482) ~[?:?]
	at net.minecraft.server.packs.resources.SimpleReloadInstance.m_143940_(SimpleReloadInstance.java:69) ~[server-1.20.1-20230612.114412-srg.jar%23147!/:?]
	at net.minecraft.Util.m_214652_(Util.java:783) ~[server-1.20.1-20230612.114412-srg.jar%23147!/:?]
	at net.minecraft.Util.m_214679_(Util.java:772) ~[server-1.20.1-20230612.114412-srg.jar%23147!/:?]
	at net.minecraft.server.Main.main(Main.java:166) ~[server-1.20.1-20230612.114412-srg.jar%23147!/:?]
	at jdk.internal.reflect.NativeMethodAccessorImpl.invoke0(Native Method) ~[?:?]
	at jdk.internal.reflect.NativeMethodAccessorImpl.invoke(NativeMethodAccessorImpl.java:77) ~[?:?]
	at jdk.internal.reflect.DelegatingMethodAccessorImpl.invoke(DelegatingMethodAccessorImpl.java:43) ~[?:?]
	at java.lang.reflect.Method.invoke(Method.java:569) ~[?:?]
	at net.minecraftforge.fml.loading.targets.CommonLaunchHandler.runTarget(CommonLaunchHandler.java:111) ~[fmlloader-1.20.1-47.3.7.jar%2369!/:?]
	at net.minecraftforge.fml.loading.targets.CommonLaunchHandler.serverService(CommonLaunchHandler.java:103) ~[fmlloader-1.20.1-47.3.7.jar%2369!/:?]
	at net.minecraftforge.fml.loading.targets.CommonServerLaunchHandler.lambda$makeService$0(CommonServerLaunchHandler.java:27) ~[fmlloader-1.20.1-47.3.7.jar%2369!/:?]
	at cpw.mods.modlauncher.LaunchServiceHandlerDecorator.launch(LaunchServiceHandlerDecorator.java:30) ~[modlauncher-10.0.9.jar%2355!/:?]
	at cpw.mods.modlauncher.LaunchServiceHandler.launch(LaunchServiceHandler.java:53) ~[modlauncher-10.0.9.jar%2355!/:?]
	at cpw.mods.modlauncher.LaunchServiceHandler.launch(LaunchServiceHandler.java:71) ~[modlauncher-10.0.9.jar%2355!/:?]
	at cpw.mods.modlauncher.Launcher.run(Launcher.java:108) ~[modlauncher-10.0.9.jar%2355!/:?]
	at cpw.mods.modlauncher.Launcher.main(Launcher.java:78) ~[modlauncher-10.0.9.jar%2355!/:?]
	at cpw.mods.modlauncher.BootstrapLaunchConsumer.accept(BootstrapLaunchConsumer.java:26) ~[modlauncher-10.0.9.jar%2355!/:?]
	at cpw.mods.modlauncher.BootstrapLaunchConsumer.accept(BootstrapLaunchConsumer.java:23) ~[modlauncher-10.0.9.jar%2355!/:?]
	at cpw.mods.bootstraplauncher.BootstrapLauncher.main(BootstrapLauncher.java:141) ~[bootstraplauncher-1.1.2.jar:?]
[23Sep2025 04:00:11.360] [main/ERROR] [net.minecraft.world.item.crafting.RecipeManager/]: Parsing error loading recipe butcher:cleaverblade
com.google.gson.JsonSyntaxException: Invalid or unsupported recipe type 'tfc:casting'
	at net.minecraft.world.item.crafting.RecipeManager.m_220253_(RecipeManager.java:170) ~[server-1.20.1-20230612.114412-srg.jar%23147!/:?]
	at java.util.Optional.orElseThrow(Optional.java:403) ~[?:?]
	at net.minecraft.world.item.crafting.RecipeManager.fromJson(RecipeManager.java:169) ~[server-1.20.1-20230612.114412-srg.jar%23147!/:?]
	at net.minecraft.world.item.crafting.RecipeManager.m_5787_(RecipeManager.java:67) ~[server-1.20.1-20230612.114412-srg.jar%23147!/:?]
	at net.minecraft.world.item.crafting.RecipeManager.m_5787_(RecipeManager.java:34) ~[server-1.20.1-20230612.114412-srg.jar%23147!/:?]
	at net.minecraft.server.packs.resources.SimplePreparableReloadListener.m_10789_(SimplePreparableReloadListener.java:13) ~[server-1.20.1-20230612.114412-srg.jar%23147!/:?]
	at java.util.concurrent.CompletableFuture$UniAccept.tryFire(CompletableFuture.java:718) ~[?:?]
	at java.util.concurrent.CompletableFuture$Completion.run(CompletableFuture.java:482) ~[?:?]
	at net.minecraft.server.packs.resources.SimpleReloadInstance.m_143940_(SimpleReloadInstance.java:69) ~[server-1.20.1-20230612.114412-srg.jar%23147!/:?]
	at net.minecraft.Util.m_214652_(Util.java:783) ~[server-1.20.1-20230612.114412-srg.jar%23147!/:?]
	at net.minecraft.Util.m_214679_(Util.java:772) ~[server-1.20.1-20230612.114412-srg.jar%23147!/:?]
	at net.minecraft.server.Main.main(Main.java:166) ~[server-1.20.1-20230612.114412-srg.jar%23147!/:?]
	at jdk.internal.reflect.NativeMethodAccessorImpl.invoke0(Native Method) ~[?:?]
	at jdk.internal.reflect.NativeMethodAccessorImpl.invoke(NativeMethodAccessorImpl.java:77) ~[?:?]
	at jdk.internal.reflect.DelegatingMethodAccessorImpl.invoke(DelegatingMethodAccessorImpl.java:43) ~[?:?]
	at java.lang.reflect.Method.invoke(Method.java:569) ~[?:?]
	at net.minecraftforge.fml.loading.targets.CommonLaunchHandler.runTarget(CommonLaunchHandler.java:111) ~[fmlloader-1.20.1-47.3.7.jar%2369!/:?]
	at net.minecraftforge.fml.loading.targets.CommonLaunchHandler.serverService(CommonLaunchHandler.java:103) ~[fmlloader-1.20.1-47.3.7.jar%2369!/:?]
	at net.minecraftforge.fml.loading.targets.CommonServerLaunchHandler.lambda$makeService$0(CommonServerLaunchHandler.java:27) ~[fmlloader-1.20.1-47.3.7.jar%2369!/:?]
	at cpw.mods.modlauncher.LaunchServiceHandlerDecorator.launch(LaunchServiceHandlerDecorator.java:30) ~[modlauncher-10.0.9.jar%2355!/:?]
	at cpw.mods.modlauncher.LaunchServiceHandler.launch(LaunchServiceHandler.java:53) ~[modlauncher-10.0.9.jar%2355!/:?]
	at cpw.mods.modlauncher.LaunchServiceHandler.launch(LaunchServiceHandler.java:71) ~[modlauncher-10.0.9.jar%2355!/:?]
	at cpw.mods.modlauncher.Launcher.run(Launcher.java:108) ~[modlauncher-10.0.9.jar%2355!/:?]
	at cpw.mods.modlauncher.Launcher.main(Launcher.java:78) ~[modlauncher-10.0.9.jar%2355!/:?]
	at cpw.mods.modlauncher.BootstrapLaunchConsumer.accept(BootstrapLaunchConsumer.java:26) ~[modlauncher-10.0.9.jar%2355!/:?]
	at cpw.mods.modlauncher.BootstrapLaunchConsumer.accept(BootstrapLaunchConsumer.java:23) ~[modlauncher-10.0.9.jar%2355!/:?]
	at cpw.mods.bootstraplauncher.BootstrapLauncher.main(BootstrapLauncher.java:141) ~[bootstraplauncher-1.1.2.jar:?]
[23Sep2025 04:00:11.361] [main/ERROR] [net.minecraft.world.item.crafting.RecipeManager/]: Parsing error loading recipe butcher:skinningknifecrafting
com.google.gson.JsonSyntaxException: Invalid or unsupported recipe type 'tfc:advanced_shaped_crafting'
	at net.minecraft.world.item.crafting.RecipeManager.m_220253_(RecipeManager.java:170) ~[server-1.20.1-20230612.114412-srg.jar%23147!/:?]
	at java.util.Optional.orElseThrow(Optional.java:403) ~[?:?]
	at net.minecraft.world.item.crafting.RecipeManager.fromJson(RecipeManager.java:169) ~[server-1.20.1-20230612.114412-srg.jar%23147!/:?]
	at net.minecraft.world.item.crafting.RecipeManager.m_5787_(RecipeManager.java:67) ~[server-1.20.1-20230612.114412-srg.jar%23147!/:?]
	at net.minecraft.world.item.crafting.RecipeManager.m_5787_(RecipeManager.java:34) ~[server-1.20.1-20230612.114412-srg.jar%23147!/:?]
	at net.minecraft.server.packs.resources.SimplePreparableReloadListener.m_10789_(SimplePreparableReloadListener.java:13) ~[server-1.20.1-20230612.114412-srg.jar%23147!/:?]
	at java.util.concurrent.CompletableFuture$UniAccept.tryFire(CompletableFuture.java:718) ~[?:?]
	at java.util.concurrent.CompletableFuture$Completion.run(CompletableFuture.java:482) ~[?:?]
	at net.minecraft.server.packs.resources.SimpleReloadInstance.m_143940_(SimpleReloadInstance.java:69) ~[server-1.20.1-20230612.114412-srg.jar%23147!/:?]
	at net.minecraft.Util.m_214652_(Util.java:783) ~[server-1.20.1-20230612.114412-srg.jar%23147!/:?]
	at net.minecraft.Util.m_214679_(Util.java:772) ~[server-1.20.1-20230612.114412-srg.jar%23147!/:?]
	at net.minecraft.server.Main.main(Main.java:166) ~[server-1.20.1-20230612.114412-srg.jar%23147!/:?]
	at jdk.internal.reflect.NativeMethodAccessorImpl.invoke0(Native Method) ~[?:?]
	at jdk.internal.reflect.NativeMethodAccessorImpl.invoke(NativeMethodAccessorImpl.java:77) ~[?:?]
	at jdk.internal.reflect.DelegatingMethodAccessorImpl.invoke(DelegatingMethodAccessorImpl.java:43) ~[?:?]
	at java.lang.reflect.Method.invoke(Method.java:569) ~[?:?]
	at net.minecraftforge.fml.loading.targets.CommonLaunchHandler.runTarget(CommonLaunchHandler.java:111) ~[fmlloader-1.20.1-47.3.7.jar%2369!/:?]
	at net.minecraftforge.fml.loading.targets.CommonLaunchHandler.serverService(CommonLaunchHandler.java:103) ~[fmlloader-1.20.1-47.3.7.jar%2369!/:?]
	at net.minecraftforge.fml.loading.targets.CommonServerLaunchHandler.lambda$makeService$0(CommonServerLaunchHandler.java:27) ~[fmlloader-1.20.1-47.3.7.jar%2369!/:?]
	at cpw.mods.modlauncher.LaunchServiceHandlerDecorator.launch(LaunchServiceHandlerDecorator.java:30) ~[modlauncher-10.0.9.jar%2355!/:?]
	at cpw.mods.modlauncher.LaunchServiceHandler.launch(LaunchServiceHandler.java:53) ~[modlauncher-10.0.9.jar%2355!/:?]
	at cpw.mods.modlauncher.LaunchServiceHandler.launch(LaunchServiceHandler.java:71) ~[modlauncher-10.0.9.jar%2355!/:?]
	at cpw.mods.modlauncher.Launcher.run(Launcher.java:108) ~[modlauncher-10.0.9.jar%2355!/:?]
	at cpw.mods.modlauncher.Launcher.main(Launcher.java:78) ~[modlauncher-10.0.9.jar%2355!/:?]
	at cpw.mods.modlauncher.BootstrapLaunchConsumer.accept(BootstrapLaunchConsumer.java:26) ~[modlauncher-10.0.9.jar%2355!/:?]
	at cpw.mods.modlauncher.BootstrapLaunchConsumer.accept(BootstrapLaunchConsumer.java:23) ~[modlauncher-10.0.9.jar%2355!/:?]
	at cpw.mods.bootstraplauncher.BootstrapLauncher.main(BootstrapLauncher.java:141) ~[bootstraplauncher-1.1.2.jar:?]
[23Sep2025 04:00:11.367] [main/ERROR] [net.minecraft.world.item.crafting.RecipeManager/]: Parsing error loading recipe butcher:fireskinningknifemold
com.google.gson.JsonSyntaxException: Invalid or unsupported recipe type 'tfc:heating'
	at net.minecraft.world.item.crafting.RecipeManager.m_220253_(RecipeManager.java:170) ~[server-1.20.1-20230612.114412-srg.jar%23147!/:?]
	at java.util.Optional.orElseThrow(Optional.java:403) ~[?:?]
	at net.minecraft.world.item.crafting.RecipeManager.fromJson(RecipeManager.java:169) ~[server-1.20.1-20230612.114412-srg.jar%23147!/:?]
	at net.minecraft.world.item.crafting.RecipeManager.m_5787_(RecipeManager.java:67) ~[server-1.20.1-20230612.114412-srg.jar%23147!/:?]
	at net.minecraft.world.item.crafting.RecipeManager.m_5787_(RecipeManager.java:34) ~[server-1.20.1-20230612.114412-srg.jar%23147!/:?]
	at net.minecraft.server.packs.resources.SimplePreparableReloadListener.m_10789_(SimplePreparableReloadListener.java:13) ~[server-1.20.1-20230612.114412-srg.jar%23147!/:?]
	at java.util.concurrent.CompletableFuture$UniAccept.tryFire(CompletableFuture.java:718) ~[?:?]
	at java.util.concurrent.CompletableFuture$Completion.run(CompletableFuture.java:482) ~[?:?]
	at net.minecraft.server.packs.resources.SimpleReloadInstance.m_143940_(SimpleReloadInstance.java:69) ~[server-1.20.1-20230612.114412-srg.jar%23147!/:?]
	at net.minecraft.Util.m_214652_(Util.java:783) ~[server-1.20.1-20230612.114412-srg.jar%23147!/:?]
	at net.minecraft.Util.m_214679_(Util.java:772) ~[server-1.20.1-20230612.114412-srg.jar%23147!/:?]
	at net.minecraft.server.Main.main(Main.java:166) ~[server-1.20.1-20230612.114412-srg.jar%23147!/:?]
	at jdk.internal.reflect.NativeMethodAccessorImpl.invoke0(Native Method) ~[?:?]
	at jdk.internal.reflect.NativeMethodAccessorImpl.invoke(NativeMethodAccessorImpl.java:77) ~[?:?]
	at jdk.internal.reflect.DelegatingMethodAccessorImpl.invoke(DelegatingMethodAccessorImpl.java:43) ~[?:?]
	at java.lang.reflect.Method.invoke(Method.java:569) ~[?:?]
	at net.minecraftforge.fml.loading.targets.CommonLaunchHandler.runTarget(CommonLaunchHandler.java:111) ~[fmlloader-1.20.1-47.3.7.jar%2369!/:?]
	at net.minecraftforge.fml.loading.targets.CommonLaunchHandler.serverService(CommonLaunchHandler.java:103) ~[fmlloader-1.20.1-47.3.7.jar%2369!/:?]
	at net.minecraftforge.fml.loading.targets.CommonServerLaunchHandler.lambda$makeService$0(CommonServerLaunchHandler.java:27) ~[fmlloader-1.20.1-47.3.7.jar%2369!/:?]
	at cpw.mods.modlauncher.LaunchServiceHandlerDecorator.launch(LaunchServiceHandlerDecorator.java:30) ~[modlauncher-10.0.9.jar%2355!/:?]
	at cpw.mods.modlauncher.LaunchServiceHandler.launch(LaunchServiceHandler.java:53) ~[modlauncher-10.0.9.jar%2355!/:?]
	at cpw.mods.modlauncher.LaunchServiceHandler.launch(LaunchServiceHandler.java:71) ~[modlauncher-10.0.9.jar%2355!/:?]
	at cpw.mods.modlauncher.Launcher.run(Launcher.java:108) ~[modlauncher-10.0.9.jar%2355!/:?]
	at cpw.mods.modlauncher.Launcher.main(Launcher.java:78) ~[modlauncher-10.0.9.jar%2355!/:?]
	at cpw.mods.modlauncher.BootstrapLaunchConsumer.accept(BootstrapLaunchConsumer.java:26) ~[modlauncher-10.0.9.jar%2355!/:?]
	at cpw.mods.modlauncher.BootstrapLaunchConsumer.accept(BootstrapLaunchConsumer.java:23) ~[modlauncher-10.0.9.jar%2355!/:?]
	at cpw.mods.bootstraplauncher.BootstrapLauncher.main(BootstrapLauncher.java:141) ~[bootstraplauncher-1.1.2.jar:?]
[23Sep2025 04:00:11.372] [main/ERROR] [net.minecraft.world.item.crafting.RecipeManager/]: Parsing error loading recipe butcher:plieranviltfc
com.google.gson.JsonSyntaxException: Invalid or unsupported recipe type 'tfc:anvil'
	at net.minecraft.world.item.crafting.RecipeManager.m_220253_(RecipeManager.java:170) ~[server-1.20.1-20230612.114412-srg.jar%23147!/:?]
	at java.util.Optional.orElseThrow(Optional.java:403) ~[?:?]
	at net.minecraft.world.item.crafting.RecipeManager.fromJson(RecipeManager.java:169) ~[server-1.20.1-20230612.114412-srg.jar%23147!/:?]
	at net.minecraft.world.item.crafting.RecipeManager.m_5787_(RecipeManager.java:67) ~[server-1.20.1-20230612.114412-srg.jar%23147!/:?]
	at net.minecraft.world.item.crafting.RecipeManager.m_5787_(RecipeManager.java:34) ~[server-1.20.1-20230612.114412-srg.jar%23147!/:?]
	at net.minecraft.server.packs.resources.SimplePreparableReloadListener.m_10789_(SimplePreparableReloadListener.java:13) ~[server-1.20.1-20230612.114412-srg.jar%23147!/:?]
	at java.util.concurrent.CompletableFuture$UniAccept.tryFire(CompletableFuture.java:718) ~[?:?]
	at java.util.concurrent.CompletableFuture$Completion.run(CompletableFuture.java:482) ~[?:?]
	at net.minecraft.server.packs.resources.SimpleReloadInstance.m_143940_(SimpleReloadInstance.java:69) ~[server-1.20.1-20230612.114412-srg.jar%23147!/:?]
	at net.minecraft.Util.m_214652_(Util.java:783) ~[server-1.20.1-20230612.114412-srg.jar%23147!/:?]
	at net.minecraft.Util.m_214679_(Util.java:772) ~[server-1.20.1-20230612.114412-srg.jar%23147!/:?]
	at net.minecraft.server.Main.main(Main.java:166) ~[server-1.20.1-20230612.114412-srg.jar%23147!/:?]
	at jdk.internal.reflect.NativeMethodAccessorImpl.invoke0(Native Method) ~[?:?]
	at jdk.internal.reflect.NativeMethodAccessorImpl.invoke(NativeMethodAccessorImpl.java:77) ~[?:?]
	at jdk.internal.reflect.DelegatingMethodAccessorImpl.invoke(DelegatingMethodAccessorImpl.java:43) ~[?:?]
	at java.lang.reflect.Method.invoke(Method.java:569) ~[?:?]
	at net.minecraftforge.fml.loading.targets.CommonLaunchHandler.runTarget(CommonLaunchHandler.java:111) ~[fmlloader-1.20.1-47.3.7.jar%2369!/:?]
	at net.minecraftforge.fml.loading.targets.CommonLaunchHandler.serverService(CommonLaunchHandler.java:103) ~[fmlloader-1.20.1-47.3.7.jar%2369!/:?]
	at net.minecraftforge.fml.loading.targets.CommonServerLaunchHandler.lambda$makeService$0(CommonServerLaunchHandler.java:27) ~[fmlloader-1.20.1-47.3.7.jar%2369!/:?]
	at cpw.mods.modlauncher.LaunchServiceHandlerDecorator.launch(LaunchServiceHandlerDecorator.java:30) ~[modlauncher-10.0.9.jar%2355!/:?]
	at cpw.mods.modlauncher.LaunchServiceHandler.launch(LaunchServiceHandler.java:53) ~[modlauncher-10.0.9.jar%2355!/:?]
	at cpw.mods.modlauncher.LaunchServiceHandler.launch(LaunchServiceHandler.java:71) ~[modlauncher-10.0.9.jar%2355!/:?]
	at cpw.mods.modlauncher.Launcher.run(Launcher.java:108) ~[modlauncher-10.0.9.jar%2355!/:?]
	at cpw.mods.modlauncher.Launcher.main(Launcher.java:78) ~[modlauncher-10.0.9.jar%2355!/:?]
	at cpw.mods.modlauncher.BootstrapLaunchConsumer.accept(BootstrapLaunchConsumer.java:26) ~[modlauncher-10.0.9.jar%2355!/:?]
	at cpw.mods.modlauncher.BootstrapLaunchConsumer.accept(BootstrapLaunchConsumer.java:23) ~[modlauncher-10.0.9.jar%2355!/:?]
	at cpw.mods.bootstraplauncher.BootstrapLauncher.main(BootstrapLauncher.java:141) ~[bootstraplauncher-1.1.2.jar:?]
[23Sep2025 04:00:11.375] [main/ERROR] [net.minecraft.world.item.crafting.RecipeManager/]: Parsing error loading recipe butcher:neoforgeguiderecipe
com.google.gson.JsonSyntaxException: Missing item, expected to find a string
	at net.minecraft.util.GsonHelper.m_13906_(GsonHelper.java:127) ~[server-1.20.1-20230612.114412-srg.jar%23147!/:?]
	at net.minecraftforge.common.crafting.CraftingHelper.getItemStack(CraftingHelper.java:185) ~[forge-1.20.1-47.3.7-universal.jar%23152!/:?]
	at net.minecraft.world.item.crafting.ShapedRecipe.m_151274_(ShapedRecipe.java:286) ~[server-1.20.1-20230612.114412-srg.jar%23147!/:?]
	at net.minecraft.world.item.crafting.ShapelessRecipe$Serializer.m_6729_(ShapelessRecipe.java:95) ~[server-1.20.1-20230612.114412-srg.jar%23147!/:?]
	at net.minecraft.world.item.crafting.ShapelessRecipe$Serializer.m_6729_(ShapelessRecipe.java:84) ~[server-1.20.1-20230612.114412-srg.jar%23147!/:?]
	at net.minecraftforge.common.extensions.IForgeRecipeSerializer.fromJson(IForgeRecipeSerializer.java:23) ~[forge-1.20.1-47.3.7-universal.jar%23152!/:?]
	at net.minecraft.world.item.crafting.RecipeManager.fromJson(RecipeManager.java:171) ~[server-1.20.1-20230612.114412-srg.jar%23147!/:?]
	at net.minecraft.world.item.crafting.RecipeManager.m_5787_(RecipeManager.java:67) ~[server-1.20.1-20230612.114412-srg.jar%23147!/:?]
	at net.minecraft.world.item.crafting.RecipeManager.m_5787_(RecipeManager.java:34) ~[server-1.20.1-20230612.114412-srg.jar%23147!/:?]
	at net.minecraft.server.packs.resources.SimplePreparableReloadListener.m_10789_(SimplePreparableReloadListener.java:13) ~[server-1.20.1-20230612.114412-srg.jar%23147!/:?]
	at java.util.concurrent.CompletableFuture$UniAccept.tryFire(CompletableFuture.java:718) ~[?:?]
	at java.util.concurrent.CompletableFuture$Completion.run(CompletableFuture.java:482) ~[?:?]
	at net.minecraft.server.packs.resources.SimpleReloadInstance.m_143940_(SimpleReloadInstance.java:69) ~[server-1.20.1-20230612.114412-srg.jar%23147!/:?]
	at net.minecraft.Util.m_214652_(Util.java:783) ~[server-1.20.1-20230612.114412-srg.jar%23147!/:?]
	at net.minecraft.Util.m_214679_(Util.java:772) ~[server-1.20.1-20230612.114412-srg.jar%23147!/:?]
	at net.minecraft.server.Main.main(Main.java:166) ~[server-1.20.1-20230612.114412-srg.jar%23147!/:?]
	at jdk.internal.reflect.NativeMethodAccessorImpl.invoke0(Native Method) ~[?:?]
	at jdk.internal.reflect.NativeMethodAccessorImpl.invoke(NativeMethodAccessorImpl.java:77) ~[?:?]
	at jdk.internal.reflect.DelegatingMethodAccessorImpl.invoke(DelegatingMethodAccessorImpl.java:43) ~[?:?]
	at java.lang.reflect.Method.invoke(Method.java:569) ~[?:?]
	at net.minecraftforge.fml.loading.targets.CommonLaunchHandler.runTarget(CommonLaunchHandler.java:111) ~[fmlloader-1.20.1-47.3.7.jar%2369!/:?]
	at net.minecraftforge.fml.loading.targets.CommonLaunchHandler.serverService(CommonLaunchHandler.java:103) ~[fmlloader-1.20.1-47.3.7.jar%2369!/:?]
	at net.minecraftforge.fml.loading.targets.CommonServerLaunchHandler.lambda$makeService$0(CommonServerLaunchHandler.java:27) ~[fmlloader-1.20.1-47.3.7.jar%2369!/:?]
	at cpw.mods.modlauncher.LaunchServiceHandlerDecorator.launch(LaunchServiceHandlerDecorator.java:30) ~[modlauncher-10.0.9.jar%2355!/:?]
	at cpw.mods.modlauncher.LaunchServiceHandler.launch(LaunchServiceHandler.java:53) ~[modlauncher-10.0.9.jar%2355!/:?]
	at cpw.mods.modlauncher.LaunchServiceHandler.launch(LaunchServiceHandler.java:71) ~[modlauncher-10.0.9.jar%2355!/:?]
	at cpw.mods.modlauncher.Launcher.run(Launcher.java:108) ~[modlauncher-10.0.9.jar%2355!/:?]
	at cpw.mods.modlauncher.Launcher.main(Launcher.java:78) ~[modlauncher-10.0.9.jar%2355!/:?]
	at cpw.mods.modlauncher.BootstrapLaunchConsumer.accept(BootstrapLaunchConsumer.java:26) ~[modlauncher-10.0.9.jar%2355!/:?]
	at cpw.mods.modlauncher.BootstrapLaunchConsumer.accept(BootstrapLaunchConsumer.java:23) ~[modlauncher-10.0.9.jar%2355!/:?]
	at cpw.mods.bootstraplauncher.BootstrapLauncher.main(BootstrapLauncher.java:141) ~[bootstraplauncher-1.1.2.jar:?]
[23Sep2025 04:00:11.393] [main/INFO] [Spartan Weaponry/]: Empty result tag:"forge:nuggets/platinum" Skipping...
[23Sep2025 04:00:11.393] [main/INFO] [net.minecraft.world.item.crafting.RecipeManager/]: Skipping loading recipe spartanweaponry:platinum_nugget_from_blasting_platinum_weapons as it's serializer returned null
[23Sep2025 04:00:11.395] [main/INFO] [Spartan Weaponry/]: Empty result tag:"forge:nuggets/constantan" Skipping...
[23Sep2025 04:00:11.395] [main/INFO] [net.minecraft.world.item.crafting.RecipeManager/]: Skipping loading recipe spartanweaponry:constantan_nugget_from_blasting_constantan_weapons as it's serializer returned null
[23Sep2025 04:00:11.401] [main/ERROR] [net.minecraft.world.item.crafting.RecipeManager/]: Parsing error loading recipe butcher:skinningknifebladerecipe
com.google.gson.JsonSyntaxException: Invalid or unsupported recipe type 'tfc:casting'
	at net.minecraft.world.item.crafting.RecipeManager.m_220253_(RecipeManager.java:170) ~[server-1.20.1-20230612.114412-srg.jar%23147!/:?]
	at java.util.Optional.orElseThrow(Optional.java:403) ~[?:?]
	at net.minecraft.world.item.crafting.RecipeManager.fromJson(RecipeManager.java:169) ~[server-1.20.1-20230612.114412-srg.jar%23147!/:?]
	at net.minecraft.world.item.crafting.RecipeManager.m_5787_(RecipeManager.java:67) ~[server-1.20.1-20230612.114412-srg.jar%23147!/:?]
	at net.minecraft.world.item.crafting.RecipeManager.m_5787_(RecipeManager.java:34) ~[server-1.20.1-20230612.114412-srg.jar%23147!/:?]
	at net.minecraft.server.packs.resources.SimplePreparableReloadListener.m_10789_(SimplePreparableReloadListener.java:13) ~[server-1.20.1-20230612.114412-srg.jar%23147!/:?]
	at java.util.concurrent.CompletableFuture$UniAccept.tryFire(CompletableFuture.java:718) ~[?:?]
	at java.util.concurrent.CompletableFuture$Completion.run(CompletableFuture.java:482) ~[?:?]
	at net.minecraft.server.packs.resources.SimpleReloadInstance.m_143940_(SimpleReloadInstance.java:69) ~[server-1.20.1-20230612.114412-srg.jar%23147!/:?]
	at net.minecraft.Util.m_214652_(Util.java:783) ~[server-1.20.1-20230612.114412-srg.jar%23147!/:?]
	at net.minecraft.Util.m_214679_(Util.java:772) ~[server-1.20.1-20230612.114412-srg.jar%23147!/:?]
	at net.minecraft.server.Main.main(Main.java:166) ~[server-1.20.1-20230612.114412-srg.jar%23147!/:?]
	at jdk.internal.reflect.NativeMethodAccessorImpl.invoke0(Native Method) ~[?:?]
	at jdk.internal.reflect.NativeMethodAccessorImpl.invoke(NativeMethodAccessorImpl.java:77) ~[?:?]
	at jdk.internal.reflect.DelegatingMethodAccessorImpl.invoke(DelegatingMethodAccessorImpl.java:43) ~[?:?]
	at java.lang.reflect.Method.invoke(Method.java:569) ~[?:?]
	at net.minecraftforge.fml.loading.targets.CommonLaunchHandler.runTarget(CommonLaunchHandler.java:111) ~[fmlloader-1.20.1-47.3.7.jar%2369!/:?]
	at net.minecraftforge.fml.loading.targets.CommonLaunchHandler.serverService(CommonLaunchHandler.java:103) ~[fmlloader-1.20.1-47.3.7.jar%2369!/:?]
	at net.minecraftforge.fml.loading.targets.CommonServerLaunchHandler.lambda$makeService$0(CommonServerLaunchHandler.java:27) ~[fmlloader-1.20.1-47.3.7.jar%2369!/:?]
	at cpw.mods.modlauncher.LaunchServiceHandlerDecorator.launch(LaunchServiceHandlerDecorator.java:30) ~[modlauncher-10.0.9.jar%2355!/:?]
	at cpw.mods.modlauncher.LaunchServiceHandler.launch(LaunchServiceHandler.java:53) ~[modlauncher-10.0.9.jar%2355!/:?]
	at cpw.mods.modlauncher.LaunchServiceHandler.launch(LaunchServiceHandler.java:71) ~[modlauncher-10.0.9.jar%2355!/:?]
	at cpw.mods.modlauncher.Launcher.run(Launcher.java:108) ~[modlauncher-10.0.9.jar%2355!/:?]
	at cpw.mods.modlauncher.Launcher.main(Launcher.java:78) ~[modlauncher-10.0.9.jar%2355!/:?]
	at cpw.mods.modlauncher.BootstrapLaunchConsumer.accept(BootstrapLaunchConsumer.java:26) ~[modlauncher-10.0.9.jar%2355!/:?]
	at cpw.mods.modlauncher.BootstrapLaunchConsumer.accept(BootstrapLaunchConsumer.java:23) ~[modlauncher-10.0.9.jar%2355!/:?]
	at cpw.mods.bootstraplauncher.BootstrapLauncher.main(BootstrapLauncher.java:141) ~[bootstraplauncher-1.1.2.jar:?]
[23Sep2025 04:00:11.421] [main/ERROR] [net.minecraft.world.item.crafting.RecipeManager/]: Parsing error loading recipe superbwarfare:superb_warfare_manual_crafting
com.google.gson.JsonSyntaxException: Invalid or unsupported recipe type 'patchouli:shapeless_book_recipe'
	at net.minecraft.world.item.crafting.RecipeManager.m_220253_(RecipeManager.java:170) ~[server-1.20.1-20230612.114412-srg.jar%23147!/:?]
	at java.util.Optional.orElseThrow(Optional.java:403) ~[?:?]
	at net.minecraft.world.item.crafting.RecipeManager.fromJson(RecipeManager.java:169) ~[server-1.20.1-20230612.114412-srg.jar%23147!/:?]
	at net.minecraft.world.item.crafting.RecipeManager.m_5787_(RecipeManager.java:67) ~[server-1.20.1-20230612.114412-srg.jar%23147!/:?]
	at net.minecraft.world.item.crafting.RecipeManager.m_5787_(RecipeManager.java:34) ~[server-1.20.1-20230612.114412-srg.jar%23147!/:?]
	at net.minecraft.server.packs.resources.SimplePreparableReloadListener.m_10789_(SimplePreparableReloadListener.java:13) ~[server-1.20.1-20230612.114412-srg.jar%23147!/:?]
	at java.util.concurrent.CompletableFuture$UniAccept.tryFire(CompletableFuture.java:718) ~[?:?]
	at java.util.concurrent.CompletableFuture$Completion.run(CompletableFuture.java:482) ~[?:?]
	at net.minecraft.server.packs.resources.SimpleReloadInstance.m_143940_(SimpleReloadInstance.java:69) ~[server-1.20.1-20230612.114412-srg.jar%23147!/:?]
	at net.minecraft.Util.m_214652_(Util.java:783) ~[server-1.20.1-20230612.114412-srg.jar%23147!/:?]
	at net.minecraft.Util.m_214679_(Util.java:772) ~[server-1.20.1-20230612.114412-srg.jar%23147!/:?]
	at net.minecraft.server.Main.main(Main.java:166) ~[server-1.20.1-20230612.114412-srg.jar%23147!/:?]
	at jdk.internal.reflect.NativeMethodAccessorImpl.invoke0(Native Method) ~[?:?]
	at jdk.internal.reflect.NativeMethodAccessorImpl.invoke(NativeMethodAccessorImpl.java:77) ~[?:?]
	at jdk.internal.reflect.DelegatingMethodAccessorImpl.invoke(DelegatingMethodAccessorImpl.java:43) ~[?:?]
	at java.lang.reflect.Method.invoke(Method.java:569) ~[?:?]
	at net.minecraftforge.fml.loading.targets.CommonLaunchHandler.runTarget(CommonLaunchHandler.java:111) ~[fmlloader-1.20.1-47.3.7.jar%2369!/:?]
	at net.minecraftforge.fml.loading.targets.CommonLaunchHandler.serverService(CommonLaunchHandler.java:103) ~[fmlloader-1.20.1-47.3.7.jar%2369!/:?]
	at net.minecraftforge.fml.loading.targets.CommonServerLaunchHandler.lambda$makeService$0(CommonServerLaunchHandler.java:27) ~[fmlloader-1.20.1-47.3.7.jar%2369!/:?]
	at cpw.mods.modlauncher.LaunchServiceHandlerDecorator.launch(LaunchServiceHandlerDecorator.java:30) ~[modlauncher-10.0.9.jar%2355!/:?]
	at cpw.mods.modlauncher.LaunchServiceHandler.launch(LaunchServiceHandler.java:53) ~[modlauncher-10.0.9.jar%2355!/:?]
	at cpw.mods.modlauncher.LaunchServiceHandler.launch(LaunchServiceHandler.java:71) ~[modlauncher-10.0.9.jar%2355!/:?]
	at cpw.mods.modlauncher.Launcher.run(Launcher.java:108) ~[modlauncher-10.0.9.jar%2355!/:?]
	at cpw.mods.modlauncher.Launcher.main(Launcher.java:78) ~[modlauncher-10.0.9.jar%2355!/:?]
	at cpw.mods.modlauncher.BootstrapLaunchConsumer.accept(BootstrapLaunchConsumer.java:26) ~[modlauncher-10.0.9.jar%2355!/:?]
	at cpw.mods.modlauncher.BootstrapLaunchConsumer.accept(BootstrapLaunchConsumer.java:23) ~[modlauncher-10.0.9.jar%2355!/:?]
	at cpw.mods.bootstraplauncher.BootstrapLauncher.main(BootstrapLauncher.java:141) ~[bootstraplauncher-1.1.2.jar:?]
[23Sep2025 04:00:11.430] [main/ERROR] [net.minecraft.world.item.crafting.RecipeManager/]: Parsing error loading recipe butcher:forgeguiderecipe
com.google.gson.JsonSyntaxException: Unknown item 'patchouli:guide_book'
	at net.minecraftforge.common.crafting.CraftingHelper.getItem(CraftingHelper.java:160) ~[forge-1.20.1-47.3.7-universal.jar%23152!/:?]
	at net.minecraftforge.common.crafting.CraftingHelper.getItemStack(CraftingHelper.java:186) ~[forge-1.20.1-47.3.7-universal.jar%23152!/:?]
	at net.minecraft.world.item.crafting.ShapedRecipe.m_151274_(ShapedRecipe.java:286) ~[server-1.20.1-20230612.114412-srg.jar%23147!/:?]
	at net.minecraft.world.item.crafting.ShapelessRecipe$Serializer.m_6729_(ShapelessRecipe.java:95) ~[server-1.20.1-20230612.114412-srg.jar%23147!/:?]
	at net.minecraft.world.item.crafting.ShapelessRecipe$Serializer.m_6729_(ShapelessRecipe.java:84) ~[server-1.20.1-20230612.114412-srg.jar%23147!/:?]
	at net.minecraftforge.common.extensions.IForgeRecipeSerializer.fromJson(IForgeRecipeSerializer.java:23) ~[forge-1.20.1-47.3.7-universal.jar%23152!/:?]
	at net.minecraft.world.item.crafting.RecipeManager.fromJson(RecipeManager.java:171) ~[server-1.20.1-20230612.114412-srg.jar%23147!/:?]
	at net.minecraft.world.item.crafting.RecipeManager.m_5787_(RecipeManager.java:67) ~[server-1.20.1-20230612.114412-srg.jar%23147!/:?]
	at net.minecraft.world.item.crafting.RecipeManager.m_5787_(RecipeManager.java:34) ~[server-1.20.1-20230612.114412-srg.jar%23147!/:?]
	at net.minecraft.server.packs.resources.SimplePreparableReloadListener.m_10789_(SimplePreparableReloadListener.java:13) ~[server-1.20.1-20230612.114412-srg.jar%23147!/:?]
	at java.util.concurrent.CompletableFuture$UniAccept.tryFire(CompletableFuture.java:718) ~[?:?]
	at java.util.concurrent.CompletableFuture$Completion.run(CompletableFuture.java:482) ~[?:?]
	at net.minecraft.server.packs.resources.SimpleReloadInstance.m_143940_(SimpleReloadInstance.java:69) ~[server-1.20.1-20230612.114412-srg.jar%23147!/:?]
	at net.minecraft.Util.m_214652_(Util.java:783) ~[server-1.20.1-20230612.114412-srg.jar%23147!/:?]
	at net.minecraft.Util.m_214679_(Util.java:772) ~[server-1.20.1-20230612.114412-srg.jar%23147!/:?]
	at net.minecraft.server.Main.main(Main.java:166) ~[server-1.20.1-20230612.114412-srg.jar%23147!/:?]
	at jdk.internal.reflect.NativeMethodAccessorImpl.invoke0(Native Method) ~[?:?]
	at jdk.internal.reflect.NativeMethodAccessorImpl.invoke(NativeMethodAccessorImpl.java:77) ~[?:?]
	at jdk.internal.reflect.DelegatingMethodAccessorImpl.invoke(DelegatingMethodAccessorImpl.java:43) ~[?:?]
	at java.lang.reflect.Method.invoke(Method.java:569) ~[?:?]
	at net.minecraftforge.fml.loading.targets.CommonLaunchHandler.runTarget(CommonLaunchHandler.java:111) ~[fmlloader-1.20.1-47.3.7.jar%2369!/:?]
	at net.minecraftforge.fml.loading.targets.CommonLaunchHandler.serverService(CommonLaunchHandler.java:103) ~[fmlloader-1.20.1-47.3.7.jar%2369!/:?]
	at net.minecraftforge.fml.loading.targets.CommonServerLaunchHandler.lambda$makeService$0(CommonServerLaunchHandler.java:27) ~[fmlloader-1.20.1-47.3.7.jar%2369!/:?]
	at cpw.mods.modlauncher.LaunchServiceHandlerDecorator.launch(LaunchServiceHandlerDecorator.java:30) ~[modlauncher-10.0.9.jar%2355!/:?]
	at cpw.mods.modlauncher.LaunchServiceHandler.launch(LaunchServiceHandler.java:53) ~[modlauncher-10.0.9.jar%2355!/:?]
	at cpw.mods.modlauncher.LaunchServiceHandler.launch(LaunchServiceHandler.java:71) ~[modlauncher-10.0.9.jar%2355!/:?]
	at cpw.mods.modlauncher.Launcher.run(Launcher.java:108) ~[modlauncher-10.0.9.jar%2355!/:?]
	at cpw.mods.modlauncher.Launcher.main(Launcher.java:78) ~[modlauncher-10.0.9.jar%2355!/:?]
	at cpw.mods.modlauncher.BootstrapLaunchConsumer.accept(BootstrapLaunchConsumer.java:26) ~[modlauncher-10.0.9.jar%2355!/:?]
	at cpw.mods.modlauncher.BootstrapLaunchConsumer.accept(BootstrapLaunchConsumer.java:23) ~[modlauncher-10.0.9.jar%2355!/:?]
	at cpw.mods.bootstraplauncher.BootstrapLauncher.main(BootstrapLauncher.java:141) ~[bootstraplauncher-1.1.2.jar:?]
[23Sep2025 04:00:11.435] [main/ERROR] [net.minecraft.world.item.crafting.RecipeManager/]: Parsing error loading recipe butcher:crushedflowersrecipe
com.google.gson.JsonSyntaxException: Unknown item 'butcher:pestleandmortar'
	at net.minecraft.world.item.crafting.ShapedRecipe.m_151280_(ShapedRecipe.java:292) ~[server-1.20.1-20230612.114412-srg.jar%23147!/:?]
	at java.util.Optional.orElseThrow(Optional.java:403) ~[?:?]
	at net.minecraft.world.item.crafting.ShapedRecipe.m_151278_(ShapedRecipe.java:291) ~[server-1.20.1-20230612.114412-srg.jar%23147!/:?]
	at net.minecraft.world.item.crafting.Ingredient.m_43919_(Ingredient.java:219) ~[server-1.20.1-20230612.114412-srg.jar%23147!/:?]
	at net.minecraftforge.common.crafting.VanillaIngredientSerializer.parse(VanillaIngredientSerializer.java:27) ~[forge-1.20.1-47.3.7-universal.jar%23152!/:?]
	at net.minecraftforge.common.crafting.CraftingHelper.getIngredient(CraftingHelper.java:148) ~[forge-1.20.1-47.3.7-universal.jar%23152!/:?]
	at net.minecraft.world.item.crafting.Ingredient.m_288218_(Ingredient.java:194) ~[server-1.20.1-20230612.114412-srg.jar%23147!/:?]
	at net.minecraft.world.item.crafting.ShapedRecipe.m_44210_(ShapedRecipe.java:278) ~[server-1.20.1-20230612.114412-srg.jar%23147!/:?]
	at net.minecraft.world.item.crafting.ShapedRecipe$Serializer.m_6729_(ShapedRecipe.java:306) ~[server-1.20.1-20230612.114412-srg.jar%23147!/:?]
	at net.minecraft.world.item.crafting.ShapedRecipe$Serializer.m_6729_(ShapedRecipe.java:301) ~[server-1.20.1-20230612.114412-srg.jar%23147!/:?]
	at net.minecraftforge.common.extensions.IForgeRecipeSerializer.fromJson(IForgeRecipeSerializer.java:23) ~[forge-1.20.1-47.3.7-universal.jar%23152!/:?]
	at net.minecraft.world.item.crafting.RecipeManager.fromJson(RecipeManager.java:171) ~[server-1.20.1-20230612.114412-srg.jar%23147!/:?]
	at net.minecraft.world.item.crafting.RecipeManager.m_5787_(RecipeManager.java:67) ~[server-1.20.1-20230612.114412-srg.jar%23147!/:?]
	at net.minecraft.world.item.crafting.RecipeManager.m_5787_(RecipeManager.java:34) ~[server-1.20.1-20230612.114412-srg.jar%23147!/:?]
	at net.minecraft.server.packs.resources.SimplePreparableReloadListener.m_10789_(SimplePreparableReloadListener.java:13) ~[server-1.20.1-20230612.114412-srg.jar%23147!/:?]
	at java.util.concurrent.CompletableFuture$UniAccept.tryFire(CompletableFuture.java:718) ~[?:?]
	at java.util.concurrent.CompletableFuture$Completion.run(CompletableFuture.java:482) ~[?:?]
	at net.minecraft.server.packs.resources.SimpleReloadInstance.m_143940_(SimpleReloadInstance.java:69) ~[server-1.20.1-20230612.114412-srg.jar%23147!/:?]
	at net.minecraft.Util.m_214652_(Util.java:783) ~[server-1.20.1-20230612.114412-srg.jar%23147!/:?]
	at net.minecraft.Util.m_214679_(Util.java:772) ~[server-1.20.1-20230612.114412-srg.jar%23147!/:?]
	at net.minecraft.server.Main.main(Main.java:166) ~[server-1.20.1-20230612.114412-srg.jar%23147!/:?]
	at jdk.internal.reflect.NativeMethodAccessorImpl.invoke0(Native Method) ~[?:?]
	at jdk.internal.reflect.NativeMethodAccessorImpl.invoke(NativeMethodAccessorImpl.java:77) ~[?:?]
	at jdk.internal.reflect.DelegatingMethodAccessorImpl.invoke(DelegatingMethodAccessorImpl.java:43) ~[?:?]
	at java.lang.reflect.Method.invoke(Method.java:569) ~[?:?]
	at net.minecraftforge.fml.loading.targets.CommonLaunchHandler.runTarget(CommonLaunchHandler.java:111) ~[fmlloader-1.20.1-47.3.7.jar%2369!/:?]
	at net.minecraftforge.fml.loading.targets.CommonLaunchHandler.serverService(CommonLaunchHandler.java:103) ~[fmlloader-1.20.1-47.3.7.jar%2369!/:?]
	at net.minecraftforge.fml.loading.targets.CommonServerLaunchHandler.lambda$makeService$0(CommonServerLaunchHandler.java:27) ~[fmlloader-1.20.1-47.3.7.jar%2369!/:?]
	at cpw.mods.modlauncher.LaunchServiceHandlerDecorator.launch(LaunchServiceHandlerDecorator.java:30) ~[modlauncher-10.0.9.jar%2355!/:?]
	at cpw.mods.modlauncher.LaunchServiceHandler.launch(LaunchServiceHandler.java:53) ~[modlauncher-10.0.9.jar%2355!/:?]
	at cpw.mods.modlauncher.LaunchServiceHandler.launch(LaunchServiceHandler.java:71) ~[modlauncher-10.0.9.jar%2355!/:?]
	at cpw.mods.modlauncher.Launcher.run(Launcher.java:108) ~[modlauncher-10.0.9.jar%2355!/:?]
	at cpw.mods.modlauncher.Launcher.main(Launcher.java:78) ~[modlauncher-10.0.9.jar%2355!/:?]
	at cpw.mods.modlauncher.BootstrapLaunchConsumer.accept(BootstrapLaunchConsumer.java:26) ~[modlauncher-10.0.9.jar%2355!/:?]
	at cpw.mods.modlauncher.BootstrapLaunchConsumer.accept(BootstrapLaunchConsumer.java:23) ~[modlauncher-10.0.9.jar%2355!/:?]
	at cpw.mods.bootstraplauncher.BootstrapLauncher.main(BootstrapLauncher.java:141) ~[bootstraplauncher-1.1.2.jar:?]
[23Sep2025 04:00:11.448] [main/ERROR] [net.minecraft.world.item.crafting.RecipeManager/]: Parsing error loading recipe butcher:createwetspongerecipe
com.google.gson.JsonSyntaxException: Invalid or unsupported recipe type 'create:splashing'
	at net.minecraft.world.item.crafting.RecipeManager.m_220253_(RecipeManager.java:170) ~[server-1.20.1-20230612.114412-srg.jar%23147!/:?]
	at java.util.Optional.orElseThrow(Optional.java:403) ~[?:?]
	at net.minecraft.world.item.crafting.RecipeManager.fromJson(RecipeManager.java:169) ~[server-1.20.1-20230612.114412-srg.jar%23147!/:?]
	at net.minecraft.world.item.crafting.RecipeManager.m_5787_(RecipeManager.java:67) ~[server-1.20.1-20230612.114412-srg.jar%23147!/:?]
	at net.minecraft.world.item.crafting.RecipeManager.m_5787_(RecipeManager.java:34) ~[server-1.20.1-20230612.114412-srg.jar%23147!/:?]
	at net.minecraft.server.packs.resources.SimplePreparableReloadListener.m_10789_(SimplePreparableReloadListener.java:13) ~[server-1.20.1-20230612.114412-srg.jar%23147!/:?]
	at java.util.concurrent.CompletableFuture$UniAccept.tryFire(CompletableFuture.java:718) ~[?:?]
	at java.util.concurrent.CompletableFuture$Completion.run(CompletableFuture.java:482) ~[?:?]
	at net.minecraft.server.packs.resources.SimpleReloadInstance.m_143940_(SimpleReloadInstance.java:69) ~[server-1.20.1-20230612.114412-srg.jar%23147!/:?]
	at net.minecraft.Util.m_214652_(Util.java:783) ~[server-1.20.1-20230612.114412-srg.jar%23147!/:?]
	at net.minecraft.Util.m_214679_(Util.java:772) ~[server-1.20.1-20230612.114412-srg.jar%23147!/:?]
	at net.minecraft.server.Main.main(Main.java:166) ~[server-1.20.1-20230612.114412-srg.jar%23147!/:?]
	at jdk.internal.reflect.NativeMethodAccessorImpl.invoke0(Native Method) ~[?:?]
	at jdk.internal.reflect.NativeMethodAccessorImpl.invoke(NativeMethodAccessorImpl.java:77) ~[?:?]
	at jdk.internal.reflect.DelegatingMethodAccessorImpl.invoke(DelegatingMethodAccessorImpl.java:43) ~[?:?]
	at java.lang.reflect.Method.invoke(Method.java:569) ~[?:?]
	at net.minecraftforge.fml.loading.targets.CommonLaunchHandler.runTarget(CommonLaunchHandler.java:111) ~[fmlloader-1.20.1-47.3.7.jar%2369!/:?]
	at net.minecraftforge.fml.loading.targets.CommonLaunchHandler.serverService(CommonLaunchHandler.java:103) ~[fmlloader-1.20.1-47.3.7.jar%2369!/:?]
	at net.minecraftforge.fml.loading.targets.CommonServerLaunchHandler.lambda$makeService$0(CommonServerLaunchHandler.java:27) ~[fmlloader-1.20.1-47.3.7.jar%2369!/:?]
	at cpw.mods.modlauncher.LaunchServiceHandlerDecorator.launch(LaunchServiceHandlerDecorator.java:30) ~[modlauncher-10.0.9.jar%2355!/:?]
	at cpw.mods.modlauncher.LaunchServiceHandler.launch(LaunchServiceHandler.java:53) ~[modlauncher-10.0.9.jar%2355!/:?]
	at cpw.mods.modlauncher.LaunchServiceHandler.launch(LaunchServiceHandler.java:71) ~[modlauncher-10.0.9.jar%2355!/:?]
	at cpw.mods.modlauncher.Launcher.run(Launcher.java:108) ~[modlauncher-10.0.9.jar%2355!/:?]
	at cpw.mods.modlauncher.Launcher.main(Launcher.java:78) ~[modlauncher-10.0.9.jar%2355!/:?]
	at cpw.mods.modlauncher.BootstrapLaunchConsumer.accept(BootstrapLaunchConsumer.java:26) ~[modlauncher-10.0.9.jar%2355!/:?]
	at cpw.mods.modlauncher.BootstrapLaunchConsumer.accept(BootstrapLaunchConsumer.java:23) ~[modlauncher-10.0.9.jar%2355!/:?]
	at cpw.mods.bootstraplauncher.BootstrapLauncher.main(BootstrapLauncher.java:141) ~[bootstraplauncher-1.1.2.jar:?]
[23Sep2025 04:00:11.457] [main/ERROR] [net.minecraft.world.item.crafting.RecipeManager/]: Parsing error loading recipe butcher:ironcleaveranviltfc
com.google.gson.JsonSyntaxException: Invalid or unsupported recipe type 'tfc:anvil'
	at net.minecraft.world.item.crafting.RecipeManager.m_220253_(RecipeManager.java:170) ~[server-1.20.1-20230612.114412-srg.jar%23147!/:?]
	at java.util.Optional.orElseThrow(Optional.java:403) ~[?:?]
	at net.minecraft.world.item.crafting.RecipeManager.fromJson(RecipeManager.java:169) ~[server-1.20.1-20230612.114412-srg.jar%23147!/:?]
	at net.minecraft.world.item.crafting.RecipeManager.m_5787_(RecipeManager.java:67) ~[server-1.20.1-20230612.114412-srg.jar%23147!/:?]
	at net.minecraft.world.item.crafting.RecipeManager.m_5787_(RecipeManager.java:34) ~[server-1.20.1-20230612.114412-srg.jar%23147!/:?]
	at net.minecraft.server.packs.resources.SimplePreparableReloadListener.m_10789_(SimplePreparableReloadListener.java:13) ~[server-1.20.1-20230612.114412-srg.jar%23147!/:?]
	at java.util.concurrent.CompletableFuture$UniAccept.tryFire(CompletableFuture.java:718) ~[?:?]
	at java.util.concurrent.CompletableFuture$Completion.run(CompletableFuture.java:482) ~[?:?]
	at net.minecraft.server.packs.resources.SimpleReloadInstance.m_143940_(SimpleReloadInstance.java:69) ~[server-1.20.1-20230612.114412-srg.jar%23147!/:?]
	at net.minecraft.Util.m_214652_(Util.java:783) ~[server-1.20.1-20230612.114412-srg.jar%23147!/:?]
	at net.minecraft.Util.m_214679_(Util.java:772) ~[server-1.20.1-20230612.114412-srg.jar%23147!/:?]
	at net.minecraft.server.Main.main(Main.java:166) ~[server-1.20.1-20230612.114412-srg.jar%23147!/:?]
	at jdk.internal.reflect.NativeMethodAccessorImpl.invoke0(Native Method) ~[?:?]
	at jdk.internal.reflect.NativeMethodAccessorImpl.invoke(NativeMethodAccessorImpl.java:77) ~[?:?]
	at jdk.internal.reflect.DelegatingMethodAccessorImpl.invoke(DelegatingMethodAccessorImpl.java:43) ~[?:?]
	at java.lang.reflect.Method.invoke(Method.java:569) ~[?:?]
	at net.minecraftforge.fml.loading.targets.CommonLaunchHandler.runTarget(CommonLaunchHandler.java:111) ~[fmlloader-1.20.1-47.3.7.jar%2369!/:?]
	at net.minecraftforge.fml.loading.targets.CommonLaunchHandler.serverService(CommonLaunchHandler.java:103) ~[fmlloader-1.20.1-47.3.7.jar%2369!/:?]
	at net.minecraftforge.fml.loading.targets.CommonServerLaunchHandler.lambda$makeService$0(CommonServerLaunchHandler.java:27) ~[fmlloader-1.20.1-47.3.7.jar%2369!/:?]
	at cpw.mods.modlauncher.LaunchServiceHandlerDecorator.launch(LaunchServiceHandlerDecorator.java:30) ~[modlauncher-10.0.9.jar%2355!/:?]
	at cpw.mods.modlauncher.LaunchServiceHandler.launch(LaunchServiceHandler.java:53) ~[modlauncher-10.0.9.jar%2355!/:?]
	at cpw.mods.modlauncher.LaunchServiceHandler.launch(LaunchServiceHandler.java:71) ~[modlauncher-10.0.9.jar%2355!/:?]
	at cpw.mods.modlauncher.Launcher.run(Launcher.java:108) ~[modlauncher-10.0.9.jar%2355!/:?]
	at cpw.mods.modlauncher.Launcher.main(Launcher.java:78) ~[modlauncher-10.0.9.jar%2355!/:?]
	at cpw.mods.modlauncher.BootstrapLaunchConsumer.accept(BootstrapLaunchConsumer.java:26) ~[modlauncher-10.0.9.jar%2355!/:?]
	at cpw.mods.modlauncher.BootstrapLaunchConsumer.accept(BootstrapLaunchConsumer.java:23) ~[modlauncher-10.0.9.jar%2355!/:?]
	at cpw.mods.bootstraplauncher.BootstrapLauncher.main(BootstrapLauncher.java:141) ~[bootstraplauncher-1.1.2.jar:?]
[23Sep2025 04:00:11.466] [main/INFO] [Spartan Weaponry/]: Empty result tag:"forge:nuggets/nickel" Skipping...
[23Sep2025 04:00:11.467] [main/INFO] [net.minecraft.world.item.crafting.RecipeManager/]: Skipping loading recipe spartanweaponry:nickel_nugget_from_blasting_nickel_weapons as it's serializer returned null
[23Sep2025 04:00:11.468] [main/ERROR] [net.minecraft.world.item.crafting.RecipeManager/]: Parsing error loading recipe butcher:createwishbonerecipe_2
com.google.gson.JsonSyntaxException: Invalid or unsupported recipe type 'create:milling'
	at net.minecraft.world.item.crafting.RecipeManager.m_220253_(RecipeManager.java:170) ~[server-1.20.1-20230612.114412-srg.jar%23147!/:?]
	at java.util.Optional.orElseThrow(Optional.java:403) ~[?:?]
	at net.minecraft.world.item.crafting.RecipeManager.fromJson(RecipeManager.java:169) ~[server-1.20.1-20230612.114412-srg.jar%23147!/:?]
	at net.minecraft.world.item.crafting.RecipeManager.m_5787_(RecipeManager.java:67) ~[server-1.20.1-20230612.114412-srg.jar%23147!/:?]
	at net.minecraft.world.item.crafting.RecipeManager.m_5787_(RecipeManager.java:34) ~[server-1.20.1-20230612.114412-srg.jar%23147!/:?]
	at net.minecraft.server.packs.resources.SimplePreparableReloadListener.m_10789_(SimplePreparableReloadListener.java:13) ~[server-1.20.1-20230612.114412-srg.jar%23147!/:?]
	at java.util.concurrent.CompletableFuture$UniAccept.tryFire(CompletableFuture.java:718) ~[?:?]
	at java.util.concurrent.CompletableFuture$Completion.run(CompletableFuture.java:482) ~[?:?]
	at net.minecraft.server.packs.resources.SimpleReloadInstance.m_143940_(SimpleReloadInstance.java:69) ~[server-1.20.1-20230612.114412-srg.jar%23147!/:?]
	at net.minecraft.Util.m_214652_(Util.java:783) ~[server-1.20.1-20230612.114412-srg.jar%23147!/:?]
	at net.minecraft.Util.m_214679_(Util.java:772) ~[server-1.20.1-20230612.114412-srg.jar%23147!/:?]
	at net.minecraft.server.Main.main(Main.java:166) ~[server-1.20.1-20230612.114412-srg.jar%23147!/:?]
	at jdk.internal.reflect.NativeMethodAccessorImpl.invoke0(Native Method) ~[?:?]
	at jdk.internal.reflect.NativeMethodAccessorImpl.invoke(NativeMethodAccessorImpl.java:77) ~[?:?]
	at jdk.internal.reflect.DelegatingMethodAccessorImpl.invoke(DelegatingMethodAccessorImpl.java:43) ~[?:?]
	at java.lang.reflect.Method.invoke(Method.java:569) ~[?:?]
	at net.minecraftforge.fml.loading.targets.CommonLaunchHandler.runTarget(CommonLaunchHandler.java:111) ~[fmlloader-1.20.1-47.3.7.jar%2369!/:?]
	at net.minecraftforge.fml.loading.targets.CommonLaunchHandler.serverService(CommonLaunchHandler.java:103) ~[fmlloader-1.20.1-47.3.7.jar%2369!/:?]
	at net.minecraftforge.fml.loading.targets.CommonServerLaunchHandler.lambda$makeService$0(CommonServerLaunchHandler.java:27) ~[fmlloader-1.20.1-47.3.7.jar%2369!/:?]
	at cpw.mods.modlauncher.LaunchServiceHandlerDecorator.launch(LaunchServiceHandlerDecorator.java:30) ~[modlauncher-10.0.9.jar%2355!/:?]
	at cpw.mods.modlauncher.LaunchServiceHandler.launch(LaunchServiceHandler.java:53) ~[modlauncher-10.0.9.jar%2355!/:?]
	at cpw.mods.modlauncher.LaunchServiceHandler.launch(LaunchServiceHandler.java:71) ~[modlauncher-10.0.9.jar%2355!/:?]
	at cpw.mods.modlauncher.Launcher.run(Launcher.java:108) ~[modlauncher-10.0.9.jar%2355!/:?]
	at cpw.mods.modlauncher.Launcher.main(Launcher.java:78) ~[modlauncher-10.0.9.jar%2355!/:?]
	at cpw.mods.modlauncher.BootstrapLaunchConsumer.accept(BootstrapLaunchConsumer.java:26) ~[modlauncher-10.0.9.jar%2355!/:?]
	at cpw.mods.modlauncher.BootstrapLaunchConsumer.accept(BootstrapLaunchConsumer.java:23) ~[modlauncher-10.0.9.jar%2355!/:?]
	at cpw.mods.bootstraplauncher.BootstrapLauncher.main(BootstrapLauncher.java:141) ~[bootstraplauncher-1.1.2.jar:?]
[23Sep2025 04:00:11.470] [main/ERROR] [net.minecraft.world.item.crafting.RecipeManager/]: Parsing error loading recipe butcher:createwetragrecipe
com.google.gson.JsonSyntaxException: Invalid or unsupported recipe type 'create:splashing'
	at net.minecraft.world.item.crafting.RecipeManager.m_220253_(RecipeManager.java:170) ~[server-1.20.1-20230612.114412-srg.jar%23147!/:?]
	at java.util.Optional.orElseThrow(Optional.java:403) ~[?:?]
	at net.minecraft.world.item.crafting.RecipeManager.fromJson(RecipeManager.java:169) ~[server-1.20.1-20230612.114412-srg.jar%23147!/:?]
	at net.minecraft.world.item.crafting.RecipeManager.m_5787_(RecipeManager.java:67) ~[server-1.20.1-20230612.114412-srg.jar%23147!/:?]
	at net.minecraft.world.item.crafting.RecipeManager.m_5787_(RecipeManager.java:34) ~[server-1.20.1-20230612.114412-srg.jar%23147!/:?]
	at net.minecraft.server.packs.resources.SimplePreparableReloadListener.m_10789_(SimplePreparableReloadListener.java:13) ~[server-1.20.1-20230612.114412-srg.jar%23147!/:?]
	at java.util.concurrent.CompletableFuture$UniAccept.tryFire(CompletableFuture.java:718) ~[?:?]
	at java.util.concurrent.CompletableFuture$Completion.run(CompletableFuture.java:482) ~[?:?]
	at net.minecraft.server.packs.resources.SimpleReloadInstance.m_143940_(SimpleReloadInstance.java:69) ~[server-1.20.1-20230612.114412-srg.jar%23147!/:?]
	at net.minecraft.Util.m_214652_(Util.java:783) ~[server-1.20.1-20230612.114412-srg.jar%23147!/:?]
	at net.minecraft.Util.m_214679_(Util.java:772) ~[server-1.20.1-20230612.114412-srg.jar%23147!/:?]
	at net.minecraft.server.Main.main(Main.java:166) ~[server-1.20.1-20230612.114412-srg.jar%23147!/:?]
	at jdk.internal.reflect.NativeMethodAccessorImpl.invoke0(Native Method) ~[?:?]
	at jdk.internal.reflect.NativeMethodAccessorImpl.invoke(NativeMethodAccessorImpl.java:77) ~[?:?]
	at jdk.internal.reflect.DelegatingMethodAccessorImpl.invoke(DelegatingMethodAccessorImpl.java:43) ~[?:?]
	at java.lang.reflect.Method.invoke(Method.java:569) ~[?:?]
	at net.minecraftforge.fml.loading.targets.CommonLaunchHandler.runTarget(CommonLaunchHandler.java:111) ~[fmlloader-1.20.1-47.3.7.jar%2369!/:?]
	at net.minecraftforge.fml.loading.targets.CommonLaunchHandler.serverService(CommonLaunchHandler.java:103) ~[fmlloader-1.20.1-47.3.7.jar%2369!/:?]
	at net.minecraftforge.fml.loading.targets.CommonServerLaunchHandler.lambda$makeService$0(CommonServerLaunchHandler.java:27) ~[fmlloader-1.20.1-47.3.7.jar%2369!/:?]
	at cpw.mods.modlauncher.LaunchServiceHandlerDecorator.launch(LaunchServiceHandlerDecorator.java:30) ~[modlauncher-10.0.9.jar%2355!/:?]
	at cpw.mods.modlauncher.LaunchServiceHandler.launch(LaunchServiceHandler.java:53) ~[modlauncher-10.0.9.jar%2355!/:?]
	at cpw.mods.modlauncher.LaunchServiceHandler.launch(LaunchServiceHandler.java:71) ~[modlauncher-10.0.9.jar%2355!/:?]
	at cpw.mods.modlauncher.Launcher.run(Launcher.java:108) ~[modlauncher-10.0.9.jar%2355!/:?]
	at cpw.mods.modlauncher.Launcher.main(Launcher.java:78) ~[modlauncher-10.0.9.jar%2355!/:?]
	at cpw.mods.modlauncher.BootstrapLaunchConsumer.accept(BootstrapLaunchConsumer.java:26) ~[modlauncher-10.0.9.jar%2355!/:?]
	at cpw.mods.modlauncher.BootstrapLaunchConsumer.accept(BootstrapLaunchConsumer.java:23) ~[modlauncher-10.0.9.jar%2355!/:?]
	at cpw.mods.bootstraplauncher.BootstrapLauncher.main(BootstrapLauncher.java:141) ~[bootstraplauncher-1.1.2.jar:?]
[23Sep2025 04:00:11.473] [main/INFO] [Spartan Weaponry/]: Empty result tag:"forge:nuggets/invar" Skipping...
[23Sep2025 04:00:11.473] [main/INFO] [net.minecraft.world.item.crafting.RecipeManager/]: Skipping loading recipe spartanweaponry:invar_nugget_from_blasting_invar_weapons as it's serializer returned null
[23Sep2025 04:00:11.478] [main/ERROR] [net.minecraft.world.item.crafting.RecipeManager/]: Parsing error loading recipe butcher:firecleavermold
com.google.gson.JsonSyntaxException: Invalid or unsupported recipe type 'tfc:heating'
	at net.minecraft.world.item.crafting.RecipeManager.m_220253_(RecipeManager.java:170) ~[server-1.20.1-20230612.114412-srg.jar%23147!/:?]
	at java.util.Optional.orElseThrow(Optional.java:403) ~[?:?]
	at net.minecraft.world.item.crafting.RecipeManager.fromJson(RecipeManager.java:169) ~[server-1.20.1-20230612.114412-srg.jar%23147!/:?]
	at net.minecraft.world.item.crafting.RecipeManager.m_5787_(RecipeManager.java:67) ~[server-1.20.1-20230612.114412-srg.jar%23147!/:?]
	at net.minecraft.world.item.crafting.RecipeManager.m_5787_(RecipeManager.java:34) ~[server-1.20.1-20230612.114412-srg.jar%23147!/:?]
	at net.minecraft.server.packs.resources.SimplePreparableReloadListener.m_10789_(SimplePreparableReloadListener.java:13) ~[server-1.20.1-20230612.114412-srg.jar%23147!/:?]
	at java.util.concurrent.CompletableFuture$UniAccept.tryFire(CompletableFuture.java:718) ~[?:?]
	at java.util.concurrent.CompletableFuture$Completion.run(CompletableFuture.java:482) ~[?:?]
	at net.minecraft.server.packs.resources.SimpleReloadInstance.m_143940_(SimpleReloadInstance.java:69) ~[server-1.20.1-20230612.114412-srg.jar%23147!/:?]
	at net.minecraft.Util.m_214652_(Util.java:783) ~[server-1.20.1-20230612.114412-srg.jar%23147!/:?]
	at net.minecraft.Util.m_214679_(Util.java:772) ~[server-1.20.1-20230612.114412-srg.jar%23147!/:?]
	at net.minecraft.server.Main.main(Main.java:166) ~[server-1.20.1-20230612.114412-srg.jar%23147!/:?]
	at jdk.internal.reflect.NativeMethodAccessorImpl.invoke0(Native Method) ~[?:?]
	at jdk.internal.reflect.NativeMethodAccessorImpl.invoke(NativeMethodAccessorImpl.java:77) ~[?:?]
	at jdk.internal.reflect.DelegatingMethodAccessorImpl.invoke(DelegatingMethodAccessorImpl.java:43) ~[?:?]
	at java.lang.reflect.Method.invoke(Method.java:569) ~[?:?]
	at net.minecraftforge.fml.loading.targets.CommonLaunchHandler.runTarget(CommonLaunchHandler.java:111) ~[fmlloader-1.20.1-47.3.7.jar%2369!/:?]
	at net.minecraftforge.fml.loading.targets.CommonLaunchHandler.serverService(CommonLaunchHandler.java:103) ~[fmlloader-1.20.1-47.3.7.jar%2369!/:?]
	at net.minecraftforge.fml.loading.targets.CommonServerLaunchHandler.lambda$makeService$0(CommonServerLaunchHandler.java:27) ~[fmlloader-1.20.1-47.3.7.jar%2369!/:?]
	at cpw.mods.modlauncher.LaunchServiceHandlerDecorator.launch(LaunchServiceHandlerDecorator.java:30) ~[modlauncher-10.0.9.jar%2355!/:?]
	at cpw.mods.modlauncher.LaunchServiceHandler.launch(LaunchServiceHandler.java:53) ~[modlauncher-10.0.9.jar%2355!/:?]
	at cpw.mods.modlauncher.LaunchServiceHandler.launch(LaunchServiceHandler.java:71) ~[modlauncher-10.0.9.jar%2355!/:?]
	at cpw.mods.modlauncher.Launcher.run(Launcher.java:108) ~[modlauncher-10.0.9.jar%2355!/:?]
	at cpw.mods.modlauncher.Launcher.main(Launcher.java:78) ~[modlauncher-10.0.9.jar%2355!/:?]
	at cpw.mods.modlauncher.BootstrapLaunchConsumer.accept(BootstrapLaunchConsumer.java:26) ~[modlauncher-10.0.9.jar%2355!/:?]
	at cpw.mods.modlauncher.BootstrapLaunchConsumer.accept(BootstrapLaunchConsumer.java:23) ~[modlauncher-10.0.9.jar%2355!/:?]
	at cpw.mods.bootstraplauncher.BootstrapLauncher.main(BootstrapLauncher.java:141) ~[bootstraplauncher-1.1.2.jar:?]
[23Sep2025 04:00:11.481] [main/ERROR] [net.minecraft.world.item.crafting.RecipeManager/]: Parsing error loading recipe butcher:pliercrafting
com.google.gson.JsonSyntaxException: Invalid or unsupported recipe type 'tfc:advanced_shaped_crafting'
	at net.minecraft.world.item.crafting.RecipeManager.m_220253_(RecipeManager.java:170) ~[server-1.20.1-20230612.114412-srg.jar%23147!/:?]
	at java.util.Optional.orElseThrow(Optional.java:403) ~[?:?]
	at net.minecraft.world.item.crafting.RecipeManager.fromJson(RecipeManager.java:169) ~[server-1.20.1-20230612.114412-srg.jar%23147!/:?]
	at net.minecraft.world.item.crafting.RecipeManager.m_5787_(RecipeManager.java:67) ~[server-1.20.1-20230612.114412-srg.jar%23147!/:?]
	at net.minecraft.world.item.crafting.RecipeManager.m_5787_(RecipeManager.java:34) ~[server-1.20.1-20230612.114412-srg.jar%23147!/:?]
	at net.minecraft.server.packs.resources.SimplePreparableReloadListener.m_10789_(SimplePreparableReloadListener.java:13) ~[server-1.20.1-20230612.114412-srg.jar%23147!/:?]
	at java.util.concurrent.CompletableFuture$UniAccept.tryFire(CompletableFuture.java:718) ~[?:?]
	at java.util.concurrent.CompletableFuture$Completion.run(CompletableFuture.java:482) ~[?:?]
	at net.minecraft.server.packs.resources.SimpleReloadInstance.m_143940_(SimpleReloadInstance.java:69) ~[server-1.20.1-20230612.114412-srg.jar%23147!/:?]
	at net.minecraft.Util.m_214652_(Util.java:783) ~[server-1.20.1-20230612.114412-srg.jar%23147!/:?]
	at net.minecraft.Util.m_214679_(Util.java:772) ~[server-1.20.1-20230612.114412-srg.jar%23147!/:?]
	at net.minecraft.server.Main.main(Main.java:166) ~[server-1.20.1-20230612.114412-srg.jar%23147!/:?]
	at jdk.internal.reflect.NativeMethodAccessorImpl.invoke0(Native Method) ~[?:?]
	at jdk.internal.reflect.NativeMethodAccessorImpl.invoke(NativeMethodAccessorImpl.java:77) ~[?:?]
	at jdk.internal.reflect.DelegatingMethodAccessorImpl.invoke(DelegatingMethodAccessorImpl.java:43) ~[?:?]
	at java.lang.reflect.Method.invoke(Method.java:569) ~[?:?]
	at net.minecraftforge.fml.loading.targets.CommonLaunchHandler.runTarget(CommonLaunchHandler.java:111) ~[fmlloader-1.20.1-47.3.7.jar%2369!/:?]
	at net.minecraftforge.fml.loading.targets.CommonLaunchHandler.serverService(CommonLaunchHandler.java:103) ~[fmlloader-1.20.1-47.3.7.jar%2369!/:?]
	at net.minecraftforge.fml.loading.targets.CommonServerLaunchHandler.lambda$makeService$0(CommonServerLaunchHandler.java:27) ~[fmlloader-1.20.1-47.3.7.jar%2369!/:?]
	at cpw.mods.modlauncher.LaunchServiceHandlerDecorator.launch(LaunchServiceHandlerDecorator.java:30) ~[modlauncher-10.0.9.jar%2355!/:?]
	at cpw.mods.modlauncher.LaunchServiceHandler.launch(LaunchServiceHandler.java:53) ~[modlauncher-10.0.9.jar%2355!/:?]
	at cpw.mods.modlauncher.LaunchServiceHandler.launch(LaunchServiceHandler.java:71) ~[modlauncher-10.0.9.jar%2355!/:?]
	at cpw.mods.modlauncher.Launcher.run(Launcher.java:108) ~[modlauncher-10.0.9.jar%2355!/:?]
	at cpw.mods.modlauncher.Launcher.main(Launcher.java:78) ~[modlauncher-10.0.9.jar%2355!/:?]
	at cpw.mods.modlauncher.BootstrapLaunchConsumer.accept(BootstrapLaunchConsumer.java:26) ~[modlauncher-10.0.9.jar%2355!/:?]
	at cpw.mods.modlauncher.BootstrapLaunchConsumer.accept(BootstrapLaunchConsumer.java:23) ~[modlauncher-10.0.9.jar%2355!/:?]
	at cpw.mods.bootstraplauncher.BootstrapLauncher.main(BootstrapLauncher.java:141) ~[bootstraplauncher-1.1.2.jar:?]
[23Sep2025 04:00:11.482] [main/ERROR] [net.minecraft.world.item.crafting.RecipeManager/]: Parsing error loading recipe butcher:skinningknifeanviltfc
com.google.gson.JsonSyntaxException: Invalid or unsupported recipe type 'tfc:anvil'
	at net.minecraft.world.item.crafting.RecipeManager.m_220253_(RecipeManager.java:170) ~[server-1.20.1-20230612.114412-srg.jar%23147!/:?]
	at java.util.Optional.orElseThrow(Optional.java:403) ~[?:?]
	at net.minecraft.world.item.crafting.RecipeManager.fromJson(RecipeManager.java:169) ~[server-1.20.1-20230612.114412-srg.jar%23147!/:?]
	at net.minecraft.world.item.crafting.RecipeManager.m_5787_(RecipeManager.java:67) ~[server-1.20.1-20230612.114412-srg.jar%23147!/:?]
	at net.minecraft.world.item.crafting.RecipeManager.m_5787_(RecipeManager.java:34) ~[server-1.20.1-20230612.114412-srg.jar%23147!/:?]
	at net.minecraft.server.packs.resources.SimplePreparableReloadListener.m_10789_(SimplePreparableReloadListener.java:13) ~[server-1.20.1-20230612.114412-srg.jar%23147!/:?]
	at java.util.concurrent.CompletableFuture$UniAccept.tryFire(CompletableFuture.java:718) ~[?:?]
	at java.util.concurrent.CompletableFuture$Completion.run(CompletableFuture.java:482) ~[?:?]
	at net.minecraft.server.packs.resources.SimpleReloadInstance.m_143940_(SimpleReloadInstance.java:69) ~[server-1.20.1-20230612.114412-srg.jar%23147!/:?]
	at net.minecraft.Util.m_214652_(Util.java:783) ~[server-1.20.1-20230612.114412-srg.jar%23147!/:?]
	at net.minecraft.Util.m_214679_(Util.java:772) ~[server-1.20.1-20230612.114412-srg.jar%23147!/:?]
	at net.minecraft.server.Main.main(Main.java:166) ~[server-1.20.1-20230612.114412-srg.jar%23147!/:?]
	at jdk.internal.reflect.NativeMethodAccessorImpl.invoke0(Native Method) ~[?:?]
	at jdk.internal.reflect.NativeMethodAccessorImpl.invoke(NativeMethodAccessorImpl.java:77) ~[?:?]
	at jdk.internal.reflect.DelegatingMethodAccessorImpl.invoke(DelegatingMethodAccessorImpl.java:43) ~[?:?]
	at java.lang.reflect.Method.invoke(Method.java:569) ~[?:?]
	at net.minecraftforge.fml.loading.targets.CommonLaunchHandler.runTarget(CommonLaunchHandler.java:111) ~[fmlloader-1.20.1-47.3.7.jar%2369!/:?]
	at net.minecraftforge.fml.loading.targets.CommonLaunchHandler.serverService(CommonLaunchHandler.java:103) ~[fmlloader-1.20.1-47.3.7.jar%2369!/:?]
	at net.minecraftforge.fml.loading.targets.CommonServerLaunchHandler.lambda$makeService$0(CommonServerLaunchHandler.java:27) ~[fmlloader-1.20.1-47.3.7.jar%2369!/:?]
	at cpw.mods.modlauncher.LaunchServiceHandlerDecorator.launch(LaunchServiceHandlerDecorator.java:30) ~[modlauncher-10.0.9.jar%2355!/:?]
	at cpw.mods.modlauncher.LaunchServiceHandler.launch(LaunchServiceHandler.java:53) ~[modlauncher-10.0.9.jar%2355!/:?]
	at cpw.mods.modlauncher.LaunchServiceHandler.launch(LaunchServiceHandler.java:71) ~[modlauncher-10.0.9.jar%2355!/:?]
	at cpw.mods.modlauncher.Launcher.run(Launcher.java:108) ~[modlauncher-10.0.9.jar%2355!/:?]
	at cpw.mods.modlauncher.Launcher.main(Launcher.java:78) ~[modlauncher-10.0.9.jar%2355!/:?]
	at cpw.mods.modlauncher.BootstrapLaunchConsumer.accept(BootstrapLaunchConsumer.java:26) ~[modlauncher-10.0.9.jar%2355!/:?]
	at cpw.mods.modlauncher.BootstrapLaunchConsumer.accept(BootstrapLaunchConsumer.java:23) ~[modlauncher-10.0.9.jar%2355!/:?]
	at cpw.mods.bootstraplauncher.BootstrapLauncher.main(BootstrapLauncher.java:141) ~[bootstraplauncher-1.1.2.jar:?]
[23Sep2025 04:00:11.495] [main/ERROR] [net.minecraft.world.item.crafting.RecipeManager/]: Parsing error loading recipe butcher:firepliermold
com.google.gson.JsonSyntaxException: Invalid or unsupported recipe type 'tfc:heating'
	at net.minecraft.world.item.crafting.RecipeManager.m_220253_(RecipeManager.java:170) ~[server-1.20.1-20230612.114412-srg.jar%23147!/:?]
	at java.util.Optional.orElseThrow(Optional.java:403) ~[?:?]
	at net.minecraft.world.item.crafting.RecipeManager.fromJson(RecipeManager.java:169) ~[server-1.20.1-20230612.114412-srg.jar%23147!/:?]
	at net.minecraft.world.item.crafting.RecipeManager.m_5787_(RecipeManager.java:67) ~[server-1.20.1-20230612.114412-srg.jar%23147!/:?]
	at net.minecraft.world.item.crafting.RecipeManager.m_5787_(RecipeManager.java:34) ~[server-1.20.1-20230612.114412-srg.jar%23147!/:?]
	at net.minecraft.server.packs.resources.SimplePreparableReloadListener.m_10789_(SimplePreparableReloadListener.java:13) ~[server-1.20.1-20230612.114412-srg.jar%23147!/:?]
	at java.util.concurrent.CompletableFuture$UniAccept.tryFire(CompletableFuture.java:718) ~[?:?]
	at java.util.concurrent.CompletableFuture$Completion.run(CompletableFuture.java:482) ~[?:?]
	at net.minecraft.server.packs.resources.SimpleReloadInstance.m_143940_(SimpleReloadInstance.java:69) ~[server-1.20.1-20230612.114412-srg.jar%23147!/:?]
	at net.minecraft.Util.m_214652_(Util.java:783) ~[server-1.20.1-20230612.114412-srg.jar%23147!/:?]
	at net.minecraft.Util.m_214679_(Util.java:772) ~[server-1.20.1-20230612.114412-srg.jar%23147!/:?]
	at net.minecraft.server.Main.main(Main.java:166) ~[server-1.20.1-20230612.114412-srg.jar%23147!/:?]
	at jdk.internal.reflect.NativeMethodAccessorImpl.invoke0(Native Method) ~[?:?]
	at jdk.internal.reflect.NativeMethodAccessorImpl.invoke(NativeMethodAccessorImpl.java:77) ~[?:?]
	at jdk.internal.reflect.DelegatingMethodAccessorImpl.invoke(DelegatingMethodAccessorImpl.java:43) ~[?:?]
	at java.lang.reflect.Method.invoke(Method.java:569) ~[?:?]
	at net.minecraftforge.fml.loading.targets.CommonLaunchHandler.runTarget(CommonLaunchHandler.java:111) ~[fmlloader-1.20.1-47.3.7.jar%2369!/:?]
	at net.minecraftforge.fml.loading.targets.CommonLaunchHandler.serverService(CommonLaunchHandler.java:103) ~[fmlloader-1.20.1-47.3.7.jar%2369!/:?]
	at net.minecraftforge.fml.loading.targets.CommonServerLaunchHandler.lambda$makeService$0(CommonServerLaunchHandler.java:27) ~[fmlloader-1.20.1-47.3.7.jar%2369!/:?]
	at cpw.mods.modlauncher.LaunchServiceHandlerDecorator.launch(LaunchServiceHandlerDecorator.java:30) ~[modlauncher-10.0.9.jar%2355!/:?]
	at cpw.mods.modlauncher.LaunchServiceHandler.launch(LaunchServiceHandler.java:53) ~[modlauncher-10.0.9.jar%2355!/:?]
	at cpw.mods.modlauncher.LaunchServiceHandler.launch(LaunchServiceHandler.java:71) ~[modlauncher-10.0.9.jar%2355!/:?]
	at cpw.mods.modlauncher.Launcher.run(Launcher.java:108) ~[modlauncher-10.0.9.jar%2355!/:?]
	at cpw.mods.modlauncher.Launcher.main(Launcher.java:78) ~[modlauncher-10.0.9.jar%2355!/:?]
	at cpw.mods.modlauncher.BootstrapLaunchConsumer.accept(BootstrapLaunchConsumer.java:26) ~[modlauncher-10.0.9.jar%2355!/:?]
	at cpw.mods.modlauncher.BootstrapLaunchConsumer.accept(BootstrapLaunchConsumer.java:23) ~[modlauncher-10.0.9.jar%2355!/:?]
	at cpw.mods.bootstraplauncher.BootstrapLauncher.main(BootstrapLauncher.java:141) ~[bootstraplauncher-1.1.2.jar:?]
[23Sep2025 04:00:11.497] [main/INFO] [Spartan Weaponry/]: Empty result tag:"forge:nuggets/aluminum" Skipping...
[23Sep2025 04:00:11.498] [main/INFO] [net.minecraft.world.item.crafting.RecipeManager/]: Skipping loading recipe spartanweaponry:aluminum_nugget_from_smelting_aluminum_weapons as it's serializer returned null
[23Sep2025 04:00:11.498] [main/ERROR] [net.minecraft.world.item.crafting.RecipeManager/]: Parsing error loading recipe butcher:cleavercrafting
com.google.gson.JsonSyntaxException: Invalid or unsupported recipe type 'tfc:advanced_shaped_crafting'
	at net.minecraft.world.item.crafting.RecipeManager.m_220253_(RecipeManager.java:170) ~[server-1.20.1-20230612.114412-srg.jar%23147!/:?]
	at java.util.Optional.orElseThrow(Optional.java:403) ~[?:?]
	at net.minecraft.world.item.crafting.RecipeManager.fromJson(RecipeManager.java:169) ~[server-1.20.1-20230612.114412-srg.jar%23147!/:?]
	at net.minecraft.world.item.crafting.RecipeManager.m_5787_(RecipeManager.java:67) ~[server-1.20.1-20230612.114412-srg.jar%23147!/:?]
	at net.minecraft.world.item.crafting.RecipeManager.m_5787_(RecipeManager.java:34) ~[server-1.20.1-20230612.114412-srg.jar%23147!/:?]
	at net.minecraft.server.packs.resources.SimplePreparableReloadListener.m_10789_(SimplePreparableReloadListener.java:13) ~[server-1.20.1-20230612.114412-srg.jar%23147!/:?]
	at java.util.concurrent.CompletableFuture$UniAccept.tryFire(CompletableFuture.java:718) ~[?:?]
	at java.util.concurrent.CompletableFuture$Completion.run(CompletableFuture.java:482) ~[?:?]
	at net.minecraft.server.packs.resources.SimpleReloadInstance.m_143940_(SimpleReloadInstance.java:69) ~[server-1.20.1-20230612.114412-srg.jar%23147!/:?]
	at net.minecraft.Util.m_214652_(Util.java:783) ~[server-1.20.1-20230612.114412-srg.jar%23147!/:?]
	at net.minecraft.Util.m_214679_(Util.java:772) ~[server-1.20.1-20230612.114412-srg.jar%23147!/:?]
	at net.minecraft.server.Main.main(Main.java:166) ~[server-1.20.1-20230612.114412-srg.jar%23147!/:?]
	at jdk.internal.reflect.NativeMethodAccessorImpl.invoke0(Native Method) ~[?:?]
	at jdk.internal.reflect.NativeMethodAccessorImpl.invoke(NativeMethodAccessorImpl.java:77) ~[?:?]
	at jdk.internal.reflect.DelegatingMethodAccessorImpl.invoke(DelegatingMethodAccessorImpl.java:43) ~[?:?]
	at java.lang.reflect.Method.invoke(Method.java:569) ~[?:?]
	at net.minecraftforge.fml.loading.targets.CommonLaunchHandler.runTarget(CommonLaunchHandler.java:111) ~[fmlloader-1.20.1-47.3.7.jar%2369!/:?]
	at net.minecraftforge.fml.loading.targets.CommonLaunchHandler.serverService(CommonLaunchHandler.java:103) ~[fmlloader-1.20.1-47.3.7.jar%2369!/:?]
	at net.minecraftforge.fml.loading.targets.CommonServerLaunchHandler.lambda$makeService$0(CommonServerLaunchHandler.java:27) ~[fmlloader-1.20.1-47.3.7.jar%2369!/:?]
	at cpw.mods.modlauncher.LaunchServiceHandlerDecorator.launch(LaunchServiceHandlerDecorator.java:30) ~[modlauncher-10.0.9.jar%2355!/:?]
	at cpw.mods.modlauncher.LaunchServiceHandler.launch(LaunchServiceHandler.java:53) ~[modlauncher-10.0.9.jar%2355!/:?]
	at cpw.mods.modlauncher.LaunchServiceHandler.launch(LaunchServiceHandler.java:71) ~[modlauncher-10.0.9.jar%2355!/:?]
	at cpw.mods.modlauncher.Launcher.run(Launcher.java:108) ~[modlauncher-10.0.9.jar%2355!/:?]
	at cpw.mods.modlauncher.Launcher.main(Launcher.java:78) ~[modlauncher-10.0.9.jar%2355!/:?]
	at cpw.mods.modlauncher.BootstrapLaunchConsumer.accept(BootstrapLaunchConsumer.java:26) ~[modlauncher-10.0.9.jar%2355!/:?]
	at cpw.mods.modlauncher.BootstrapLaunchConsumer.accept(BootstrapLaunchConsumer.java:23) ~[modlauncher-10.0.9.jar%2355!/:?]
	at cpw.mods.bootstraplauncher.BootstrapLauncher.main(BootstrapLauncher.java:141) ~[bootstraplauncher-1.1.2.jar:?]
[23Sep2025 04:00:11.500] [main/ERROR] [net.minecraft.world.item.crafting.RecipeManager/]: Parsing error loading recipe butcher:butcheryjar
com.google.gson.JsonSyntaxException: Invalid or unsupported recipe type 'tfc:glassworking'
	at net.minecraft.world.item.crafting.RecipeManager.m_220253_(RecipeManager.java:170) ~[server-1.20.1-20230612.114412-srg.jar%23147!/:?]
	at java.util.Optional.orElseThrow(Optional.java:403) ~[?:?]
	at net.minecraft.world.item.crafting.RecipeManager.fromJson(RecipeManager.java:169) ~[server-1.20.1-20230612.114412-srg.jar%23147!/:?]
	at net.minecraft.world.item.crafting.RecipeManager.m_5787_(RecipeManager.java:67) ~[server-1.20.1-20230612.114412-srg.jar%23147!/:?]
	at net.minecraft.world.item.crafting.RecipeManager.m_5787_(RecipeManager.java:34) ~[server-1.20.1-20230612.114412-srg.jar%23147!/:?]
	at net.minecraft.server.packs.resources.SimplePreparableReloadListener.m_10789_(SimplePreparableReloadListener.java:13) ~[server-1.20.1-20230612.114412-srg.jar%23147!/:?]
	at java.util.concurrent.CompletableFuture$UniAccept.tryFire(CompletableFuture.java:718) ~[?:?]
	at java.util.concurrent.CompletableFuture$Completion.run(CompletableFuture.java:482) ~[?:?]
	at net.minecraft.server.packs.resources.SimpleReloadInstance.m_143940_(SimpleReloadInstance.java:69) ~[server-1.20.1-20230612.114412-srg.jar%23147!/:?]
	at net.minecraft.Util.m_214652_(Util.java:783) ~[server-1.20.1-20230612.114412-srg.jar%23147!/:?]
	at net.minecraft.Util.m_214679_(Util.java:772) ~[server-1.20.1-20230612.114412-srg.jar%23147!/:?]
	at net.minecraft.server.Main.main(Main.java:166) ~[server-1.20.1-20230612.114412-srg.jar%23147!/:?]
	at jdk.internal.reflect.NativeMethodAccessorImpl.invoke0(Native Method) ~[?:?]
	at jdk.internal.reflect.NativeMethodAccessorImpl.invoke(NativeMethodAccessorImpl.java:77) ~[?:?]
	at jdk.internal.reflect.DelegatingMethodAccessorImpl.invoke(DelegatingMethodAccessorImpl.java:43) ~[?:?]
	at java.lang.reflect.Method.invoke(Method.java:569) ~[?:?]
	at net.minecraftforge.fml.loading.targets.CommonLaunchHandler.runTarget(CommonLaunchHandler.java:111) ~[fmlloader-1.20.1-47.3.7.jar%2369!/:?]
	at net.minecraftforge.fml.loading.targets.CommonLaunchHandler.serverService(CommonLaunchHandler.java:103) ~[fmlloader-1.20.1-47.3.7.jar%2369!/:?]
	at net.minecraftforge.fml.loading.targets.CommonServerLaunchHandler.lambda$makeService$0(CommonServerLaunchHandler.java:27) ~[fmlloader-1.20.1-47.3.7.jar%2369!/:?]
	at cpw.mods.modlauncher.LaunchServiceHandlerDecorator.launch(LaunchServiceHandlerDecorator.java:30) ~[modlauncher-10.0.9.jar%2355!/:?]
	at cpw.mods.modlauncher.LaunchServiceHandler.launch(LaunchServiceHandler.java:53) ~[modlauncher-10.0.9.jar%2355!/:?]
	at cpw.mods.modlauncher.LaunchServiceHandler.launch(LaunchServiceHandler.java:71) ~[modlauncher-10.0.9.jar%2355!/:?]
	at cpw.mods.modlauncher.Launcher.run(Launcher.java:108) ~[modlauncher-10.0.9.jar%2355!/:?]
	at cpw.mods.modlauncher.Launcher.main(Launcher.java:78) ~[modlauncher-10.0.9.jar%2355!/:?]
	at cpw.mods.modlauncher.BootstrapLaunchConsumer.accept(BootstrapLaunchConsumer.java:26) ~[modlauncher-10.0.9.jar%2355!/:?]
	at cpw.mods.modlauncher.BootstrapLaunchConsumer.accept(BootstrapLaunchConsumer.java:23) ~[modlauncher-10.0.9.jar%2355!/:?]
	at cpw.mods.bootstraplauncher.BootstrapLauncher.main(BootstrapLauncher.java:141) ~[bootstraplauncher-1.1.2.jar:?]
[23Sep2025 04:00:11.503] [main/ERROR] [net.minecraft.world.item.crafting.RecipeManager/]: Parsing error loading recipe butcher:butchersguidejei
com.google.gson.JsonSyntaxException: Unknown item 'patchouli:guide_book'
	at net.minecraftforge.common.crafting.CraftingHelper.getItem(CraftingHelper.java:160) ~[forge-1.20.1-47.3.7-universal.jar%23152!/:?]
	at net.minecraftforge.common.crafting.CraftingHelper.getItemStack(CraftingHelper.java:186) ~[forge-1.20.1-47.3.7-universal.jar%23152!/:?]
	at net.minecraft.world.item.crafting.ShapedRecipe.m_151274_(ShapedRecipe.java:286) ~[server-1.20.1-20230612.114412-srg.jar%23147!/:?]
	at net.mcreator.butcher.jei_recipes.ButchersguidejeitypeRecipe$Serializer.fromJson(ButchersguidejeitypeRecipe.java:92) ~[butcher-3.6.1-forge-1.20.1%20(1).jar%23125!/:?]
	at net.mcreator.butcher.jei_recipes.ButchersguidejeitypeRecipe$Serializer.m_6729_(ButchersguidejeitypeRecipe.java:86) ~[butcher-3.6.1-forge-1.20.1%20(1).jar%23125!/:?]
	at net.minecraftforge.common.extensions.IForgeRecipeSerializer.fromJson(IForgeRecipeSerializer.java:23) ~[forge-1.20.1-47.3.7-universal.jar%23152!/:?]
	at net.minecraft.world.item.crafting.RecipeManager.fromJson(RecipeManager.java:171) ~[server-1.20.1-20230612.114412-srg.jar%23147!/:?]
	at net.minecraft.world.item.crafting.RecipeManager.m_5787_(RecipeManager.java:67) ~[server-1.20.1-20230612.114412-srg.jar%23147!/:?]
	at net.minecraft.world.item.crafting.RecipeManager.m_5787_(RecipeManager.java:34) ~[server-1.20.1-20230612.114412-srg.jar%23147!/:?]
	at net.minecraft.server.packs.resources.SimplePreparableReloadListener.m_10789_(SimplePreparableReloadListener.java:13) ~[server-1.20.1-20230612.114412-srg.jar%23147!/:?]
	at java.util.concurrent.CompletableFuture$UniAccept.tryFire(CompletableFuture.java:718) ~[?:?]
	at java.util.concurrent.CompletableFuture$Completion.run(CompletableFuture.java:482) ~[?:?]
	at net.minecraft.server.packs.resources.SimpleReloadInstance.m_143940_(SimpleReloadInstance.java:69) ~[server-1.20.1-20230612.114412-srg.jar%23147!/:?]
	at net.minecraft.Util.m_214652_(Util.java:783) ~[server-1.20.1-20230612.114412-srg.jar%23147!/:?]
	at net.minecraft.Util.m_214679_(Util.java:772) ~[server-1.20.1-20230612.114412-srg.jar%23147!/:?]
	at net.minecraft.server.Main.main(Main.java:166) ~[server-1.20.1-20230612.114412-srg.jar%23147!/:?]
	at jdk.internal.reflect.NativeMethodAccessorImpl.invoke0(Native Method) ~[?:?]
	at jdk.internal.reflect.NativeMethodAccessorImpl.invoke(NativeMethodAccessorImpl.java:77) ~[?:?]
	at jdk.internal.reflect.DelegatingMethodAccessorImpl.invoke(DelegatingMethodAccessorImpl.java:43) ~[?:?]
	at java.lang.reflect.Method.invoke(Method.java:569) ~[?:?]
	at net.minecraftforge.fml.loading.targets.CommonLaunchHandler.runTarget(CommonLaunchHandler.java:111) ~[fmlloader-1.20.1-47.3.7.jar%2369!/:?]
	at net.minecraftforge.fml.loading.targets.CommonLaunchHandler.serverService(CommonLaunchHandler.java:103) ~[fmlloader-1.20.1-47.3.7.jar%2369!/:?]
	at net.minecraftforge.fml.loading.targets.CommonServerLaunchHandler.lambda$makeService$0(CommonServerLaunchHandler.java:27) ~[fmlloader-1.20.1-47.3.7.jar%2369!/:?]
	at cpw.mods.modlauncher.LaunchServiceHandlerDecorator.launch(LaunchServiceHandlerDecorator.java:30) ~[modlauncher-10.0.9.jar%2355!/:?]
	at cpw.mods.modlauncher.LaunchServiceHandler.launch(LaunchServiceHandler.java:53) ~[modlauncher-10.0.9.jar%2355!/:?]
	at cpw.mods.modlauncher.LaunchServiceHandler.launch(LaunchServiceHandler.java:71) ~[modlauncher-10.0.9.jar%2355!/:?]
	at cpw.mods.modlauncher.Launcher.run(Launcher.java:108) ~[modlauncher-10.0.9.jar%2355!/:?]
	at cpw.mods.modlauncher.Launcher.main(Launcher.java:78) ~[modlauncher-10.0.9.jar%2355!/:?]
	at cpw.mods.modlauncher.BootstrapLaunchConsumer.accept(BootstrapLaunchConsumer.java:26) ~[modlauncher-10.0.9.jar%2355!/:?]
	at cpw.mods.modlauncher.BootstrapLaunchConsumer.accept(BootstrapLaunchConsumer.java:23) ~[modlauncher-10.0.9.jar%2355!/:?]
	at cpw.mods.bootstraplauncher.BootstrapLauncher.main(BootstrapLauncher.java:141) ~[bootstraplauncher-1.1.2.jar:?]
[23Sep2025 04:00:11.507] [main/ERROR] [net.minecraft.world.item.crafting.RecipeManager/]: Parsing error loading recipe butcher:cleaverknapping
com.google.gson.JsonSyntaxException: Invalid or unsupported recipe type 'tfc:knapping'
	at net.minecraft.world.item.crafting.RecipeManager.m_220253_(RecipeManager.java:170) ~[server-1.20.1-20230612.114412-srg.jar%23147!/:?]
	at java.util.Optional.orElseThrow(Optional.java:403) ~[?:?]
	at net.minecraft.world.item.crafting.RecipeManager.fromJson(RecipeManager.java:169) ~[server-1.20.1-20230612.114412-srg.jar%23147!/:?]
	at net.minecraft.world.item.crafting.RecipeManager.m_5787_(RecipeManager.java:67) ~[server-1.20.1-20230612.114412-srg.jar%23147!/:?]
	at net.minecraft.world.item.crafting.RecipeManager.m_5787_(RecipeManager.java:34) ~[server-1.20.1-20230612.114412-srg.jar%23147!/:?]
	at net.minecraft.server.packs.resources.SimplePreparableReloadListener.m_10789_(SimplePreparableReloadListener.java:13) ~[server-1.20.1-20230612.114412-srg.jar%23147!/:?]
	at java.util.concurrent.CompletableFuture$UniAccept.tryFire(CompletableFuture.java:718) ~[?:?]
	at java.util.concurrent.CompletableFuture$Completion.run(CompletableFuture.java:482) ~[?:?]
	at net.minecraft.server.packs.resources.SimpleReloadInstance.m_143940_(SimpleReloadInstance.java:69) ~[server-1.20.1-20230612.114412-srg.jar%23147!/:?]
	at net.minecraft.Util.m_214652_(Util.java:783) ~[server-1.20.1-20230612.114412-srg.jar%23147!/:?]
	at net.minecraft.Util.m_214679_(Util.java:772) ~[server-1.20.1-20230612.114412-srg.jar%23147!/:?]
	at net.minecraft.server.Main.main(Main.java:166) ~[server-1.20.1-20230612.114412-srg.jar%23147!/:?]
	at jdk.internal.reflect.NativeMethodAccessorImpl.invoke0(Native Method) ~[?:?]
	at jdk.internal.reflect.NativeMethodAccessorImpl.invoke(NativeMethodAccessorImpl.java:77) ~[?:?]
	at jdk.internal.reflect.DelegatingMethodAccessorImpl.invoke(DelegatingMethodAccessorImpl.java:43) ~[?:?]
	at java.lang.reflect.Method.invoke(Method.java:569) ~[?:?]
	at net.minecraftforge.fml.loading.targets.CommonLaunchHandler.runTarget(CommonLaunchHandler.java:111) ~[fmlloader-1.20.1-47.3.7.jar%2369!/:?]
	at net.minecraftforge.fml.loading.targets.CommonLaunchHandler.serverService(CommonLaunchHandler.java:103) ~[fmlloader-1.20.1-47.3.7.jar%2369!/:?]
	at net.minecraftforge.fml.loading.targets.CommonServerLaunchHandler.lambda$makeService$0(CommonServerLaunchHandler.java:27) ~[fmlloader-1.20.1-47.3.7.jar%2369!/:?]
	at cpw.mods.modlauncher.LaunchServiceHandlerDecorator.launch(LaunchServiceHandlerDecorator.java:30) ~[modlauncher-10.0.9.jar%2355!/:?]
	at cpw.mods.modlauncher.LaunchServiceHandler.launch(LaunchServiceHandler.java:53) ~[modlauncher-10.0.9.jar%2355!/:?]
	at cpw.mods.modlauncher.LaunchServiceHandler.launch(LaunchServiceHandler.java:71) ~[modlauncher-10.0.9.jar%2355!/:?]
	at cpw.mods.modlauncher.Launcher.run(Launcher.java:108) ~[modlauncher-10.0.9.jar%2355!/:?]
	at cpw.mods.modlauncher.Launcher.main(Launcher.java:78) ~[modlauncher-10.0.9.jar%2355!/:?]
	at cpw.mods.modlauncher.BootstrapLaunchConsumer.accept(BootstrapLaunchConsumer.java:26) ~[modlauncher-10.0.9.jar%2355!/:?]
	at cpw.mods.modlauncher.BootstrapLaunchConsumer.accept(BootstrapLaunchConsumer.java:23) ~[modlauncher-10.0.9.jar%2355!/:?]
	at cpw.mods.bootstraplauncher.BootstrapLauncher.main(BootstrapLauncher.java:141) ~[bootstraplauncher-1.1.2.jar:?]
[23Sep2025 04:00:11.512] [main/INFO] [net.minecraft.world.item.crafting.RecipeManager/]: Loaded 13 recipes
[23Sep2025 04:00:11.545] [main/ERROR] [net.minecraft.server.ServerAdvancementManager/]: Parsing error loading custom advancement spartanshields:recipes/dark_steel_riot_basic_shield: Unknown item id 'enderio:octadic_capacitor'
[23Sep2025 04:00:11.617] [main/ERROR] [net.minecraft.server.ServerAdvancementManager/]: Parsing error loading custom advancement spartanshields:recipes/basic_mekanists_tower_shield: Unknown item id 'mekanism:energy_tablet'
[23Sep2025 04:00:11.636] [main/ERROR] [net.minecraft.server.ServerAdvancementManager/]: Parsing error loading custom advancement spartanshields:recipes/dark_steel_riot_tower_shield: Unknown item id 'enderio:octadic_capacitor'
[23Sep2025 04:00:11.641] [main/ERROR] [net.minecraft.server.ServerAdvancementManager/]: Parsing error loading custom advancement spartanshields:recipes/basic_mekanists_basic_shield: Unknown item id 'mekanism:energy_tablet'
[23Sep2025 04:00:11.686] [main/INFO] [net.minecraft.advancements.AdvancementList/]: Loaded 3734 advancements
[23Sep2025 04:00:11.698] [main/INFO] [top.theillusivec4.curios.Curios/]: Loaded 14 curio slots
[23Sep2025 04:00:11.703] [main/INFO] [top.theillusivec4.curios.Curios/]: Loaded 1 curio entities
[23Sep2025 04:00:11.704] [main/DEBUG] [sophisticatedbackpacks/]: Started loading registry data from sophisticatedbackpacks:compat/woot/block_tools 
[23Sep2025 04:00:11.704] [main/DEBUG] [sophisticatedbackpacks/]: Started loading registry data from sophisticatedbackpacks:compat/fluxnetworks/block_tools 
[23Sep2025 04:00:11.704] [main/DEBUG] [sophisticatedbackpacks/]: Started loading registry data from sophisticatedbackpacks:compat/mob_grinding_utils/entity_tools 
[23Sep2025 04:00:11.705] [main/DEBUG] [sophisticatedbackpacks/]: Started loading registry data from sophisticatedbackpacks:compat/astralsorcery/block_tools 
[23Sep2025 04:00:11.705] [main/DEBUG] [sophisticatedbackpacks/]: Started loading registry data from sophisticatedbackpacks:compat/immersivepetroleum/block_tools 
[23Sep2025 04:00:11.705] [main/DEBUG] [sophisticatedbackpacks/]: Started loading registry data from sophisticatedbackpacks:compat/immersiveengineering/block_tools 
[23Sep2025 04:00:11.705] [main/DEBUG] [sophisticatedbackpacks/]: Started loading registry data from sophisticatedbackpacks:compat/pedestals/block_tools 
[23Sep2025 04:00:11.705] [main/DEBUG] [sophisticatedbackpacks/]: Started loading registry data from sophisticatedbackpacks:compat/platforms/block_tools 
[23Sep2025 04:00:11.705] [main/DEBUG] [sophisticatedbackpacks/]: Started loading registry data from sophisticatedbackpacks:compat/rftoolsutility/entity_tools 
[23Sep2025 04:00:11.705] [main/DEBUG] [sophisticatedbackpacks/]: Started loading registry data from sophisticatedbackpacks:compat/compactmachines/block_tools 
[23Sep2025 04:00:11.705] [main/DEBUG] [sophisticatedbackpacks/]: Started loading registry data from sophisticatedbackpacks:compat/mcwwindows/block_tools 
[23Sep2025 04:00:11.705] [main/DEBUG] [sophisticatedbackpacks/]: Started loading registry data from sophisticatedbackpacks:compat/integrateddynamics/block_tools 
[23Sep2025 04:00:11.705] [main/DEBUG] [sophisticatedbackpacks/]: Started loading registry data from sophisticatedbackpacks:entity_tools 
[23Sep2025 04:00:11.707] [main/DEBUG] [sophisticatedbackpacks/]: Finished loading registry data for sophisticatedbackpacks:entity_tools
[23Sep2025 04:00:11.707] [main/DEBUG] [sophisticatedbackpacks/]: Started loading registry data from sophisticatedbackpacks:compat/mekanism/block_tools 
[23Sep2025 04:00:11.707] [main/DEBUG] [sophisticatedbackpacks/]: Started loading registry data from sophisticatedbackpacks:compat/powah/block_tools 
[23Sep2025 04:00:11.707] [main/DEBUG] [sophisticatedbackpacks/]: Started loading registry data from sophisticatedbackpacks:compat/apotheosis/entity_tools 
[23Sep2025 04:00:11.707] [main/DEBUG] [sophisticatedbackpacks/]: Started loading registry data from sophisticatedbackpacks:compat/bloodmagic/block_tools 
[23Sep2025 04:00:11.707] [main/DEBUG] [sophisticatedbackpacks/]: Started loading registry data from sophisticatedbackpacks:compat/immersiveposts/block_tools 
[23Sep2025 04:00:11.707] [main/DEBUG] [sophisticatedbackpacks/]: Started loading registry data from sophisticatedbackpacks:compat/rats/entity_tools 
[23Sep2025 04:00:11.707] [main/DEBUG] [sophisticatedbackpacks/]: Started loading registry data from sophisticatedbackpacks:compat/framedcompactdrawers/block_tools 
[23Sep2025 04:00:11.707] [main/DEBUG] [sophisticatedbackpacks/]: Started loading registry data from sophisticatedbackpacks:compat/iceandfire/entity_tools 
[23Sep2025 04:00:11.707] [main/DEBUG] [sophisticatedbackpacks/]: Finished loading registry data for sophisticatedbackpacks:compat/iceandfire/entity_tools
[23Sep2025 04:00:11.707] [main/DEBUG] [sophisticatedbackpacks/]: Started loading registry data from sophisticatedbackpacks:compat/storagedrawers/block_tools 
[23Sep2025 04:00:11.707] [main/DEBUG] [sophisticatedbackpacks/]: Started loading registry data from sophisticatedbackpacks:compat/mcwroofs/block_tools 
[23Sep2025 04:00:11.707] [main/DEBUG] [sophisticatedbackpacks/]: Started loading registry data from sophisticatedbackpacks:compat/morphtool/block_tools 
[23Sep2025 04:00:11.707] [main/DEBUG] [sophisticatedbackpacks/]: Started loading registry data from sophisticatedbackpacks:compat/botania/block_tools 
[23Sep2025 04:00:11.707] [main/DEBUG] [sophisticatedbackpacks/]: Started loading registry data from sophisticatedbackpacks:compat/pneumaticraft/block_tools 
[23Sep2025 04:00:11.707] [main/DEBUG] [sophisticatedbackpacks/]: Started loading registry data from sophisticatedbackpacks:compat/shrink/entity_tools 
[23Sep2025 04:00:11.707] [main/DEBUG] [sophisticatedbackpacks/]: Started loading registry data from sophisticatedbackpacks:compat/blockcarpentry/block_tools 
[23Sep2025 04:00:11.707] [main/DEBUG] [sophisticatedbackpacks/]: Started loading registry data from sophisticatedbackpacks:compat/pipez/block_tools 
[23Sep2025 04:00:11.707] [main/DEBUG] [sophisticatedbackpacks/]: Started loading registry data from sophisticatedbackpacks:compat/transport/block_tools 
[23Sep2025 04:00:11.707] [main/DEBUG] [sophisticatedbackpacks/]: Started loading registry data from sophisticatedbackpacks:compat/thermal/block_tools 
[23Sep2025 04:00:11.707] [main/DEBUG] [sophisticatedbackpacks/]: Started loading registry data from sophisticatedbackpacks:block_tools 
[23Sep2025 04:00:11.708] [main/DEBUG] [sophisticatedbackpacks/]: Finished loading registry data for sophisticatedbackpacks:block_tools
[23Sep2025 04:00:11.708] [main/DEBUG] [sophisticatedbackpacks/]: Started loading registry data from sophisticatedbackpacks:compat/create/block_tools 
[23Sep2025 04:00:11.708] [main/DEBUG] [sophisticatedbackpacks/]: Started loading registry data from sophisticatedbackpacks:compat/farmersdelight/entity_tools 
[23Sep2025 04:00:11.708] [main/DEBUG] [sophisticatedbackpacks/]: Finished loading registry data for sophisticatedbackpacks:compat/farmersdelight/entity_tools
[23Sep2025 04:00:11.708] [main/DEBUG] [sophisticatedbackpacks/]: Started loading registry data from sophisticatedbackpacks:compat/refinedstorage/block_tools 
[23Sep2025 04:00:11.708] [main/DEBUG] [sophisticatedbackpacks/]: Started loading registry data from sophisticatedbackpacks:compat/chiselsandbits/block_tools 
[23Sep2025 04:00:11.708] [main/DEBUG] [sophisticatedbackpacks/]: Started loading registry data from sophisticatedbackpacks:compat/farmersdelight/block_tools 
[23Sep2025 04:00:11.709] [main/DEBUG] [sophisticatedbackpacks/]: Finished loading registry data for sophisticatedbackpacks:compat/farmersdelight/block_tools
[23Sep2025 04:00:11.709] [main/DEBUG] [sophisticatedbackpacks/]: Started loading registry data from sophisticatedbackpacks:compat/resourcefulbees/entity_tools 
[23Sep2025 04:00:11.709] [main/DEBUG] [sophisticatedbackpacks/]: Started loading registry data from sophisticatedbackpacks:compat/tetra/swords 
[23Sep2025 04:00:11.709] [main/DEBUG] [sophisticatedbackpacks/]: Started loading registry data from sophisticatedbackpacks:swords 
[23Sep2025 04:00:11.709] [main/DEBUG] [sophisticatedbackpacks/]: Finished loading registry data for sophisticatedbackpacks:swords
[23Sep2025 04:00:11.709] [main/DEBUG] [sophisticatedbackpacks/]: Started loading registry data from sophisticatedbackpacks:compat/mythicbotany/block_tools 
[23Sep2025 04:00:11.709] [main/DEBUG] [sophisticatedbackpacks/]: Started loading registry data from sophisticatedbackpacks:compat/resourcefulbees/block_tools 
[23Sep2025 04:00:11.709] [main/DEBUG] [sophisticatedbackpacks/]: Started loading registry data from sophisticatedbackpacks:compat/syp/entity_tools 
[23Sep2025 04:00:11.709] [main/DEBUG] [sophisticatedbackpacks/]: Started loading registry data from sophisticatedbackpacks:compat/eidolon/block_tools 
[23Sep2025 04:00:11.709] [main/DEBUG] [sophisticatedbackpacks/]: Started loading registry data from sophisticatedbackpacks:compat/rftoolsbase/block_tools 
[23Sep2025 04:00:13.705] [main/DEBUG] [Spartan Weaponry/]: Initaliasing reloadables for 479 values
[23Sep2025 04:00:13.710] [main/INFO] [Spartan Weaponry/]: Finished initialising Weapon Traits & Attributes! Took 5.069127ms
[23Sep2025 04:00:13.727] [main/DEBUG] [net.minecraftforge.common.ForgeHooks/WP]: Gathering id map for writing to world save world
[23Sep2025 04:00:13.788] [main/DEBUG] [net.minecraftforge.common.ForgeHooks/WP]: ID Map collection complete world
[23Sep2025 04:00:13.847] [Server thread/INFO] [net.minecraft.server.dedicated.DedicatedServer/]: Starting minecraft server version 1.20.1
[23Sep2025 04:00:13.847] [Server thread/INFO] [net.minecraft.server.dedicated.DedicatedServer/]: Loading properties
[23Sep2025 04:00:13.847] [Server thread/INFO] [net.minecraft.server.dedicated.DedicatedServer/]: Default game type: SURVIVAL
[23Sep2025 04:00:13.847] [Server thread/INFO] [net.minecraft.server.MinecraftServer/]: Generating keypair
[23Sep2025 04:00:13.911] [Server thread/INFO] [net.minecraft.server.dedicated.DedicatedServer/]: Starting Minecraft server on *:25565
[23Sep2025 04:00:13.923] [Server thread/DEBUG] [net.minecraftforge.network.DualStackUtils/]: Detected IPv6 address: "0:0:0:0:0:0:0:0"
[23Sep2025 04:00:13.930] [Server thread/DEBUG] [io.netty.util.internal.NativeLibraryLoader/]: -Dio.netty.native.workdir: /tmp (io.netty.tmpdir)
[23Sep2025 04:00:13.930] [Server thread/DEBUG] [io.netty.util.internal.NativeLibraryLoader/]: -Dio.netty.native.deleteLibAfterLoading: true
[23Sep2025 04:00:13.930] [Server thread/DEBUG] [io.netty.util.internal.NativeLibraryLoader/]: -Dio.netty.native.tryPatchShadedId: true
[23Sep2025 04:00:13.930] [Server thread/DEBUG] [io.netty.util.internal.NativeLibraryLoader/]: -Dio.netty.native.detectNativeLibraryDuplicates: true
[23Sep2025 04:00:13.938] [Server thread/DEBUG] [io.netty.util.internal.NativeLibraryLoader/]: Successfully loaded the library /tmp/libnetty_transport_native_epoll_x86_6416349632906672025864.so
[23Sep2025 04:00:13.941] [Server thread/DEBUG] [io.netty.util.NetUtil/]: -Djava.net.preferIPv4Stack: false
[23Sep2025 04:00:13.941] [Server thread/DEBUG] [io.netty.util.NetUtil/]: -Djava.net.preferIPv6Addresses: true
[23Sep2025 04:00:13.942] [Server thread/DEBUG] [io.netty.util.NetUtilInitializations/]: Loopback interface: lo (lo, 0:0:0:0:0:0:0:1%lo)
[23Sep2025 04:00:13.943] [Server thread/DEBUG] [io.netty.util.NetUtil/]: /proc/sys/net/core/somaxconn: 4096
[23Sep2025 04:00:13.946] [Server thread/INFO] [net.minecraft.server.network.ServerConnectionListener/]: Using epoll channel type
[23Sep2025 04:00:13.959] [Server thread/DEBUG] [io.netty.channel.MultithreadEventLoopGroup/]: -Dio.netty.eventLoopThreads: 8
[23Sep2025 04:00:13.969] [Server thread/DEBUG] [io.netty.util.internal.InternalThreadLocalMap/]: -Dio.netty.threadLocalMap.stringBuilder.initialSize: 1024
[23Sep2025 04:00:13.970] [Server thread/DEBUG] [io.netty.util.internal.InternalThreadLocalMap/]: -Dio.netty.threadLocalMap.stringBuilder.maxSize: 4096
[23Sep2025 04:00:13.979] [Server thread/DEBUG] [io.netty.util.internal.PlatformDependent/]: org.jctools-core.MpscChunkedArrayQueue: available
[23Sep2025 04:00:13.988] [Server thread/DEBUG] [io.netty.channel.DefaultChannelId/]: -Dio.netty.processId: 3647 (auto-detected)
[23Sep2025 04:00:13.989] [Server thread/DEBUG] [io.netty.channel.DefaultChannelId/]: -Dio.netty.machineId: 7c:1e:52:ff:fe:cd:f9:0b (auto-detected)
[23Sep2025 04:00:14.013] [Server thread/DEBUG] [io.netty.buffer.PooledByteBufAllocator/]: -Dio.netty.allocator.numHeapArenas: 8
[23Sep2025 04:00:14.013] [Server thread/DEBUG] [io.netty.buffer.PooledByteBufAllocator/]: -Dio.netty.allocator.numDirectArenas: 8
[23Sep2025 04:00:14.013] [Server thread/DEBUG] [io.netty.buffer.PooledByteBufAllocator/]: -Dio.netty.allocator.pageSize: 8192
[23Sep2025 04:00:14.013] [Server thread/DEBUG] [io.netty.buffer.PooledByteBufAllocator/]: -Dio.netty.allocator.maxOrder: 9
[23Sep2025 04:00:14.014] [Server thread/DEBUG] [io.netty.buffer.PooledByteBufAllocator/]: -Dio.netty.allocator.chunkSize: 4194304
[23Sep2025 04:00:14.014] [Server thread/DEBUG] [io.netty.buffer.PooledByteBufAllocator/]: -Dio.netty.allocator.smallCacheSize: 256
[23Sep2025 04:00:14.014] [Server thread/DEBUG] [io.netty.buffer.PooledByteBufAllocator/]: -Dio.netty.allocator.normalCacheSize: 64
[23Sep2025 04:00:14.014] [Server thread/DEBUG] [io.netty.buffer.PooledByteBufAllocator/]: -Dio.netty.allocator.maxCachedBufferCapacity: 32768
[23Sep2025 04:00:14.014] [Server thread/DEBUG] [io.netty.buffer.PooledByteBufAllocator/]: -Dio.netty.allocator.cacheTrimInterval: 8192
[23Sep2025 04:00:14.014] [Server thread/DEBUG] [io.netty.buffer.PooledByteBufAllocator/]: -Dio.netty.allocator.cacheTrimIntervalMillis: 0
[23Sep2025 04:00:14.014] [Server thread/DEBUG] [io.netty.buffer.PooledByteBufAllocator/]: -Dio.netty.allocator.useCacheForAllThreads: false
[23Sep2025 04:00:14.014] [Server thread/DEBUG] [io.netty.buffer.PooledByteBufAllocator/]: -Dio.netty.allocator.maxCachedByteBuffersPerChunk: 1023
[23Sep2025 04:00:14.021] [Server thread/DEBUG] [io.netty.buffer.ByteBufUtil/]: -Dio.netty.allocator.type: pooled
[23Sep2025 04:00:14.021] [Server thread/DEBUG] [io.netty.buffer.ByteBufUtil/]: -Dio.netty.threadLocalDirectBufferSize: 0
[23Sep2025 04:00:14.022] [Server thread/DEBUG] [io.netty.buffer.ByteBufUtil/]: -Dio.netty.maxThreadLocalCharBufferSize: 16384
[23Sep2025 04:00:14.029] [Server thread/WARN] [net.minecraft.server.dedicated.DedicatedServer/]: **** SERVER IS RUNNING IN OFFLINE/INSECURE MODE!
[23Sep2025 04:00:14.029] [Server thread/WARN] [net.minecraft.server.dedicated.DedicatedServer/]: The server will make no attempt to authenticate usernames. Beware.
[23Sep2025 04:00:14.029] [Server thread/WARN] [net.minecraft.server.dedicated.DedicatedServer/]: While this makes the game possible to play without internet access, it also opens up the ability for hackers to connect with any username they choose.
[23Sep2025 04:00:14.030] [Server thread/WARN] [net.minecraft.server.dedicated.DedicatedServer/]: To change this, set "online-mode" to "true" in the server.properties file.
[23Sep2025 04:00:14.043] [Server thread/DEBUG] [net.minecraftforge.fml.config.ConfigTracker/CONFIG]: Loading configs type SERVER
[23Sep2025 04:00:14.043] [Server thread/DEBUG] [net.minecraftforge.fml.config.ConfigFileTypeHandler/CONFIG]: Built TOML config for ./world/serverconfig/jei-server.toml
[23Sep2025 04:00:14.043] [Server thread/DEBUG] [net.minecraftforge.fml.config.ConfigFileTypeHandler/CONFIG]: Loaded TOML config file ./world/serverconfig/jei-server.toml
[23Sep2025 04:00:14.044] [Server thread/DEBUG] [net.minecraftforge.fml.config.ConfigFileTypeHandler/CONFIG]: Watching TOML config file ./world/serverconfig/jei-server.toml for changes
[23Sep2025 04:00:14.044] [Thread-2/DEBUG] [net.minecraftforge.fml.config.ConfigFileTypeHandler/CONFIG]: Config file jei-server.toml changed, sending notifies
[23Sep2025 04:00:14.044] [Server thread/DEBUG] [net.minecraftforge.fml.config.ConfigFileTypeHandler/CONFIG]: Built TOML config for ./world/serverconfig/curios-server.toml
[23Sep2025 04:00:14.044] [Server thread/DEBUG] [net.minecraftforge.fml.config.ConfigFileTypeHandler/CONFIG]: Loaded TOML config file ./world/serverconfig/curios-server.toml
[23Sep2025 04:00:14.045] [Server thread/DEBUG] [net.minecraftforge.fml.config.ConfigFileTypeHandler/CONFIG]: Watching TOML config file ./world/serverconfig/curios-server.toml for changes
[23Sep2025 04:00:14.045] [Thread-2/DEBUG] [net.minecraftforge.fml.config.ConfigFileTypeHandler/CONFIG]: Config file jei-server.toml changed, sending notifies
[23Sep2025 04:00:14.045] [Server thread/DEBUG] [net.minecraftforge.fml.config.ConfigFileTypeHandler/CONFIG]: Built TOML config for ./world/serverconfig/securitycraft-server.toml
[23Sep2025 04:00:14.045] [Thread-2/DEBUG] [net.minecraftforge.fml.config.ConfigFileTypeHandler/CONFIG]: Config file curios-server.toml changed, sending notifies
[23Sep2025 04:00:14.046] [Thread-2/DEBUG] [net.minecraftforge.fml.config.ConfigFileTypeHandler/CONFIG]: Config file curios-server.toml changed, sending notifies
[23Sep2025 04:00:14.046] [Server thread/DEBUG] [net.minecraftforge.fml.config.ConfigFileTypeHandler/CONFIG]: Loaded TOML config file ./world/serverconfig/securitycraft-server.toml
[23Sep2025 04:00:14.046] [Server thread/DEBUG] [net.minecraftforge.fml.config.ConfigFileTypeHandler/CONFIG]: Watching TOML config file ./world/serverconfig/securitycraft-server.toml for changes
[23Sep2025 04:00:14.049] [Thread-2/DEBUG] [net.minecraftforge.fml.config.ConfigFileTypeHandler/CONFIG]: Config file securitycraft-server.toml changed, sending notifies
[23Sep2025 04:00:14.049] [Server thread/DEBUG] [net.minecraftforge.fml.config.ConfigFileTypeHandler/CONFIG]: Built TOML config for /workspaces/so/servidor_minecraft/config/tombstone-server.toml
[23Sep2025 04:00:14.051] [Server thread/DEBUG] [net.minecraftforge.fml.config.ConfigFileTypeHandler/CONFIG]: Loaded TOML config file /workspaces/so/servidor_minecraft/config/tombstone-server.toml
[23Sep2025 04:00:14.051] [Server thread/DEBUG] [net.minecraftforge.fml.config.ConfigFileTypeHandler/CONFIG]: Watching TOML config file /workspaces/so/servidor_minecraft/config/tombstone-server.toml for changes
[23Sep2025 04:00:14.052] [Thread-2/DEBUG] [net.minecraftforge.fml.config.ConfigFileTypeHandler/CONFIG]: Config file securitycraft-server.toml changed, sending notifies
[23Sep2025 04:00:14.052] [Server thread/DEBUG] [net.minecraftforge.fml.config.ConfigFileTypeHandler/CONFIG]: Built TOML config for ./world/serverconfig/sophisticatedbackpacks-server.toml
[23Sep2025 04:00:14.054] [Server thread/DEBUG] [net.minecraftforge.fml.config.ConfigFileTypeHandler/CONFIG]: Loaded TOML config file ./world/serverconfig/sophisticatedbackpacks-server.toml
[23Sep2025 04:00:14.054] [Server thread/DEBUG] [net.minecraftforge.fml.config.ConfigFileTypeHandler/CONFIG]: Watching TOML config file ./world/serverconfig/sophisticatedbackpacks-server.toml for changes
[23Sep2025 04:00:14.057] [Server thread/DEBUG] [net.minecraftforge.fml.config.ConfigFileTypeHandler/CONFIG]: Built TOML config for ./world/serverconfig/superbwarfare-server.toml
[23Sep2025 04:00:14.058] [Thread-2/DEBUG] [net.minecraftforge.fml.config.ConfigFileTypeHandler/CONFIG]: Config file sophisticatedbackpacks-server.toml changed, sending notifies
[23Sep2025 04:00:14.058] [Server thread/DEBUG] [net.minecraftforge.fml.config.ConfigFileTypeHandler/CONFIG]: Loaded TOML config file ./world/serverconfig/superbwarfare-server.toml
[23Sep2025 04:00:14.059] [Server thread/DEBUG] [net.minecraftforge.fml.config.ConfigFileTypeHandler/CONFIG]: Watching TOML config file ./world/serverconfig/superbwarfare-server.toml for changes
[23Sep2025 04:00:14.060] [Thread-2/DEBUG] [net.minecraftforge.fml.config.ConfigFileTypeHandler/CONFIG]: Config file superbwarfare-server.toml changed, sending notifies
[23Sep2025 04:00:14.062] [Thread-2/DEBUG] [net.minecraftforge.fml.config.ConfigFileTypeHandler/CONFIG]: Config file superbwarfare-server.toml changed, sending notifies
[23Sep2025 04:00:14.063] [Server thread/DEBUG] [fuzs.puzzleslib.impl.config.core.ForgeConfigFileTypeHandler/CONFIG]: Built TOML config for /workspaces/so/servidor_minecraft/config/pickupnotifier/pickupnotifier-server.toml
[23Sep2025 04:00:14.063] [Server thread/DEBUG] [fuzs.puzzleslib.impl.config.core.ForgeConfigFileTypeHandler/CONFIG]: Loaded TOML config file /workspaces/so/servidor_minecraft/config/pickupnotifier/pickupnotifier-server.toml
[23Sep2025 04:00:14.064] [Server thread/DEBUG] [fuzs.puzzleslib.impl.config.core.ForgeConfigFileTypeHandler/CONFIG]: Watching TOML config file /workspaces/so/servidor_minecraft/config/pickupnotifier/pickupnotifier-server.toml for changes
[23Sep2025 04:00:14.065] [Server thread/INFO] [Puzzles Lib/]: Loading server config for pickupnotifier
[23Sep2025 04:00:14.065] [Server thread/DEBUG] [net.minecraftforge.fml.config.ConfigFileTypeHandler/CONFIG]: Built TOML config for ./world/serverconfig/forge-server.toml
[23Sep2025 04:00:14.066] [Server thread/DEBUG] [net.minecraftforge.fml.config.ConfigFileTypeHandler/CONFIG]: Loaded TOML config file ./world/serverconfig/forge-server.toml
[23Sep2025 04:00:14.066] [Server thread/DEBUG] [net.minecraftforge.fml.config.ConfigFileTypeHandler/CONFIG]: Watching TOML config file ./world/serverconfig/forge-server.toml for changes
[23Sep2025 04:00:14.066] [Thread-2/DEBUG] [fuzs.puzzleslib.impl.config.core.ForgeConfigFileTypeHandler/CONFIG]: Config file pickupnotifier/pickupnotifier-server.toml changed, sending notifies
[23Sep2025 04:00:14.066] [Server thread/DEBUG] [net.minecraftforge.common.ForgeConfig/FORGEMOD]: Loaded forge config file forge-server.toml
[23Sep2025 04:00:14.066] [Thread-2/INFO] [Puzzles Lib/]: Reloading server config for pickupnotifier
[23Sep2025 04:00:14.068] [Server thread/DEBUG] [mixin/]: Mixing accessor.BiomeSpecialEffectsBuilderForgeAccessor from puzzleslib.forge.mixins.json into net.minecraft.world.level.biome.BiomeSpecialEffects$Builder
[23Sep2025 04:00:14.079] [Server thread/DEBUG] [com.github.alexthe666.iceandfire.IceAndFire/]: Added the following features to the biome [minecraft:badlands]: 
	- iceandfire:silver_ore
	- iceandfire:lightning_dragon_roost
	- iceandfire:lightning_dragon_cave
[23Sep2025 04:00:14.082] [Server thread/DEBUG] [com.github.alexthe666.iceandfire.IceAndFire/]: Added the following features to the biome [minecraft:bamboo_jungle]: 
	- iceandfire:fire_lily
	- iceandfire:silver_ore
	- iceandfire:lightning_dragon_roost
	- iceandfire:lightning_dragon_cave
	- iceandfire:myrmex_hive_jungle
[23Sep2025 04:00:14.085] [Server thread/DEBUG] [com.github.alexthe666.iceandfire.IceAndFire/]: Added the following features to the biome [minecraft:beach]: 
	- iceandfire:silver_ore
	- iceandfire:cyclops_cave
[23Sep2025 04:00:14.087] [Server thread/DEBUG] [com.github.alexthe666.iceandfire.IceAndFire/]: Added the following features to the biome [minecraft:birch_forest]: 
	- iceandfire:silver_ore
[23Sep2025 04:00:14.088] [Server thread/DEBUG] [com.github.alexthe666.iceandfire.IceAndFire/]: Added the following features to the biome [minecraft:cherry_grove]: 
	- iceandfire:silver_ore
[23Sep2025 04:00:14.090] [Server thread/DEBUG] [com.github.alexthe666.iceandfire.IceAndFire/]: Added the following features to the biome [minecraft:cold_ocean]: 
	- iceandfire:silver_ore
	- iceandfire:ice_dragon_roost
	- iceandfire:ice_dragon_cave
	- iceandfire:siren_island
	- iceandfire:spawn_hippocampus
	- iceandfire:spawn_sea_serpent
[23Sep2025 04:00:14.092] [Server thread/DEBUG] [com.github.alexthe666.iceandfire.IceAndFire/]: Added the following features to the biome [minecraft:dark_forest]: 
	- iceandfire:silver_ore
	- iceandfire:pixie_village
[23Sep2025 04:00:14.094] [Server thread/DEBUG] [com.github.alexthe666.iceandfire.IceAndFire/]: Added the following features to the biome [minecraft:deep_cold_ocean]: 
	- iceandfire:silver_ore
	- iceandfire:ice_dragon_roost
	- iceandfire:ice_dragon_cave
	- iceandfire:siren_island
	- iceandfire:spawn_hippocampus
	- iceandfire:spawn_sea_serpent
[23Sep2025 04:00:14.096] [Server thread/DEBUG] [com.github.alexthe666.iceandfire.IceAndFire/]: Added the following features to the biome [minecraft:deep_dark]: 
	- iceandfire:silver_ore
[23Sep2025 04:00:14.097] [Server thread/DEBUG] [com.github.alexthe666.iceandfire.IceAndFire/]: Added the following features to the biome [minecraft:deep_frozen_ocean]: 
	- iceandfire:silver_ore
	- iceandfire:ice_dragon_roost
	- iceandfire:ice_dragon_cave
	- iceandfire:siren_island
	- iceandfire:spawn_hippocampus
	- iceandfire:spawn_sea_serpent
[23Sep2025 04:00:14.099] [Server thread/DEBUG] [com.github.alexthe666.iceandfire.IceAndFire/]: Added the following features to the biome [minecraft:deep_lukewarm_ocean]: 
	- iceandfire:silver_ore
	- iceandfire:siren_island
	- iceandfire:spawn_hippocampus
	- iceandfire:spawn_sea_serpent
[23Sep2025 04:00:14.100] [Server thread/DEBUG] [com.github.alexthe666.iceandfire.IceAndFire/]: Added the following features to the biome [minecraft:deep_ocean]: 
	- iceandfire:silver_ore
	- iceandfire:siren_island
	- iceandfire:spawn_hippocampus
	- iceandfire:spawn_sea_serpent
[23Sep2025 04:00:14.102] [Server thread/DEBUG] [com.github.alexthe666.iceandfire.IceAndFire/]: Added the following features to the biome [minecraft:desert]: 
	- iceandfire:fire_lily
	- iceandfire:silver_ore
	- iceandfire:fire_dragon_roost
	- iceandfire:fire_dragon_cave
	- iceandfire:myrmex_hive_desert
	- iceandfire:spawn_death_worm
	- iceandfire:spawn_dragon_skeleton_fire
[23Sep2025 04:00:14.103] [Server thread/DEBUG] [com.github.alexthe666.iceandfire.IceAndFire/]: Added the following features to the biome [minecraft:dripstone_caves]: 
	- iceandfire:silver_ore
[23Sep2025 04:00:14.107] [Server thread/DEBUG] [com.github.alexthe666.iceandfire.IceAndFire/]: Added the following features to the biome [minecraft:eroded_badlands]: 
	- iceandfire:fire_lily
	- iceandfire:silver_ore
	- iceandfire:lightning_dragon_roost
	- iceandfire:lightning_dragon_cave
[23Sep2025 04:00:14.108] [Server thread/DEBUG] [com.github.alexthe666.iceandfire.IceAndFire/]: Added the following features to the biome [minecraft:flower_forest]: 
	- iceandfire:silver_ore
[23Sep2025 04:00:14.109] [Server thread/DEBUG] [com.github.alexthe666.iceandfire.IceAndFire/]: Added the following features to the biome [minecraft:forest]: 
	- iceandfire:silver_ore
[23Sep2025 04:00:14.111] [Server thread/DEBUG] [com.github.alexthe666.iceandfire.IceAndFire/]: Added the following features to the biome [minecraft:frozen_ocean]: 
	- iceandfire:frost_lily
	- iceandfire:silver_ore
	- iceandfire:sapphire_ore
	- iceandfire:ice_dragon_roost
	- iceandfire:ice_dragon_cave
	- iceandfire:siren_island
	- iceandfire:spawn_dragon_skeleton_ice
	- iceandfire:spawn_hippocampus
	- iceandfire:spawn_sea_serpent
[23Sep2025 04:00:14.113] [Server thread/DEBUG] [com.github.alexthe666.iceandfire.IceAndFire/]: Added the following features to the biome [minecraft:frozen_peaks]: 
	- iceandfire:frost_lily
	- iceandfire:silver_ore
	- iceandfire:sapphire_ore
	- iceandfire:ice_dragon_roost
	- iceandfire:ice_dragon_cave
	- iceandfire:spawn_dragon_skeleton_ice
[23Sep2025 04:00:14.115] [Server thread/DEBUG] [com.github.alexthe666.iceandfire.IceAndFire/]: Added the following features to the biome [minecraft:frozen_river]: 
	- iceandfire:frost_lily
	- iceandfire:silver_ore
	- iceandfire:sapphire_ore
	- iceandfire:ice_dragon_roost
	- iceandfire:ice_dragon_cave
	- iceandfire:spawn_dragon_skeleton_ice
[23Sep2025 04:00:14.116] [Server thread/DEBUG] [com.github.alexthe666.iceandfire.IceAndFire/]: Added the following features to the biome [minecraft:grove]: 
	- iceandfire:frost_lily
	- iceandfire:silver_ore
	- iceandfire:sapphire_ore
	- iceandfire:ice_dragon_roost
	- iceandfire:ice_dragon_cave
	- iceandfire:spawn_dragon_skeleton_ice
[23Sep2025 04:00:14.118] [Server thread/DEBUG] [com.github.alexthe666.iceandfire.IceAndFire/]: Added the following features to the biome [minecraft:ice_spikes]: 
	- iceandfire:frost_lily
	- iceandfire:silver_ore
	- iceandfire:sapphire_ore
	- iceandfire:ice_dragon_roost
	- iceandfire:ice_dragon_cave
	- iceandfire:spawn_dragon_skeleton_ice
[23Sep2025 04:00:14.120] [Server thread/DEBUG] [com.github.alexthe666.iceandfire.IceAndFire/]: Added the following features to the biome [minecraft:jagged_peaks]: 
	- iceandfire:frost_lily
	- iceandfire:silver_ore
	- iceandfire:sapphire_ore
	- iceandfire:ice_dragon_roost
	- iceandfire:ice_dragon_cave
	- iceandfire:spawn_dragon_skeleton_ice
[23Sep2025 04:00:14.122] [Server thread/DEBUG] [com.github.alexthe666.iceandfire.IceAndFire/]: Added the following features to the biome [minecraft:jungle]: 
	- iceandfire:fire_lily
	- iceandfire:silver_ore
	- iceandfire:lightning_dragon_roost
	- iceandfire:lightning_dragon_cave
	- iceandfire:myrmex_hive_jungle
[23Sep2025 04:00:14.123] [Server thread/DEBUG] [com.github.alexthe666.iceandfire.IceAndFire/]: Added the following features to the biome [minecraft:lukewarm_ocean]: 
	- iceandfire:silver_ore
	- iceandfire:siren_island
	- iceandfire:spawn_hippocampus
	- iceandfire:spawn_sea_serpent
[23Sep2025 04:00:14.125] [Server thread/DEBUG] [com.github.alexthe666.iceandfire.IceAndFire/]: Added the following features to the biome [minecraft:lush_caves]: 
	- iceandfire:silver_ore
[23Sep2025 04:00:14.127] [Server thread/DEBUG] [com.github.alexthe666.iceandfire.IceAndFire/]: Added the following features to the biome [minecraft:mangrove_swamp]: 
	- iceandfire:fire_lily
	- iceandfire:silver_ore
	- iceandfire:fire_dragon_roost
	- iceandfire:fire_dragon_cave
	- iceandfire:hydra_cave
	- iceandfire:spawn_stymphalian_bird
[23Sep2025 04:00:14.128] [Server thread/DEBUG] [com.github.alexthe666.iceandfire.IceAndFire/]: Added the following features to the biome [minecraft:meadow]: 
	- iceandfire:silver_ore
	- iceandfire:fire_dragon_roost
	- iceandfire:fire_dragon_cave
	- iceandfire:spawn_wandering_cyclops
[23Sep2025 04:00:14.130] [Server thread/DEBUG] [com.github.alexthe666.iceandfire.IceAndFire/]: Added the following features to the biome [minecraft:mushroom_fields]: 
	- iceandfire:silver_ore
[23Sep2025 04:00:14.133] [Server thread/DEBUG] [com.github.alexthe666.iceandfire.IceAndFire/]: Added the following features to the biome [minecraft:ocean]: 
	- iceandfire:silver_ore
	- iceandfire:siren_island
	- iceandfire:spawn_hippocampus
	- iceandfire:spawn_sea_serpent
[23Sep2025 04:00:14.134] [Server thread/DEBUG] [com.github.alexthe666.iceandfire.IceAndFire/]: Added the following features to the biome [minecraft:old_growth_birch_forest]: 
	- iceandfire:silver_ore
	- iceandfire:pixie_village
[23Sep2025 04:00:14.135] [Server thread/DEBUG] [com.github.alexthe666.iceandfire.IceAndFire/]: Added the following features to the biome [minecraft:old_growth_pine_taiga]: 
	- iceandfire:silver_ore
	- iceandfire:ice_dragon_roost
	- iceandfire:ice_dragon_cave
[23Sep2025 04:00:14.137] [Server thread/DEBUG] [com.github.alexthe666.iceandfire.IceAndFire/]: Added the following features to the biome [minecraft:old_growth_spruce_taiga]: 
	- iceandfire:silver_ore
[23Sep2025 04:00:14.138] [Server thread/DEBUG] [com.github.alexthe666.iceandfire.IceAndFire/]: Added the following features to the biome [minecraft:plains]: 
	- iceandfire:silver_ore
	- iceandfire:fire_dragon_roost
	- iceandfire:fire_dragon_cave
	- iceandfire:spawn_wandering_cyclops
[23Sep2025 04:00:14.139] [Server thread/DEBUG] [com.github.alexthe666.iceandfire.IceAndFire/]: Added the following features to the biome [minecraft:river]: 
	- iceandfire:silver_ore
[23Sep2025 04:00:14.141] [Server thread/DEBUG] [com.github.alexthe666.iceandfire.IceAndFire/]: Added the following features to the biome [minecraft:savanna]: 
	- iceandfire:fire_lily
	- iceandfire:lightning_lily
	- iceandfire:silver_ore
	- iceandfire:lightning_dragon_roost
	- iceandfire:lightning_dragon_cave
	- iceandfire:spawn_dragon_skeleton_lightning
[23Sep2025 04:00:14.143] [Server thread/DEBUG] [com.github.alexthe666.iceandfire.IceAndFire/]: Added the following features to the biome [minecraft:savanna_plateau]: 
	- iceandfire:fire_lily
	- iceandfire:lightning_lily
	- iceandfire:silver_ore
	- iceandfire:lightning_dragon_roost
	- iceandfire:lightning_dragon_cave
	- iceandfire:spawn_dragon_skeleton_lightning
[23Sep2025 04:00:14.145] [Server thread/DEBUG] [com.github.alexthe666.iceandfire.IceAndFire/]: Added the following features to the biome [minecraft:snowy_beach]: 
	- iceandfire:frost_lily
	- iceandfire:silver_ore
	- iceandfire:sapphire_ore
	- iceandfire:ice_dragon_roost
	- iceandfire:ice_dragon_cave
	- iceandfire:cyclops_cave
	- iceandfire:spawn_dragon_skeleton_ice
[23Sep2025 04:00:14.147] [Server thread/DEBUG] [com.github.alexthe666.iceandfire.IceAndFire/]: Added the following features to the biome [minecraft:snowy_plains]: 
	- iceandfire:frost_lily
	- iceandfire:silver_ore
	- iceandfire:sapphire_ore
	- iceandfire:ice_dragon_roost
	- iceandfire:ice_dragon_cave
	- iceandfire:spawn_wandering_cyclops
	- iceandfire:spawn_dragon_skeleton_ice
[23Sep2025 04:00:14.149] [Server thread/DEBUG] [com.github.alexthe666.iceandfire.IceAndFire/]: Added the following features to the biome [minecraft:snowy_slopes]: 
	- iceandfire:frost_lily
	- iceandfire:silver_ore
	- iceandfire:sapphire_ore
	- iceandfire:ice_dragon_roost
	- iceandfire:ice_dragon_cave
	- iceandfire:spawn_dragon_skeleton_ice
[23Sep2025 04:00:14.152] [Server thread/DEBUG] [com.github.alexthe666.iceandfire.IceAndFire/]: Added the following features to the biome [minecraft:snowy_taiga]: 
	- iceandfire:frost_lily
	- iceandfire:silver_ore
	- iceandfire:sapphire_ore
	- iceandfire:ice_dragon_roost
	- iceandfire:ice_dragon_cave
	- iceandfire:spawn_dragon_skeleton_ice
[23Sep2025 04:00:14.154] [Server thread/DEBUG] [com.github.alexthe666.iceandfire.IceAndFire/]: Added the following features to the biome [minecraft:sparse_jungle]: 
	- iceandfire:fire_lily
	- iceandfire:silver_ore
	- iceandfire:lightning_dragon_roost
	- iceandfire:lightning_dragon_cave
	- iceandfire:myrmex_hive_jungle
[23Sep2025 04:00:14.155] [Server thread/DEBUG] [com.github.alexthe666.iceandfire.IceAndFire/]: Added the following features to the biome [minecraft:stony_peaks]: 
	- iceandfire:fire_lily
	- iceandfire:silver_ore
	- iceandfire:fire_dragon_roost
	- iceandfire:fire_dragon_cave
[23Sep2025 04:00:14.157] [Server thread/DEBUG] [com.github.alexthe666.iceandfire.IceAndFire/]: Added the following features to the biome [minecraft:stony_shore]: 
	- iceandfire:silver_ore
[23Sep2025 04:00:14.157] [Server thread/DEBUG] [com.github.alexthe666.iceandfire.IceAndFire/]: Added the following features to the biome [minecraft:sunflower_plains]: 
	- iceandfire:silver_ore
	- iceandfire:fire_dragon_roost
	- iceandfire:fire_dragon_cave
	- iceandfire:spawn_wandering_cyclops
[23Sep2025 04:00:14.159] [Server thread/DEBUG] [com.github.alexthe666.iceandfire.IceAndFire/]: Added the following features to the biome [minecraft:swamp]: 
	- iceandfire:silver_ore
	- iceandfire:hydra_cave
	- iceandfire:spawn_stymphalian_bird
[23Sep2025 04:00:14.160] [Server thread/DEBUG] [com.github.alexthe666.iceandfire.IceAndFire/]: Added the following features to the biome [minecraft:taiga]: 
	- iceandfire:silver_ore
	- iceandfire:ice_dragon_roost
	- iceandfire:ice_dragon_cave
[23Sep2025 04:00:14.162] [Server thread/DEBUG] [com.github.alexthe666.iceandfire.IceAndFire/]: Added the following features to the biome [minecraft:warm_ocean]: 
	- iceandfire:fire_lily
	- iceandfire:silver_ore
	- iceandfire:fire_dragon_roost
	- iceandfire:fire_dragon_cave
	- iceandfire:siren_island
	- iceandfire:spawn_hippocampus
	- iceandfire:spawn_sea_serpent
[23Sep2025 04:00:14.164] [Server thread/DEBUG] [com.github.alexthe666.iceandfire.IceAndFire/]: Added the following features to the biome [minecraft:windswept_forest]: 
	- iceandfire:silver_ore
[23Sep2025 04:00:14.165] [Server thread/DEBUG] [com.github.alexthe666.iceandfire.IceAndFire/]: Added the following features to the biome [minecraft:windswept_gravelly_hills]: 
	- iceandfire:silver_ore
[23Sep2025 04:00:14.166] [Server thread/DEBUG] [com.github.alexthe666.iceandfire.IceAndFire/]: Added the following features to the biome [minecraft:windswept_hills]: 
	- iceandfire:silver_ore
[23Sep2025 04:00:14.167] [Server thread/DEBUG] [com.github.alexthe666.iceandfire.IceAndFire/]: Added the following features to the biome [minecraft:windswept_savanna]: 
	- iceandfire:fire_lily
	- iceandfire:lightning_lily
	- iceandfire:silver_ore
	- iceandfire:lightning_dragon_roost
	- iceandfire:lightning_dragon_cave
	- iceandfire:spawn_dragon_skeleton_lightning
[23Sep2025 04:00:14.168] [Server thread/DEBUG] [com.github.alexthe666.iceandfire.IceAndFire/]: Added the following features to the biome [minecraft:wooded_badlands]: 
	- iceandfire:silver_ore
	- iceandfire:lightning_dragon_roost
	- iceandfire:lightning_dragon_cave
[23Sep2025 04:00:14.174] [Server thread/INFO] [Framework/]: Loading server configs...
[23Sep2025 04:00:14.193] [Server thread/INFO] [net.minecraft.server.dedicated.DedicatedServer/]: Preparing level "world"
[23Sep2025 04:00:14.200] [Server thread/DEBUG] [net.minecraftforge.coremod.transformer.CoreModBaseTransformer/COREMOD]: Transforming net/minecraft/world/level/levelgen/PhantomSpawner
[23Sep2025 04:00:14.205] [Server thread/DEBUG] [net.minecraftforge.coremod.transformer.CoreModBaseTransformer/COREMOD]: Transforming net/minecraft/world/level/levelgen/PatrolSpawner
[23Sep2025 04:00:14.210] [Server thread/DEBUG] [net.minecraftforge.coremod.transformer.CoreModBaseTransformer/COREMOD]: Transforming net/minecraft/world/entity/npc/CatSpawner
[23Sep2025 04:00:14.214] [Server thread/DEBUG] [net.minecraftforge.coremod.transformer.CoreModBaseTransformer/COREMOD]: Transforming net/minecraft/world/entity/ai/village/VillageSiege
[23Sep2025 04:00:14.267] [Server thread/DEBUG] [mixin/]: Mixing camera.ChunkMapMixin from securitycraft.mixins.json into net.minecraft.server.level.ChunkMap
[23Sep2025 04:00:14.268] [Server thread/DEBUG] [mixin/]: Renaming synthetic method lambda$securitycraft$onDropChunk$3(Lnet/minecraft/server/level/ServerPlayer;Lnet/minecraft/world/level/ChunkPos;Lnet/geforcemods/securitycraft/blockentities/SecurityCameraBlockEntity;)Z to md242657$lambda$securitycraft$onDropChunk$3$0 in securitycraft.mixins.json:camera.ChunkMapMixin
[23Sep2025 04:00:14.268] [Server thread/DEBUG] [mixin/]: Renaming synthetic method lambda$securitycraft$sendChunksToCameras$2(Lnet/minecraft/server/level/ServerPlayer;Lnet/minecraft/world/level/ChunkPos;Lnet/geforcemods/securitycraft/blockentities/SecurityCameraBlockEntity;)Z to md242657$lambda$securitycraft$sendChunksToCameras$2$1 in securitycraft.mixins.json:camera.ChunkMapMixin
[23Sep2025 04:00:14.268] [Server thread/DEBUG] [mixin/]: Renaming synthetic method lambda$securitycraft$trackCameraLoadedChunks$1(Lnet/minecraft/server/level/ServerPlayer;Lnet/minecraft/world/level/ChunkPos;Lnet/geforcemods/securitycraft/blockentities/SecurityCameraBlockEntity;)Z to md242657$lambda$securitycraft$trackCameraLoadedChunks$1$2 in securitycraft.mixins.json:camera.ChunkMapMixin
[23Sep2025 04:00:14.269] [Server thread/DEBUG] [mixin/]: Renaming synthetic method lambda$securitycraft$trackCameraLoadedChunks$0(Lnet/minecraft/server/level/ServerPlayer;Lnet/geforcemods/securitycraft/blockentities/SecurityCameraBlockEntity;)Z to md242657$lambda$securitycraft$trackCameraLoadedChunks$0$3 in securitycraft.mixins.json:camera.ChunkMapMixin
[23Sep2025 04:00:14.530] [Server thread/DEBUG] [mixin/]: Mixing reinforced.PortalForcerMixin from securitycraft.mixins.json into net.minecraft.world.level.portal.PortalForcer
[23Sep2025 04:00:15.354] [Server thread/DEBUG] [mixin/]: Mixing MixinPiglinAi from curios.mixins.json into net.minecraft.world.entity.monster.piglin.PiglinAi
[23Sep2025 04:00:15.455] [Server thread/DEBUG] [mixin/]: Mixing ProjectileUtilMixin from mixins.superbwarfare.json into net.minecraft.world.entity.projectile.ProjectileUtil
[23Sep2025 04:00:17.447] [Server thread/INFO] [net.minecraft.server.MinecraftServer/]: Preparing start region for dimension minecraft:overworld
[23Sep2025 04:00:20.144] [Server thread/DEBUG] [net.minecraftforge.coremod.transformer.CoreModBaseTransformer/COREMOD]: Transforming net/minecraft/world/level/levelgen/structure/templatesystem/StructureTemplate
[23Sep2025 04:00:20.168] [Server thread/DEBUG] [mixin/]: Mixing passcode.StructureTemplateMixin from securitycraft.mixins.json into net.minecraft.world.level.levelgen.structure.templatesystem.StructureTemplate
[23Sep2025 04:00:22.297] [Worker-Main-2/INFO] [net.minecraft.server.level.progress.LoggerChunkProgressListener/]: Preparing spawn area: 0%
[23Sep2025 04:00:22.298] [Worker-Main-2/INFO] [net.minecraft.server.level.progress.LoggerChunkProgressListener/]: Preparing spawn area: 0%
[23Sep2025 04:00:22.298] [Worker-Main-3/INFO] [net.minecraft.server.level.progress.LoggerChunkProgressListener/]: Preparing spawn area: 0%
[23Sep2025 04:00:22.299] [Worker-Main-1/INFO] [net.minecraft.server.level.progress.LoggerChunkProgressListener/]: Preparing spawn area: 0%
[23Sep2025 04:00:22.300] [Worker-Main-1/INFO] [net.minecraft.server.level.progress.LoggerChunkProgressListener/]: Preparing spawn area: 0%
[23Sep2025 04:00:22.301] [Worker-Main-1/INFO] [net.minecraft.server.level.progress.LoggerChunkProgressListener/]: Preparing spawn area: 0%
[23Sep2025 04:00:22.302] [Worker-Main-1/INFO] [net.minecraft.server.level.progress.LoggerChunkProgressListener/]: Preparing spawn area: 0%
[23Sep2025 04:00:22.304] [Worker-Main-2/INFO] [net.minecraft.server.level.progress.LoggerChunkProgressListener/]: Preparing spawn area: 0%
[23Sep2025 04:00:22.305] [Worker-Main-2/INFO] [net.minecraft.server.level.progress.LoggerChunkProgressListener/]: Preparing spawn area: 0%
[23Sep2025 04:00:22.306] [Worker-Main-2/INFO] [net.minecraft.server.level.progress.LoggerChunkProgressListener/]: Preparing spawn area: 0%
[23Sep2025 04:00:22.450] [Worker-Main-2/INFO] [net.minecraft.server.level.progress.LoggerChunkProgressListener/]: Preparing spawn area: 0%
[23Sep2025 04:00:22.950] [Worker-Main-1/INFO] [net.minecraft.server.level.progress.LoggerChunkProgressListener/]: Preparing spawn area: 31%
[23Sep2025 04:00:23.358] [Server thread/INFO] [net.minecraft.server.level.progress.LoggerChunkProgressListener/]: Time elapsed: 5908 ms
[23Sep2025 04:00:23.358] [Server thread/INFO] [net.minecraft.server.dedicated.DedicatedServer/]: Done (9.315s)! For help, type "help"
[23Sep2025 04:00:23.370] [Server thread/DEBUG] [net.minecraftforge.network.DualStackUtils/]: Detected IPv6 address: "0:0:0:0:0:0:0:0"
[23Sep2025 04:00:23.412] [Server thread/DEBUG] [net.minecraftforge.common.ForgeI18n/CORE]: Loading I18N data entries: 10518
[23Sep2025 04:00:23.415] [Server thread/INFO] [net.minecraftforge.server.permission.PermissionAPI/]: Successfully initialized permission handler forge:default_handler
[23Sep2025 04:00:23.448] [Server thread/INFO] [com.github.alexthe666.iceandfire.IceAndFire/]: {iceandfire:fire_dragon_roost=true, iceandfire:fire_lily=true, iceandfire:spawn_dragon_skeleton_fire=true, iceandfire:lightning_dragon_roost=true, iceandfire:spawn_dragon_skeleton_lightning=true, iceandfire:ice_dragon_roost=true, iceandfire:ice_dragon_cave=true, iceandfire:lightning_dragon_cave=true, iceandfire:cyclops_cave=true, iceandfire:spawn_wandering_cyclops=true, iceandfire:spawn_sea_serpent=true, iceandfire:frost_lily=true, iceandfire:hydra_cave=true, iceandfire:lightning_lily=true, iceandfire:pixie_village=true, iceandfire:myrmex_hive_jungle=true, iceandfire:myrmex_hive_desert=true, iceandfire:silver_ore=true, iceandfire:siren_island=true, iceandfire:spawn_dragon_skeleton_ice=true, iceandfire:spawn_stymphalian_bird=true, iceandfire:fire_dragon_cave=true, iceandfire:sapphire_ore=true, iceandfire:spawn_hippocampus=true, iceandfire:spawn_death_worm=true}
[23Sep2025 04:00:23.448] [Server thread/INFO] [com.github.alexthe666.iceandfire.IceAndFire/]: {TROLL_S=true, HIPPOGRYPH=true, AMPHITHERE=true, COCKATRICE=true, TROLL_M=true, DREAD_LICH=true, TROLL_F=true}
[23Sep2025 04:00:23.470] [Server thread/DEBUG] [io.netty.buffer.AbstractByteBuf/]: -Dio.netty.buffer.checkAccessible: true
[23Sep2025 04:00:23.470] [Server thread/DEBUG] [io.netty.buffer.AbstractByteBuf/]: -Dio.netty.buffer.checkBounds: true
[23Sep2025 04:00:23.471] [Server thread/DEBUG] [io.netty.util.ResourceLeakDetectorFactory/]: Loaded default ResourceLeakDetector: io.netty.util.ResourceLeakDetector@702d2e9d
[23Sep2025 04:00:23.500] [Server thread/DEBUG] [net.minecraftforge.coremod.transformer.CoreModBaseTransformer/COREMOD]: Transforming net/minecraft/world/level/NaturalSpawner
[23Sep2025 04:00:23.530] [Server thread/DEBUG] [mixin/]: Mixing camera.TrackedEntityMixin from securitycraft.mixins.json into net.minecraft.server.level.ChunkMap$TrackedEntity
[23Sep2025 04:01:25.749] [Netty Epoll Server IO #1/DEBUG] [mixin/]: Mixing ClientboundSetPassengersPacketMixin from mixins.superbwarfare.json into net.minecraft.network.protocol.game.ClientboundSetPassengersPacket
[23Sep2025 04:01:26.169] [Netty Epoll Server IO #1/DEBUG] [io.netty.util.Recycler/]: -Dio.netty.recycler.maxCapacityPerThread: 4096
[23Sep2025 04:01:26.169] [Netty Epoll Server IO #1/DEBUG] [io.netty.util.Recycler/]: -Dio.netty.recycler.ratio: 8
[23Sep2025 04:01:26.169] [Netty Epoll Server IO #1/DEBUG] [io.netty.util.Recycler/]: -Dio.netty.recycler.chunkSize: 32
[23Sep2025 04:01:26.169] [Netty Epoll Server IO #1/DEBUG] [io.netty.util.Recycler/]: -Dio.netty.recycler.blocking: false
[23Sep2025 04:02:44.170] [Netty Epoll Server IO #2/DEBUG] [net.minecraftforge.network.HandshakeHandler/FMLHANDSHAKE]: Starting new modded impl connection. Found 33 messages to dispatch.
[23Sep2025 04:02:44.203] [Server thread/DEBUG] [net.minecraftforge.network.HandshakeHandler/FMLHANDSHAKE]: Sending ticking packet info 'net.minecraftforge.network.HandshakeMessages$S2CModData' to 'fml:handshake' sequence 0
[23Sep2025 04:02:44.253] [Server thread/DEBUG] [net.minecraftforge.network.HandshakeHandler/FMLHANDSHAKE]: Sending ticking packet info 'net.minecraftforge.network.HandshakeMessages$S2CModList' to 'fml:handshake' sequence 1
[23Sep2025 04:02:44.293] [Netty Epoll Server IO #2/DEBUG] [net.minecraftforge.network.LoginWrapper/FMLHANDSHAKE]: Recieved login wrapper packet event for channel fml:handshake with index 1
[23Sep2025 04:02:44.296] [Netty Epoll Server IO #2/DEBUG] [net.minecraftforge.network.HandshakeHandler/FMLHANDSHAKE]: Received client indexed reply 1 of type net.minecraftforge.network.HandshakeMessages$C2SModListReply
[23Sep2025 04:02:44.296] [Netty Epoll Server IO #2/DEBUG] [net.minecraftforge.network.HandshakeHandler/FMLHANDSHAKE]: Received client connection with modlist [minecraft, farmersdelight, jade, butcher, geckolib, jei, goblintraders, kotlinforforge, sophisticatedcore, curios, spartanshields, citadel, alexsmobs, securitycraft, mixinextras, tombstone, sophisticatedbackpacks, spartanweaponry, superbwarfare, pickupnotifier, iceandfire, puzzleslib, framework, fallingtree, puzzlesaccessapi, forge, ingotcraft, tlskincape]
[23Sep2025 04:02:44.297] [Netty Epoll Server IO #2/DEBUG] [net.minecraftforge.network.NetworkRegistry/NETREGISTRY]: Channel 'jei:channel' : Version test of '1.0.0' from client : ACCEPTED
[23Sep2025 04:02:44.297] [Netty Epoll Server IO #2/DEBUG] [net.minecraftforge.network.NetworkRegistry/NETREGISTRY]: Channel 'minecraft:unregister' : Version test of 'FML3' from client : ACCEPTED
[23Sep2025 04:02:44.297] [Netty Epoll Server IO #2/DEBUG] [net.minecraftforge.network.NetworkRegistry/NETREGISTRY]: Channel 'sophisticatedbackpacks:channel' : Version test of '1' from client : ACCEPTED
[23Sep2025 04:02:44.297] [Netty Epoll Server IO #2/DEBUG] [net.minecraftforge.network.NetworkRegistry/NETREGISTRY]: Channel 'citadel:main_channel' : Version test of '1' from client : ACCEPTED
[23Sep2025 04:02:44.297] [Netty Epoll Server IO #2/DEBUG] [net.minecraftforge.network.NetworkRegistry/NETREGISTRY]: Channel 'puzzleslib:1' : Version test of '1' from client : ACCEPTED
[23Sep2025 04:02:44.297] [Netty Epoll Server IO #2/DEBUG] [net.minecraftforge.network.NetworkRegistry/NETREGISTRY]: Channel 'securitycraft:securitycraft' : Version test of 'v1.10.0.1' from client : ACCEPTED
[23Sep2025 04:02:44.297] [Netty Epoll Server IO #2/DEBUG] [net.minecraftforge.network.NetworkRegistry/NETREGISTRY]: Channel 'iceandfire:main_channel' : Version test of '1' from client : ACCEPTED
[23Sep2025 04:02:44.297] [Netty Epoll Server IO #2/DEBUG] [net.minecraftforge.network.NetworkRegistry/NETREGISTRY]: Channel 'framework:play' : Version test of '1' from client : ACCEPTED
[23Sep2025 04:02:44.297] [Netty Epoll Server IO #2/DEBUG] [net.minecraftforge.network.NetworkRegistry/NETREGISTRY]: Channel 'fallingtree:main' : Version test of '1' from client : ACCEPTED
[23Sep2025 04:02:44.298] [Netty Epoll Server IO #2/DEBUG] [net.minecraftforge.network.NetworkRegistry/NETREGISTRY]: Channel 'curios:main' : Version test of '1' from client : ACCEPTED
[23Sep2025 04:02:44.298] [Netty Epoll Server IO #2/DEBUG] [net.minecraftforge.network.NetworkRegistry/NETREGISTRY]: Channel 'framework:handshake' : Version test of '1' from client : ACCEPTED
[23Sep2025 04:02:44.298] [Netty Epoll Server IO #2/DEBUG] [net.minecraftforge.network.NetworkRegistry/NETREGISTRY]: Channel 'fml:loginwrapper' : Version test of 'FML3' from client : ACCEPTED
[23Sep2025 04:02:44.298] [Netty Epoll Server IO #2/DEBUG] [net.minecraftforge.network.NetworkRegistry/NETREGISTRY]: Channel 'forge:tier_sorting' : Version test of '1.0' from client : ACCEPTED
[23Sep2025 04:02:44.298] [Netty Epoll Server IO #2/DEBUG] [net.minecraftforge.network.NetworkRegistry/NETREGISTRY]: Channel 'spartanshields:network' : Version test of '1' from client : ACCEPTED
[23Sep2025 04:02:44.298] [Netty Epoll Server IO #2/DEBUG] [net.minecraftforge.network.NetworkRegistry/NETREGISTRY]: Channel 'alexsmobs:main_channel' : Version test of '1' from client : ACCEPTED
[23Sep2025 04:02:44.298] [Netty Epoll Server IO #2/DEBUG] [net.minecraftforge.network.NetworkRegistry/NETREGISTRY]: Channel 'tombstone:tombstone_channel' : Version test of 'tombstone-9.0.9' from client : ACCEPTED
[23Sep2025 04:02:44.298] [Netty Epoll Server IO #2/DEBUG] [net.minecraftforge.network.NetworkRegistry/NETREGISTRY]: Channel 'fml:play' : Version test of 'FML3' from client : ACCEPTED
[23Sep2025 04:02:44.298] [Netty Epoll Server IO #2/DEBUG] [net.minecraftforge.network.NetworkRegistry/NETREGISTRY]: Channel 'pickupnotifier:1' : Version test of '1' from client : ACCEPTED
[23Sep2025 04:02:44.298] [Netty Epoll Server IO #2/DEBUG] [net.minecraftforge.network.NetworkRegistry/NETREGISTRY]: Channel 'sophisticatedcore:channel' : Version test of '1' from client : ACCEPTED
[23Sep2025 04:02:44.298] [Netty Epoll Server IO #2/DEBUG] [net.minecraftforge.network.NetworkRegistry/NETREGISTRY]: Channel 'fml:handshake' : Version test of 'FML3' from client : ACCEPTED
[23Sep2025 04:02:44.298] [Netty Epoll Server IO #2/DEBUG] [net.minecraftforge.network.NetworkRegistry/NETREGISTRY]: Channel 'spartanweaponry:network' : Version test of '1' from client : ACCEPTED
[23Sep2025 04:02:44.298] [Netty Epoll Server IO #2/DEBUG] [net.minecraftforge.network.NetworkRegistry/NETREGISTRY]: Channel 'minecraft:register' : Version test of 'FML3' from client : ACCEPTED
[23Sep2025 04:02:44.298] [Netty Epoll Server IO #2/DEBUG] [net.minecraftforge.network.NetworkRegistry/NETREGISTRY]: Channel 'forge:split' : Version test of '1.1' from client : ACCEPTED
[23Sep2025 04:02:44.298] [Netty Epoll Server IO #2/DEBUG] [net.minecraftforge.network.NetworkRegistry/NETREGISTRY]: Channel 'superbwarfare:superbwarfare' : Version test of '1' from client : ACCEPTED
[23Sep2025 04:02:44.298] [Netty Epoll Server IO #2/DEBUG] [net.minecraftforge.network.NetworkRegistry/NETREGISTRY]: Channel 'butcher:butcher' : Version test of '1' from client : ACCEPTED
[23Sep2025 04:02:44.298] [Netty Epoll Server IO #2/DEBUG] [net.minecraftforge.network.NetworkRegistry/NETREGISTRY]: Channel 'geckolib:main' : Version test of '1' from client : ACCEPTED
[23Sep2025 04:02:44.298] [Netty Epoll Server IO #2/DEBUG] [net.minecraftforge.network.NetworkRegistry/NETREGISTRY]: Channel 'jade:networking' : Version test of '2' from client : ACCEPTED
[23Sep2025 04:02:44.298] [Netty Epoll Server IO #2/DEBUG] [net.minecraftforge.network.NetworkRegistry/NETREGISTRY]: Accepting channel list from client
[23Sep2025 04:02:44.299] [Netty Epoll Server IO #2/DEBUG] [net.minecraftforge.network.HandshakeHandler/FMLHANDSHAKE]: Accepted client connection mod list
[23Sep2025 04:02:44.303] [Server thread/DEBUG] [net.minecraftforge.network.HandshakeHandler/FMLHANDSHAKE]: Sending ticking packet info 'Registry minecraft:command_argument_type' to 'fml:handshake' sequence 2
[23Sep2025 04:02:44.344] [Netty Epoll Server IO #2/DEBUG] [net.minecraftforge.network.LoginWrapper/FMLHANDSHAKE]: Recieved login wrapper packet event for channel fml:handshake with index 2
[23Sep2025 04:02:44.344] [Netty Epoll Server IO #2/DEBUG] [net.minecraftforge.network.HandshakeHandler/FMLHANDSHAKE]: Received client indexed reply 2 of type net.minecraftforge.network.HandshakeMessages$C2SAcknowledge
[23Sep2025 04:02:44.344] [Netty Epoll Server IO #2/DEBUG] [net.minecraftforge.network.HandshakeHandler/FMLHANDSHAKE]: Received acknowledgement from client
[23Sep2025 04:02:44.353] [Server thread/DEBUG] [net.minecraftforge.network.HandshakeHandler/FMLHANDSHAKE]: Sending ticking packet info 'Registry minecraft:recipe_serializer' to 'fml:handshake' sequence 3
[23Sep2025 04:02:44.403] [Server thread/DEBUG] [net.minecraftforge.network.HandshakeHandler/FMLHANDSHAKE]: Sending ticking packet info 'Registry minecraft:sound_event' to 'fml:handshake' sequence 4
[23Sep2025 04:02:44.419] [Netty Epoll Server IO #2/DEBUG] [net.minecraftforge.network.LoginWrapper/FMLHANDSHAKE]: Recieved login wrapper packet event for channel fml:handshake with index 3
[23Sep2025 04:02:44.419] [Netty Epoll Server IO #2/DEBUG] [net.minecraftforge.network.HandshakeHandler/FMLHANDSHAKE]: Received client indexed reply 3 of type net.minecraftforge.network.HandshakeMessages$C2SAcknowledge
[23Sep2025 04:02:44.419] [Netty Epoll Server IO #2/DEBUG] [net.minecraftforge.network.HandshakeHandler/FMLHANDSHAKE]: Received acknowledgement from client
[23Sep2025 04:02:44.453] [Server thread/DEBUG] [net.minecraftforge.network.HandshakeHandler/FMLHANDSHAKE]: Sending ticking packet info 'Registry minecraft:particle_type' to 'fml:handshake' sequence 5
[23Sep2025 04:02:44.490] [Netty Epoll Server IO #2/DEBUG] [net.minecraftforge.network.LoginWrapper/FMLHANDSHAKE]: Recieved login wrapper packet event for channel fml:handshake with index 4
[23Sep2025 04:02:44.490] [Netty Epoll Server IO #2/DEBUG] [net.minecraftforge.network.HandshakeHandler/FMLHANDSHAKE]: Received client indexed reply 4 of type net.minecraftforge.network.HandshakeMessages$C2SAcknowledge
[23Sep2025 04:02:44.490] [Netty Epoll Server IO #2/DEBUG] [net.minecraftforge.network.HandshakeHandler/FMLHANDSHAKE]: Received acknowledgement from client
[23Sep2025 04:02:44.495] [Netty Epoll Server IO #2/DEBUG] [net.minecraftforge.network.LoginWrapper/FMLHANDSHAKE]: Recieved login wrapper packet event for channel fml:handshake with index 5
[23Sep2025 04:02:44.495] [Netty Epoll Server IO #2/DEBUG] [net.minecraftforge.network.HandshakeHandler/FMLHANDSHAKE]: Received client indexed reply 5 of type net.minecraftforge.network.HandshakeMessages$C2SAcknowledge
[23Sep2025 04:02:44.495] [Netty Epoll Server IO #2/DEBUG] [net.minecraftforge.network.HandshakeHandler/FMLHANDSHAKE]: Received acknowledgement from client
[23Sep2025 04:02:44.503] [Server thread/DEBUG] [net.minecraftforge.network.HandshakeHandler/FMLHANDSHAKE]: Sending ticking packet info 'Registry minecraft:villager_profession' to 'fml:handshake' sequence 6
[23Sep2025 04:02:44.528] [Netty Epoll Server IO #2/DEBUG] [net.minecraftforge.network.LoginWrapper/FMLHANDSHAKE]: Recieved login wrapper packet event for channel fml:handshake with index 6
[23Sep2025 04:02:44.528] [Netty Epoll Server IO #2/DEBUG] [net.minecraftforge.network.HandshakeHandler/FMLHANDSHAKE]: Received client indexed reply 6 of type net.minecraftforge.network.HandshakeMessages$C2SAcknowledge
[23Sep2025 04:02:44.528] [Netty Epoll Server IO #2/DEBUG] [net.minecraftforge.network.HandshakeHandler/FMLHANDSHAKE]: Received acknowledgement from client
[23Sep2025 04:02:44.553] [Server thread/DEBUG] [net.minecraftforge.network.HandshakeHandler/FMLHANDSHAKE]: Sending ticking packet info 'Registry minecraft:item' to 'fml:handshake' sequence 7
[23Sep2025 04:02:44.603] [Server thread/DEBUG] [net.minecraftforge.network.HandshakeHandler/FMLHANDSHAKE]: Sending ticking packet info 'Registry minecraft:potion' to 'fml:handshake' sequence 8
[23Sep2025 04:02:44.622] [Netty Epoll Server IO #2/DEBUG] [net.minecraftforge.network.LoginWrapper/FMLHANDSHAKE]: Recieved login wrapper packet event for channel fml:handshake with index 7
[23Sep2025 04:02:44.622] [Netty Epoll Server IO #2/DEBUG] [net.minecraftforge.network.HandshakeHandler/FMLHANDSHAKE]: Received client indexed reply 7 of type net.minecraftforge.network.HandshakeMessages$C2SAcknowledge
[23Sep2025 04:02:44.622] [Netty Epoll Server IO #2/DEBUG] [net.minecraftforge.network.HandshakeHandler/FMLHANDSHAKE]: Received acknowledgement from client
[23Sep2025 04:02:44.631] [Netty Epoll Server IO #2/DEBUG] [net.minecraftforge.network.LoginWrapper/FMLHANDSHAKE]: Recieved login wrapper packet event for channel fml:handshake with index 8
[23Sep2025 04:02:44.631] [Netty Epoll Server IO #2/DEBUG] [net.minecraftforge.network.HandshakeHandler/FMLHANDSHAKE]: Received client indexed reply 8 of type net.minecraftforge.network.HandshakeMessages$C2SAcknowledge
[23Sep2025 04:02:44.631] [Netty Epoll Server IO #2/DEBUG] [net.minecraftforge.network.HandshakeHandler/FMLHANDSHAKE]: Received acknowledgement from client
[23Sep2025 04:02:44.653] [Server thread/DEBUG] [net.minecraftforge.network.HandshakeHandler/FMLHANDSHAKE]: Sending ticking packet info 'Registry minecraft:painting_variant' to 'fml:handshake' sequence 9
[23Sep2025 04:02:44.680] [Netty Epoll Server IO #2/DEBUG] [net.minecraftforge.network.LoginWrapper/FMLHANDSHAKE]: Recieved login wrapper packet event for channel fml:handshake with index 9
[23Sep2025 04:02:44.680] [Netty Epoll Server IO #2/DEBUG] [net.minecraftforge.network.HandshakeHandler/FMLHANDSHAKE]: Received client indexed reply 9 of type net.minecraftforge.network.HandshakeMessages$C2SAcknowledge
[23Sep2025 04:02:44.680] [Netty Epoll Server IO #2/DEBUG] [net.minecraftforge.network.HandshakeHandler/FMLHANDSHAKE]: Received acknowledgement from client
[23Sep2025 04:02:44.703] [Server thread/DEBUG] [net.minecraftforge.network.HandshakeHandler/FMLHANDSHAKE]: Sending ticking packet info 'Registry forge:fluid_type' to 'fml:handshake' sequence 10
[23Sep2025 04:02:44.730] [Netty Epoll Server IO #2/DEBUG] [net.minecraftforge.network.LoginWrapper/FMLHANDSHAKE]: Recieved login wrapper packet event for channel fml:handshake with index 10
[23Sep2025 04:02:44.730] [Netty Epoll Server IO #2/DEBUG] [net.minecraftforge.network.HandshakeHandler/FMLHANDSHAKE]: Received client indexed reply 10 of type net.minecraftforge.network.HandshakeMessages$C2SAcknowledge
[23Sep2025 04:02:44.730] [Netty Epoll Server IO #2/DEBUG] [net.minecraftforge.network.HandshakeHandler/FMLHANDSHAKE]: Received acknowledgement from client
[23Sep2025 04:02:44.753] [Server thread/DEBUG] [net.minecraftforge.network.HandshakeHandler/FMLHANDSHAKE]: Sending ticking packet info 'Registry minecraft:block_entity_type' to 'fml:handshake' sequence 11
[23Sep2025 04:02:44.786] [Netty Epoll Server IO #2/DEBUG] [net.minecraftforge.network.LoginWrapper/FMLHANDSHAKE]: Recieved login wrapper packet event for channel fml:handshake with index 11
[23Sep2025 04:02:44.786] [Netty Epoll Server IO #2/DEBUG] [net.minecraftforge.network.HandshakeHandler/FMLHANDSHAKE]: Received client indexed reply 11 of type net.minecraftforge.network.HandshakeMessages$C2SAcknowledge
[23Sep2025 04:02:44.786] [Netty Epoll Server IO #2/DEBUG] [net.minecraftforge.network.HandshakeHandler/FMLHANDSHAKE]: Received acknowledgement from client
[23Sep2025 04:02:44.803] [Server thread/DEBUG] [net.minecraftforge.network.HandshakeHandler/FMLHANDSHAKE]: Sending ticking packet info 'Registry forge:display_contexts' to 'fml:handshake' sequence 12
[23Sep2025 04:02:44.827] [Netty Epoll Server IO #2/DEBUG] [net.minecraftforge.network.LoginWrapper/FMLHANDSHAKE]: Recieved login wrapper packet event for channel fml:handshake with index 12
[23Sep2025 04:02:44.827] [Netty Epoll Server IO #2/DEBUG] [net.minecraftforge.network.HandshakeHandler/FMLHANDSHAKE]: Received client indexed reply 12 of type net.minecraftforge.network.HandshakeMessages$C2SAcknowledge
[23Sep2025 04:02:44.827] [Netty Epoll Server IO #2/DEBUG] [net.minecraftforge.network.HandshakeHandler/FMLHANDSHAKE]: Received acknowledgement from client
[23Sep2025 04:02:44.853] [Server thread/DEBUG] [net.minecraftforge.network.HandshakeHandler/FMLHANDSHAKE]: Sending ticking packet info 'Registry minecraft:block' to 'fml:handshake' sequence 13
[23Sep2025 04:02:44.887] [Netty Epoll Server IO #2/DEBUG] [net.minecraftforge.network.LoginWrapper/FMLHANDSHAKE]: Recieved login wrapper packet event for channel fml:handshake with index 13
[23Sep2025 04:02:44.887] [Netty Epoll Server IO #2/DEBUG] [net.minecraftforge.network.HandshakeHandler/FMLHANDSHAKE]: Received client indexed reply 13 of type net.minecraftforge.network.HandshakeMessages$C2SAcknowledge
[23Sep2025 04:02:44.887] [Netty Epoll Server IO #2/DEBUG] [net.minecraftforge.network.HandshakeHandler/FMLHANDSHAKE]: Received acknowledgement from client
[23Sep2025 04:02:44.903] [Server thread/DEBUG] [net.minecraftforge.network.HandshakeHandler/FMLHANDSHAKE]: Sending ticking packet info 'Registry spartanweaponry:oil_effects' to 'fml:handshake' sequence 14
[23Sep2025 04:02:44.929] [Netty Epoll Server IO #2/DEBUG] [net.minecraftforge.network.LoginWrapper/FMLHANDSHAKE]: Recieved login wrapper packet event for channel fml:handshake with index 14
[23Sep2025 04:02:44.929] [Netty Epoll Server IO #2/DEBUG] [net.minecraftforge.network.HandshakeHandler/FMLHANDSHAKE]: Received client indexed reply 14 of type net.minecraftforge.network.HandshakeMessages$C2SAcknowledge
[23Sep2025 04:02:44.929] [Netty Epoll Server IO #2/DEBUG] [net.minecraftforge.network.HandshakeHandler/FMLHANDSHAKE]: Received acknowledgement from client
[23Sep2025 04:02:44.953] [Server thread/DEBUG] [net.minecraftforge.network.HandshakeHandler/FMLHANDSHAKE]: Sending ticking packet info 'Registry forge:entity_data_serializers' to 'fml:handshake' sequence 15
[23Sep2025 04:02:44.983] [Netty Epoll Server IO #2/DEBUG] [net.minecraftforge.network.LoginWrapper/FMLHANDSHAKE]: Recieved login wrapper packet event for channel fml:handshake with index 15
[23Sep2025 04:02:44.983] [Netty Epoll Server IO #2/DEBUG] [net.minecraftforge.network.HandshakeHandler/FMLHANDSHAKE]: Received client indexed reply 15 of type net.minecraftforge.network.HandshakeMessages$C2SAcknowledge
[23Sep2025 04:02:44.983] [Netty Epoll Server IO #2/DEBUG] [net.minecraftforge.network.HandshakeHandler/FMLHANDSHAKE]: Received acknowledgement from client
[23Sep2025 04:02:45.003] [Server thread/DEBUG] [net.minecraftforge.network.HandshakeHandler/FMLHANDSHAKE]: Sending ticking packet info 'Registry spartanweaponry:weapon_traits' to 'fml:handshake' sequence 16
[23Sep2025 04:02:45.029] [Netty Epoll Server IO #2/DEBUG] [net.minecraftforge.network.LoginWrapper/FMLHANDSHAKE]: Recieved login wrapper packet event for channel fml:handshake with index 16
[23Sep2025 04:02:45.029] [Netty Epoll Server IO #2/DEBUG] [net.minecraftforge.network.HandshakeHandler/FMLHANDSHAKE]: Received client indexed reply 16 of type net.minecraftforge.network.HandshakeMessages$C2SAcknowledge
[23Sep2025 04:02:45.029] [Netty Epoll Server IO #2/DEBUG] [net.minecraftforge.network.HandshakeHandler/FMLHANDSHAKE]: Received acknowledgement from client
[23Sep2025 04:02:45.053] [Server thread/DEBUG] [net.minecraftforge.network.HandshakeHandler/FMLHANDSHAKE]: Sending ticking packet info 'Registry minecraft:mob_effect' to 'fml:handshake' sequence 17
[23Sep2025 04:02:45.081] [Netty Epoll Server IO #2/DEBUG] [net.minecraftforge.network.LoginWrapper/FMLHANDSHAKE]: Recieved login wrapper packet event for channel fml:handshake with index 17
[23Sep2025 04:02:45.081] [Netty Epoll Server IO #2/DEBUG] [net.minecraftforge.network.HandshakeHandler/FMLHANDSHAKE]: Received client indexed reply 17 of type net.minecraftforge.network.HandshakeMessages$C2SAcknowledge
[23Sep2025 04:02:45.082] [Netty Epoll Server IO #2/DEBUG] [net.minecraftforge.network.HandshakeHandler/FMLHANDSHAKE]: Received acknowledgement from client
[23Sep2025 04:02:45.103] [Server thread/DEBUG] [net.minecraftforge.network.HandshakeHandler/FMLHANDSHAKE]: Sending ticking packet info 'Registry minecraft:stat_type' to 'fml:handshake' sequence 18
[23Sep2025 04:02:45.130] [Netty Epoll Server IO #2/DEBUG] [net.minecraftforge.network.LoginWrapper/FMLHANDSHAKE]: Recieved login wrapper packet event for channel fml:handshake with index 18
[23Sep2025 04:02:45.130] [Netty Epoll Server IO #2/DEBUG] [net.minecraftforge.network.HandshakeHandler/FMLHANDSHAKE]: Received client indexed reply 18 of type net.minecraftforge.network.HandshakeMessages$C2SAcknowledge
[23Sep2025 04:02:45.130] [Netty Epoll Server IO #2/DEBUG] [net.minecraftforge.network.HandshakeHandler/FMLHANDSHAKE]: Received acknowledgement from client
[23Sep2025 04:02:45.153] [Server thread/DEBUG] [net.minecraftforge.network.HandshakeHandler/FMLHANDSHAKE]: Sending ticking packet info 'Registry superbwarfare:perk' to 'fml:handshake' sequence 19
[23Sep2025 04:02:45.183] [Netty Epoll Server IO #2/DEBUG] [net.minecraftforge.network.LoginWrapper/FMLHANDSHAKE]: Recieved login wrapper packet event for channel fml:handshake with index 19
[23Sep2025 04:02:45.183] [Netty Epoll Server IO #2/DEBUG] [net.minecraftforge.network.HandshakeHandler/FMLHANDSHAKE]: Received client indexed reply 19 of type net.minecraftforge.network.HandshakeMessages$C2SAcknowledge
[23Sep2025 04:02:45.183] [Netty Epoll Server IO #2/DEBUG] [net.minecraftforge.network.HandshakeHandler/FMLHANDSHAKE]: Received acknowledgement from client
[23Sep2025 04:02:45.203] [Server thread/DEBUG] [net.minecraftforge.network.HandshakeHandler/FMLHANDSHAKE]: Sending ticking packet info 'Registry tombstone:perks' to 'fml:handshake' sequence 20
[23Sep2025 04:02:45.228] [Netty Epoll Server IO #2/DEBUG] [net.minecraftforge.network.LoginWrapper/FMLHANDSHAKE]: Recieved login wrapper packet event for channel fml:handshake with index 20
[23Sep2025 04:02:45.228] [Netty Epoll Server IO #2/DEBUG] [net.minecraftforge.network.HandshakeHandler/FMLHANDSHAKE]: Received client indexed reply 20 of type net.minecraftforge.network.HandshakeMessages$C2SAcknowledge
[23Sep2025 04:02:45.228] [Netty Epoll Server IO #2/DEBUG] [net.minecraftforge.network.HandshakeHandler/FMLHANDSHAKE]: Received acknowledgement from client
[23Sep2025 04:02:45.253] [Server thread/DEBUG] [net.minecraftforge.network.HandshakeHandler/FMLHANDSHAKE]: Sending ticking packet info 'Registry minecraft:menu' to 'fml:handshake' sequence 21
[23Sep2025 04:02:45.282] [Netty Epoll Server IO #2/DEBUG] [net.minecraftforge.network.LoginWrapper/FMLHANDSHAKE]: Recieved login wrapper packet event for channel fml:handshake with index 21
[23Sep2025 04:02:45.282] [Netty Epoll Server IO #2/DEBUG] [net.minecraftforge.network.HandshakeHandler/FMLHANDSHAKE]: Received client indexed reply 21 of type net.minecraftforge.network.HandshakeMessages$C2SAcknowledge
[23Sep2025 04:02:45.282] [Netty Epoll Server IO #2/DEBUG] [net.minecraftforge.network.HandshakeHandler/FMLHANDSHAKE]: Received acknowledgement from client
[23Sep2025 04:02:45.303] [Server thread/DEBUG] [net.minecraftforge.network.HandshakeHandler/FMLHANDSHAKE]: Sending ticking packet info 'Registry minecraft:enchantment' to 'fml:handshake' sequence 22
[23Sep2025 04:02:45.332] [Netty Epoll Server IO #2/DEBUG] [net.minecraftforge.network.LoginWrapper/FMLHANDSHAKE]: Recieved login wrapper packet event for channel fml:handshake with index 22
[23Sep2025 04:02:45.333] [Netty Epoll Server IO #2/DEBUG] [net.minecraftforge.network.HandshakeHandler/FMLHANDSHAKE]: Received client indexed reply 22 of type net.minecraftforge.network.HandshakeMessages$C2SAcknowledge
[23Sep2025 04:02:45.333] [Netty Epoll Server IO #2/DEBUG] [net.minecraftforge.network.HandshakeHandler/FMLHANDSHAKE]: Received acknowledgement from client
[23Sep2025 04:02:45.353] [Server thread/DEBUG] [net.minecraftforge.network.HandshakeHandler/FMLHANDSHAKE]: Sending ticking packet info 'Registry minecraft:fluid' to 'fml:handshake' sequence 23
[23Sep2025 04:02:45.378] [Netty Epoll Server IO #2/DEBUG] [net.minecraftforge.network.LoginWrapper/FMLHANDSHAKE]: Recieved login wrapper packet event for channel fml:handshake with index 23
[23Sep2025 04:02:45.379] [Netty Epoll Server IO #2/DEBUG] [net.minecraftforge.network.HandshakeHandler/FMLHANDSHAKE]: Received client indexed reply 23 of type net.minecraftforge.network.HandshakeMessages$C2SAcknowledge
[23Sep2025 04:02:45.379] [Netty Epoll Server IO #2/DEBUG] [net.minecraftforge.network.HandshakeHandler/FMLHANDSHAKE]: Received acknowledgement from client
[23Sep2025 04:02:45.403] [Server thread/DEBUG] [net.minecraftforge.network.HandshakeHandler/FMLHANDSHAKE]: Sending ticking packet info 'Registry minecraft:entity_type' to 'fml:handshake' sequence 24
[23Sep2025 04:02:45.453] [Server thread/DEBUG] [net.minecraftforge.network.HandshakeHandler/FMLHANDSHAKE]: Sending ticking packet info 'Config securitycraft-server.toml' to 'fml:handshake' sequence 25
[23Sep2025 04:02:45.503] [Server thread/DEBUG] [net.minecraftforge.network.HandshakeHandler/FMLHANDSHAKE]: Sending ticking packet info 'Config superbwarfare-server.toml' to 'fml:handshake' sequence 26
[23Sep2025 04:02:45.553] [Server thread/DEBUG] [net.minecraftforge.network.HandshakeHandler/FMLHANDSHAKE]: Sending ticking packet info 'Config curios-server.toml' to 'fml:handshake' sequence 27
[23Sep2025 04:02:45.603] [Server thread/DEBUG] [net.minecraftforge.network.HandshakeHandler/FMLHANDSHAKE]: Sending ticking packet info 'Config tombstone-server.toml' to 'fml:handshake' sequence 28
[23Sep2025 04:02:45.653] [Server thread/DEBUG] [net.minecraftforge.network.HandshakeHandler/FMLHANDSHAKE]: Sending ticking packet info 'Config sophisticatedbackpacks-server.toml' to 'fml:handshake' sequence 29
[23Sep2025 04:02:45.703] [Server thread/DEBUG] [net.minecraftforge.network.HandshakeHandler/FMLHANDSHAKE]: Sending ticking packet info 'Config pickupnotifier/pickupnotifier-server.toml' to 'fml:handshake' sequence 30
[23Sep2025 04:02:45.753] [Server thread/DEBUG] [net.minecraftforge.network.HandshakeHandler/FMLHANDSHAKE]: Sending ticking packet info 'Config jei-server.toml' to 'fml:handshake' sequence 31
[23Sep2025 04:02:45.803] [Server thread/DEBUG] [net.minecraftforge.network.HandshakeHandler/FMLHANDSHAKE]: Sending ticking packet info 'Config forge-server.toml' to 'fml:handshake' sequence 32
[23Sep2025 04:02:46.853] [Netty Epoll Server IO #2/DEBUG] [net.minecraftforge.network.LoginWrapper/FMLHANDSHAKE]: Recieved login wrapper packet event for channel fml:handshake with index 24
[23Sep2025 04:02:46.854] [Netty Epoll Server IO #2/DEBUG] [net.minecraftforge.network.HandshakeHandler/FMLHANDSHAKE]: Received client indexed reply 24 of type net.minecraftforge.network.HandshakeMessages$C2SAcknowledge
[23Sep2025 04:02:46.854] [Netty Epoll Server IO #2/DEBUG] [net.minecraftforge.network.HandshakeHandler/FMLHANDSHAKE]: Received acknowledgement from client
[23Sep2025 04:02:46.874] [Netty Epoll Server IO #2/DEBUG] [net.minecraftforge.network.LoginWrapper/FMLHANDSHAKE]: Recieved login wrapper packet event for channel fml:handshake with index 25
[23Sep2025 04:02:46.874] [Netty Epoll Server IO #2/DEBUG] [net.minecraftforge.network.HandshakeHandler/FMLHANDSHAKE]: Received client indexed reply 25 of type net.minecraftforge.network.HandshakeMessages$C2SAcknowledge
[23Sep2025 04:02:46.874] [Netty Epoll Server IO #2/DEBUG] [net.minecraftforge.network.HandshakeHandler/FMLHANDSHAKE]: Received acknowledgement from client
[23Sep2025 04:02:46.878] [Netty Epoll Server IO #2/DEBUG] [net.minecraftforge.network.LoginWrapper/FMLHANDSHAKE]: Recieved login wrapper packet event for channel fml:handshake with index 26
[23Sep2025 04:02:46.878] [Netty Epoll Server IO #2/DEBUG] [net.minecraftforge.network.HandshakeHandler/FMLHANDSHAKE]: Received client indexed reply 26 of type net.minecraftforge.network.HandshakeMessages$C2SAcknowledge
[23Sep2025 04:02:46.878] [Netty Epoll Server IO #2/DEBUG] [net.minecraftforge.network.HandshakeHandler/FMLHANDSHAKE]: Received acknowledgement from client
[23Sep2025 04:02:46.883] [Netty Epoll Server IO #2/DEBUG] [net.minecraftforge.network.LoginWrapper/FMLHANDSHAKE]: Recieved login wrapper packet event for channel fml:handshake with index 27
[23Sep2025 04:02:46.883] [Netty Epoll Server IO #2/DEBUG] [net.minecraftforge.network.HandshakeHandler/FMLHANDSHAKE]: Received client indexed reply 27 of type net.minecraftforge.network.HandshakeMessages$C2SAcknowledge
[23Sep2025 04:02:46.883] [Netty Epoll Server IO #2/DEBUG] [net.minecraftforge.network.HandshakeHandler/FMLHANDSHAKE]: Received acknowledgement from client
[23Sep2025 04:02:46.883] [Netty Epoll Server IO #2/DEBUG] [net.minecraftforge.network.LoginWrapper/FMLHANDSHAKE]: Recieved login wrapper packet event for channel fml:handshake with index 28
[23Sep2025 04:02:46.884] [Netty Epoll Server IO #2/DEBUG] [net.minecraftforge.network.HandshakeHandler/FMLHANDSHAKE]: Received client indexed reply 28 of type net.minecraftforge.network.HandshakeMessages$C2SAcknowledge
[23Sep2025 04:02:46.884] [Netty Epoll Server IO #2/DEBUG] [net.minecraftforge.network.HandshakeHandler/FMLHANDSHAKE]: Received acknowledgement from client
[23Sep2025 04:02:46.889] [Netty Epoll Server IO #2/DEBUG] [net.minecraftforge.network.LoginWrapper/FMLHANDSHAKE]: Recieved login wrapper packet event for channel fml:handshake with index 29
[23Sep2025 04:02:46.889] [Netty Epoll Server IO #2/DEBUG] [net.minecraftforge.network.HandshakeHandler/FMLHANDSHAKE]: Received client indexed reply 29 of type net.minecraftforge.network.HandshakeMessages$C2SAcknowledge
[23Sep2025 04:02:46.889] [Netty Epoll Server IO #2/DEBUG] [net.minecraftforge.network.HandshakeHandler/FMLHANDSHAKE]: Received acknowledgement from client
[23Sep2025 04:02:46.894] [Netty Epoll Server IO #2/DEBUG] [net.minecraftforge.network.LoginWrapper/FMLHANDSHAKE]: Recieved login wrapper packet event for channel fml:handshake with index 30
[23Sep2025 04:02:46.894] [Netty Epoll Server IO #2/DEBUG] [net.minecraftforge.network.HandshakeHandler/FMLHANDSHAKE]: Received client indexed reply 30 of type net.minecraftforge.network.HandshakeMessages$C2SAcknowledge
[23Sep2025 04:02:46.894] [Netty Epoll Server IO #2/DEBUG] [net.minecraftforge.network.HandshakeHandler/FMLHANDSHAKE]: Received acknowledgement from client
[23Sep2025 04:02:46.895] [Netty Epoll Server IO #2/DEBUG] [net.minecraftforge.network.LoginWrapper/FMLHANDSHAKE]: Recieved login wrapper packet event for channel fml:handshake with index 31
[23Sep2025 04:02:46.895] [Netty Epoll Server IO #2/DEBUG] [net.minecraftforge.network.HandshakeHandler/FMLHANDSHAKE]: Received client indexed reply 31 of type net.minecraftforge.network.HandshakeMessages$C2SAcknowledge
[23Sep2025 04:02:46.895] [Netty Epoll Server IO #2/DEBUG] [net.minecraftforge.network.HandshakeHandler/FMLHANDSHAKE]: Received acknowledgement from client
[23Sep2025 04:02:46.899] [Netty Epoll Server IO #2/DEBUG] [net.minecraftforge.network.LoginWrapper/FMLHANDSHAKE]: Recieved login wrapper packet event for channel fml:handshake with index 32
[23Sep2025 04:02:46.899] [Netty Epoll Server IO #2/DEBUG] [net.minecraftforge.network.HandshakeHandler/FMLHANDSHAKE]: Received client indexed reply 32 of type net.minecraftforge.network.HandshakeMessages$C2SAcknowledge
[23Sep2025 04:02:46.899] [Netty Epoll Server IO #2/DEBUG] [net.minecraftforge.network.HandshakeHandler/FMLHANDSHAKE]: Received acknowledgement from client
[23Sep2025 04:02:46.903] [Server thread/DEBUG] [net.minecraftforge.network.HandshakeHandler/FMLHANDSHAKE]: Handshake complete!
[23Sep2025 04:02:47.208] [Server thread/INFO] [net.minecraft.server.players.PlayerList/]: tiliaso_01[/127.100.100.92:48259] logged in with entity id 520 at (12592.300000011921, 5.0, 124799.04771904911)
[23Sep2025 04:02:47.218] [Server thread/DEBUG] [net.minecraftforge.network.filters.NetworkFilters/]: Injected net.minecraftforge.network.filters.ForgeConnectionNetworkFilter@fa6af9c into net.minecraft.network.Connection@794962e8
[23Sep2025 04:02:47.267] [Server thread/INFO] [net.minecraft.server.MinecraftServer/]: tiliaso_01 joined the game
[23Sep2025 04:02:47.348] [Server thread/INFO] [Jade/]: Syncing config to tiliaso_01 (0e9aa66c-ff59-3b06-9f9f-e9693561d11b)
[23Sep2025 04:02:49.663] [Server thread/DEBUG] [io.netty.util.internal.ThreadLocalRandom/]: -Dio.netty.initialSeedUniquifier: 0x15efd850f0dfb0d9
[23Sep2025 04:03:38.535] [Netty Epoll Server IO #6/DEBUG] [net.minecraftforge.network.HandshakeHandler/FMLHANDSHAKE]: Starting new modded impl connection. Found 33 messages to dispatch.
[23Sep2025 04:03:38.560] [Server thread/DEBUG] [net.minecraftforge.network.HandshakeHandler/FMLHANDSHAKE]: Sending ticking packet info 'net.minecraftforge.network.HandshakeMessages$S2CModData' to 'fml:handshake' sequence 0
[23Sep2025 04:03:38.611] [Server thread/DEBUG] [net.minecraftforge.network.HandshakeHandler/FMLHANDSHAKE]: Sending ticking packet info 'net.minecraftforge.network.HandshakeMessages$S2CModList' to 'fml:handshake' sequence 1
[23Sep2025 04:03:38.661] [Server thread/DEBUG] [net.minecraftforge.network.HandshakeHandler/FMLHANDSHAKE]: Sending ticking packet info 'Registry minecraft:command_argument_type' to 'fml:handshake' sequence 2
[23Sep2025 04:03:38.710] [Server thread/DEBUG] [net.minecraftforge.network.HandshakeHandler/FMLHANDSHAKE]: Sending ticking packet info 'Registry minecraft:recipe_serializer' to 'fml:handshake' sequence 3
[23Sep2025 04:03:38.761] [Server thread/DEBUG] [net.minecraftforge.network.HandshakeHandler/FMLHANDSHAKE]: Sending ticking packet info 'Registry minecraft:sound_event' to 'fml:handshake' sequence 4
[23Sep2025 04:03:38.810] [Server thread/DEBUG] [net.minecraftforge.network.HandshakeHandler/FMLHANDSHAKE]: Sending ticking packet info 'Registry minecraft:particle_type' to 'fml:handshake' sequence 5
[23Sep2025 04:03:38.817] [Netty Epoll Server IO #6/DEBUG] [net.minecraftforge.network.LoginWrapper/FMLHANDSHAKE]: Recieved login wrapper packet event for channel fml:handshake with index 1
[23Sep2025 04:03:38.818] [Netty Epoll Server IO #6/DEBUG] [net.minecraftforge.network.HandshakeHandler/FMLHANDSHAKE]: Received client indexed reply 1 of type net.minecraftforge.network.HandshakeMessages$C2SModListReply
[23Sep2025 04:03:38.818] [Netty Epoll Server IO #6/DEBUG] [net.minecraftforge.network.HandshakeHandler/FMLHANDSHAKE]: Received client connection with modlist [minecraft, farmersdelight, jade, butcher, geckolib, jei, goblintraders, kotlinforforge, sophisticatedcore, curios, spartanshields, journeymap, citadel, alexsmobs, securitycraft, mixinextras, tombstone, sophisticatedbackpacks, spartanweaponry, superbwarfare, pickupnotifier, iceandfire, puzzleslib, framework, fallingtree, puzzlesaccessapi, forge, ingotcraft, tlskincape]
[23Sep2025 04:03:38.818] [Netty Epoll Server IO #6/DEBUG] [net.minecraftforge.network.NetworkRegistry/NETREGISTRY]: Channel 'jei:channel' : Version test of '1.0.0' from client : ACCEPTED
[23Sep2025 04:03:38.818] [Netty Epoll Server IO #6/DEBUG] [net.minecraftforge.network.NetworkRegistry/NETREGISTRY]: Channel 'minecraft:unregister' : Version test of 'FML3' from client : ACCEPTED
[23Sep2025 04:03:38.818] [Netty Epoll Server IO #6/DEBUG] [net.minecraftforge.network.NetworkRegistry/NETREGISTRY]: Channel 'sophisticatedbackpacks:channel' : Version test of '1' from client : ACCEPTED
[23Sep2025 04:03:38.818] [Netty Epoll Server IO #6/DEBUG] [net.minecraftforge.network.NetworkRegistry/NETREGISTRY]: Channel 'citadel:main_channel' : Version test of '1' from client : ACCEPTED
[23Sep2025 04:03:38.818] [Netty Epoll Server IO #6/DEBUG] [net.minecraftforge.network.NetworkRegistry/NETREGISTRY]: Channel 'puzzleslib:1' : Version test of '1' from client : ACCEPTED
[23Sep2025 04:03:38.818] [Netty Epoll Server IO #6/DEBUG] [net.minecraftforge.network.NetworkRegistry/NETREGISTRY]: Channel 'securitycraft:securitycraft' : Version test of 'v1.10.0.1' from client : ACCEPTED
[23Sep2025 04:03:38.818] [Netty Epoll Server IO #6/DEBUG] [net.minecraftforge.network.NetworkRegistry/NETREGISTRY]: Channel 'iceandfire:main_channel' : Version test of '1' from client : ACCEPTED
[23Sep2025 04:03:38.818] [Netty Epoll Server IO #6/DEBUG] [net.minecraftforge.network.NetworkRegistry/NETREGISTRY]: Channel 'framework:play' : Version test of '1' from client : ACCEPTED
[23Sep2025 04:03:38.818] [Netty Epoll Server IO #6/DEBUG] [net.minecraftforge.network.NetworkRegistry/NETREGISTRY]: Channel 'fallingtree:main' : Version test of '1' from client : ACCEPTED
[23Sep2025 04:03:38.818] [Netty Epoll Server IO #6/DEBUG] [net.minecraftforge.network.NetworkRegistry/NETREGISTRY]: Channel 'curios:main' : Version test of '1' from client : ACCEPTED
[23Sep2025 04:03:38.818] [Netty Epoll Server IO #6/DEBUG] [net.minecraftforge.network.NetworkRegistry/NETREGISTRY]: Channel 'framework:handshake' : Version test of '1' from client : ACCEPTED
[23Sep2025 04:03:38.818] [Netty Epoll Server IO #6/DEBUG] [net.minecraftforge.network.NetworkRegistry/NETREGISTRY]: Channel 'fml:loginwrapper' : Version test of 'FML3' from client : ACCEPTED
[23Sep2025 04:03:38.818] [Netty Epoll Server IO #6/DEBUG] [net.minecraftforge.network.NetworkRegistry/NETREGISTRY]: Channel 'forge:tier_sorting' : Version test of '1.0' from client : ACCEPTED
[23Sep2025 04:03:38.818] [Netty Epoll Server IO #6/DEBUG] [net.minecraftforge.network.NetworkRegistry/NETREGISTRY]: Channel 'spartanshields:network' : Version test of '1' from client : ACCEPTED
[23Sep2025 04:03:38.818] [Netty Epoll Server IO #6/DEBUG] [net.minecraftforge.network.NetworkRegistry/NETREGISTRY]: Channel 'alexsmobs:main_channel' : Version test of '1' from client : ACCEPTED
[23Sep2025 04:03:38.818] [Netty Epoll Server IO #6/DEBUG] [net.minecraftforge.network.NetworkRegistry/NETREGISTRY]: Channel 'tombstone:tombstone_channel' : Version test of 'tombstone-9.0.9' from client : ACCEPTED
[23Sep2025 04:03:38.818] [Netty Epoll Server IO #6/DEBUG] [net.minecraftforge.network.NetworkRegistry/NETREGISTRY]: Channel 'fml:play' : Version test of 'FML3' from client : ACCEPTED
[23Sep2025 04:03:38.818] [Netty Epoll Server IO #6/DEBUG] [net.minecraftforge.network.NetworkRegistry/NETREGISTRY]: Channel 'pickupnotifier:1' : Version test of '1' from client : ACCEPTED
[23Sep2025 04:03:38.818] [Netty Epoll Server IO #6/DEBUG] [net.minecraftforge.network.NetworkRegistry/NETREGISTRY]: Channel 'sophisticatedcore:channel' : Version test of '1' from client : ACCEPTED
[23Sep2025 04:03:38.818] [Netty Epoll Server IO #6/DEBUG] [net.minecraftforge.network.NetworkRegistry/NETREGISTRY]: Channel 'fml:handshake' : Version test of 'FML3' from client : ACCEPTED
[23Sep2025 04:03:38.818] [Netty Epoll Server IO #6/DEBUG] [net.minecraftforge.network.NetworkRegistry/NETREGISTRY]: Channel 'spartanweaponry:network' : Version test of '1' from client : ACCEPTED
[23Sep2025 04:03:38.818] [Netty Epoll Server IO #6/DEBUG] [net.minecraftforge.network.NetworkRegistry/NETREGISTRY]: Channel 'minecraft:register' : Version test of 'FML3' from client : ACCEPTED
[23Sep2025 04:03:38.818] [Netty Epoll Server IO #6/DEBUG] [net.minecraftforge.network.NetworkRegistry/NETREGISTRY]: Channel 'forge:split' : Version test of '1.1' from client : ACCEPTED
[23Sep2025 04:03:38.818] [Netty Epoll Server IO #6/DEBUG] [net.minecraftforge.network.NetworkRegistry/NETREGISTRY]: Channel 'superbwarfare:superbwarfare' : Version test of '1' from client : ACCEPTED
[23Sep2025 04:03:38.819] [Netty Epoll Server IO #6/DEBUG] [net.minecraftforge.network.NetworkRegistry/NETREGISTRY]: Channel 'butcher:butcher' : Version test of '1' from client : ACCEPTED
[23Sep2025 04:03:38.819] [Netty Epoll Server IO #6/DEBUG] [net.minecraftforge.network.NetworkRegistry/NETREGISTRY]: Channel 'geckolib:main' : Version test of '1' from client : ACCEPTED
[23Sep2025 04:03:38.819] [Netty Epoll Server IO #6/DEBUG] [net.minecraftforge.network.NetworkRegistry/NETREGISTRY]: Channel 'jade:networking' : Version test of '2' from client : ACCEPTED
[23Sep2025 04:03:38.819] [Netty Epoll Server IO #6/DEBUG] [net.minecraftforge.network.NetworkRegistry/NETREGISTRY]: Accepting channel list from client
[23Sep2025 04:03:38.819] [Netty Epoll Server IO #6/DEBUG] [net.minecraftforge.network.HandshakeHandler/FMLHANDSHAKE]: Accepted client connection mod list
[23Sep2025 04:03:38.860] [Server thread/DEBUG] [net.minecraftforge.network.HandshakeHandler/FMLHANDSHAKE]: Sending ticking packet info 'Registry minecraft:villager_profession' to 'fml:handshake' sequence 6
[23Sep2025 04:03:38.873] [Netty Epoll Server IO #6/DEBUG] [net.minecraftforge.network.LoginWrapper/FMLHANDSHAKE]: Recieved login wrapper packet event for channel fml:handshake with index 2
[23Sep2025 04:03:38.873] [Netty Epoll Server IO #6/DEBUG] [net.minecraftforge.network.HandshakeHandler/FMLHANDSHAKE]: Received client indexed reply 2 of type net.minecraftforge.network.HandshakeMessages$C2SAcknowledge
[23Sep2025 04:03:38.873] [Netty Epoll Server IO #6/DEBUG] [net.minecraftforge.network.HandshakeHandler/FMLHANDSHAKE]: Received acknowledgement from client
[23Sep2025 04:03:38.910] [Server thread/DEBUG] [net.minecraftforge.network.HandshakeHandler/FMLHANDSHAKE]: Sending ticking packet info 'Registry minecraft:item' to 'fml:handshake' sequence 7
[23Sep2025 04:03:38.923] [Netty Epoll Server IO #6/DEBUG] [net.minecraftforge.network.LoginWrapper/FMLHANDSHAKE]: Recieved login wrapper packet event for channel fml:handshake with index 3
[23Sep2025 04:03:38.924] [Netty Epoll Server IO #6/DEBUG] [net.minecraftforge.network.HandshakeHandler/FMLHANDSHAKE]: Received client indexed reply 3 of type net.minecraftforge.network.HandshakeMessages$C2SAcknowledge
[23Sep2025 04:03:38.924] [Netty Epoll Server IO #6/DEBUG] [net.minecraftforge.network.HandshakeHandler/FMLHANDSHAKE]: Received acknowledgement from client
[23Sep2025 04:03:38.960] [Server thread/DEBUG] [net.minecraftforge.network.HandshakeHandler/FMLHANDSHAKE]: Sending ticking packet info 'Registry minecraft:potion' to 'fml:handshake' sequence 8
[23Sep2025 04:03:39.010] [Server thread/DEBUG] [net.minecraftforge.network.HandshakeHandler/FMLHANDSHAKE]: Sending ticking packet info 'Registry minecraft:painting_variant' to 'fml:handshake' sequence 9
[23Sep2025 04:03:39.061] [Server thread/DEBUG] [net.minecraftforge.network.HandshakeHandler/FMLHANDSHAKE]: Sending ticking packet info 'Registry forge:fluid_type' to 'fml:handshake' sequence 10
[23Sep2025 04:03:39.110] [Server thread/DEBUG] [net.minecraftforge.network.HandshakeHandler/FMLHANDSHAKE]: Sending ticking packet info 'Registry minecraft:block_entity_type' to 'fml:handshake' sequence 11
[23Sep2025 04:03:39.170] [Server thread/DEBUG] [net.minecraftforge.network.HandshakeHandler/FMLHANDSHAKE]: Sending ticking packet info 'Registry forge:display_contexts' to 'fml:handshake' sequence 12
[23Sep2025 04:03:39.210] [Server thread/DEBUG] [net.minecraftforge.network.HandshakeHandler/FMLHANDSHAKE]: Sending ticking packet info 'Registry minecraft:block' to 'fml:handshake' sequence 13
[23Sep2025 04:03:39.260] [Server thread/DEBUG] [net.minecraftforge.network.HandshakeHandler/FMLHANDSHAKE]: Sending ticking packet info 'Registry spartanweaponry:oil_effects' to 'fml:handshake' sequence 14
[23Sep2025 04:03:39.311] [Server thread/DEBUG] [net.minecraftforge.network.HandshakeHandler/FMLHANDSHAKE]: Sending ticking packet info 'Registry forge:entity_data_serializers' to 'fml:handshake' sequence 15
[23Sep2025 04:03:39.360] [Server thread/DEBUG] [net.minecraftforge.network.HandshakeHandler/FMLHANDSHAKE]: Sending ticking packet info 'Registry spartanweaponry:weapon_traits' to 'fml:handshake' sequence 16
[23Sep2025 04:03:39.411] [Server thread/DEBUG] [net.minecraftforge.network.HandshakeHandler/FMLHANDSHAKE]: Sending ticking packet info 'Registry minecraft:mob_effect' to 'fml:handshake' sequence 17
[23Sep2025 04:03:39.439] [Netty Epoll Server IO #6/DEBUG] [net.minecraftforge.network.LoginWrapper/FMLHANDSHAKE]: Recieved login wrapper packet event for channel fml:handshake with index 4
[23Sep2025 04:03:39.440] [Netty Epoll Server IO #6/DEBUG] [net.minecraftforge.network.HandshakeHandler/FMLHANDSHAKE]: Received client indexed reply 4 of type net.minecraftforge.network.HandshakeMessages$C2SAcknowledge
[23Sep2025 04:03:39.440] [Netty Epoll Server IO #6/DEBUG] [net.minecraftforge.network.HandshakeHandler/FMLHANDSHAKE]: Received acknowledgement from client
[23Sep2025 04:03:39.459] [Netty Epoll Server IO #6/DEBUG] [net.minecraftforge.network.LoginWrapper/FMLHANDSHAKE]: Recieved login wrapper packet event for channel fml:handshake with index 5
[23Sep2025 04:03:39.460] [Netty Epoll Server IO #6/DEBUG] [net.minecraftforge.network.HandshakeHandler/FMLHANDSHAKE]: Received client indexed reply 5 of type net.minecraftforge.network.HandshakeMessages$C2SAcknowledge
[23Sep2025 04:03:39.460] [Netty Epoll Server IO #6/DEBUG] [net.minecraftforge.network.HandshakeHandler/FMLHANDSHAKE]: Received acknowledgement from client
[23Sep2025 04:03:39.460] [Netty Epoll Server IO #6/DEBUG] [net.minecraftforge.network.LoginWrapper/FMLHANDSHAKE]: Recieved login wrapper packet event for channel fml:handshake with index 6
[23Sep2025 04:03:39.460] [Netty Epoll Server IO #6/DEBUG] [net.minecraftforge.network.HandshakeHandler/FMLHANDSHAKE]: Received client indexed reply 6 of type net.minecraftforge.network.HandshakeMessages$C2SAcknowledge
[23Sep2025 04:03:39.461] [Netty Epoll Server IO #6/DEBUG] [net.minecraftforge.network.HandshakeHandler/FMLHANDSHAKE]: Received acknowledgement from client
[23Sep2025 04:03:39.461] [Server thread/DEBUG] [net.minecraftforge.network.HandshakeHandler/FMLHANDSHAKE]: Sending ticking packet info 'Registry minecraft:stat_type' to 'fml:handshake' sequence 18
[23Sep2025 04:03:39.510] [Server thread/DEBUG] [net.minecraftforge.network.HandshakeHandler/FMLHANDSHAKE]: Sending ticking packet info 'Registry superbwarfare:perk' to 'fml:handshake' sequence 19
[23Sep2025 04:03:39.561] [Server thread/DEBUG] [net.minecraftforge.network.HandshakeHandler/FMLHANDSHAKE]: Sending ticking packet info 'Registry tombstone:perks' to 'fml:handshake' sequence 20
[23Sep2025 04:03:39.610] [Server thread/DEBUG] [net.minecraftforge.network.HandshakeHandler/FMLHANDSHAKE]: Sending ticking packet info 'Registry minecraft:menu' to 'fml:handshake' sequence 21
[23Sep2025 04:03:39.660] [Server thread/DEBUG] [net.minecraftforge.network.HandshakeHandler/FMLHANDSHAKE]: Sending ticking packet info 'Registry minecraft:enchantment' to 'fml:handshake' sequence 22
[23Sep2025 04:03:39.710] [Server thread/DEBUG] [net.minecraftforge.network.HandshakeHandler/FMLHANDSHAKE]: Sending ticking packet info 'Registry minecraft:fluid' to 'fml:handshake' sequence 23
[23Sep2025 04:03:39.760] [Server thread/DEBUG] [net.minecraftforge.network.HandshakeHandler/FMLHANDSHAKE]: Sending ticking packet info 'Registry minecraft:entity_type' to 'fml:handshake' sequence 24
[23Sep2025 04:03:39.789] [Netty Epoll Server IO #6/DEBUG] [net.minecraftforge.network.LoginWrapper/FMLHANDSHAKE]: Recieved login wrapper packet event for channel fml:handshake with index 7
[23Sep2025 04:03:39.789] [Netty Epoll Server IO #6/DEBUG] [net.minecraftforge.network.HandshakeHandler/FMLHANDSHAKE]: Received client indexed reply 7 of type net.minecraftforge.network.HandshakeMessages$C2SAcknowledge
[23Sep2025 04:03:39.789] [Netty Epoll Server IO #6/DEBUG] [net.minecraftforge.network.HandshakeHandler/FMLHANDSHAKE]: Received acknowledgement from client
[23Sep2025 04:03:39.791] [Netty Epoll Server IO #6/DEBUG] [net.minecraftforge.network.LoginWrapper/FMLHANDSHAKE]: Recieved login wrapper packet event for channel fml:handshake with index 8
[23Sep2025 04:03:39.791] [Netty Epoll Server IO #6/DEBUG] [net.minecraftforge.network.HandshakeHandler/FMLHANDSHAKE]: Received client indexed reply 8 of type net.minecraftforge.network.HandshakeMessages$C2SAcknowledge
[23Sep2025 04:03:39.791] [Netty Epoll Server IO #6/DEBUG] [net.minecraftforge.network.HandshakeHandler/FMLHANDSHAKE]: Received acknowledgement from client
[23Sep2025 04:03:39.792] [Netty Epoll Server IO #6/DEBUG] [net.minecraftforge.network.LoginWrapper/FMLHANDSHAKE]: Recieved login wrapper packet event for channel fml:handshake with index 9
[23Sep2025 04:03:39.792] [Netty Epoll Server IO #6/DEBUG] [net.minecraftforge.network.HandshakeHandler/FMLHANDSHAKE]: Received client indexed reply 9 of type net.minecraftforge.network.HandshakeMessages$C2SAcknowledge
[23Sep2025 04:03:39.792] [Netty Epoll Server IO #6/DEBUG] [net.minecraftforge.network.HandshakeHandler/FMLHANDSHAKE]: Received acknowledgement from client
[23Sep2025 04:03:39.794] [Netty Epoll Server IO #6/DEBUG] [net.minecraftforge.network.LoginWrapper/FMLHANDSHAKE]: Recieved login wrapper packet event for channel fml:handshake with index 10
[23Sep2025 04:03:39.794] [Netty Epoll Server IO #6/DEBUG] [net.minecraftforge.network.HandshakeHandler/FMLHANDSHAKE]: Received client indexed reply 10 of type net.minecraftforge.network.HandshakeMessages$C2SAcknowledge
[23Sep2025 04:03:39.794] [Netty Epoll Server IO #6/DEBUG] [net.minecraftforge.network.HandshakeHandler/FMLHANDSHAKE]: Received acknowledgement from client
[23Sep2025 04:03:39.811] [Server thread/DEBUG] [net.minecraftforge.network.HandshakeHandler/FMLHANDSHAKE]: Sending ticking packet info 'Config securitycraft-server.toml' to 'fml:handshake' sequence 25
[23Sep2025 04:03:39.863] [Server thread/DEBUG] [net.minecraftforge.network.HandshakeHandler/FMLHANDSHAKE]: Sending ticking packet info 'Config superbwarfare-server.toml' to 'fml:handshake' sequence 26
[23Sep2025 04:03:39.873] [Netty Epoll Server IO #6/DEBUG] [net.minecraftforge.network.LoginWrapper/FMLHANDSHAKE]: Recieved login wrapper packet event for channel fml:handshake with index 11
[23Sep2025 04:03:39.873] [Netty Epoll Server IO #6/DEBUG] [net.minecraftforge.network.HandshakeHandler/FMLHANDSHAKE]: Received client indexed reply 11 of type net.minecraftforge.network.HandshakeMessages$C2SAcknowledge
[23Sep2025 04:03:39.874] [Netty Epoll Server IO #6/DEBUG] [net.minecraftforge.network.HandshakeHandler/FMLHANDSHAKE]: Received acknowledgement from client
[23Sep2025 04:03:39.874] [Netty Epoll Server IO #6/DEBUG] [net.minecraftforge.network.LoginWrapper/FMLHANDSHAKE]: Recieved login wrapper packet event for channel fml:handshake with index 12
[23Sep2025 04:03:39.874] [Netty Epoll Server IO #6/DEBUG] [net.minecraftforge.network.HandshakeHandler/FMLHANDSHAKE]: Received client indexed reply 12 of type net.minecraftforge.network.HandshakeMessages$C2SAcknowledge
[23Sep2025 04:03:39.874] [Netty Epoll Server IO #6/DEBUG] [net.minecraftforge.network.HandshakeHandler/FMLHANDSHAKE]: Received acknowledgement from client
[23Sep2025 04:03:39.910] [Server thread/DEBUG] [net.minecraftforge.network.HandshakeHandler/FMLHANDSHAKE]: Sending ticking packet info 'Config curios-server.toml' to 'fml:handshake' sequence 27
[23Sep2025 04:03:39.929] [Netty Epoll Server IO #6/DEBUG] [net.minecraftforge.network.LoginWrapper/FMLHANDSHAKE]: Recieved login wrapper packet event for channel fml:handshake with index 13
[23Sep2025 04:03:39.929] [Netty Epoll Server IO #6/DEBUG] [net.minecraftforge.network.HandshakeHandler/FMLHANDSHAKE]: Received client indexed reply 13 of type net.minecraftforge.network.HandshakeMessages$C2SAcknowledge
[23Sep2025 04:03:39.929] [Netty Epoll Server IO #6/DEBUG] [net.minecraftforge.network.HandshakeHandler/FMLHANDSHAKE]: Received acknowledgement from client
[23Sep2025 04:03:39.929] [Netty Epoll Server IO #6/DEBUG] [net.minecraftforge.network.LoginWrapper/FMLHANDSHAKE]: Recieved login wrapper packet event for channel fml:handshake with index 14
[23Sep2025 04:03:39.929] [Netty Epoll Server IO #6/DEBUG] [net.minecraftforge.network.HandshakeHandler/FMLHANDSHAKE]: Received client indexed reply 14 of type net.minecraftforge.network.HandshakeMessages$C2SAcknowledge
[23Sep2025 04:03:39.930] [Netty Epoll Server IO #6/DEBUG] [net.minecraftforge.network.HandshakeHandler/FMLHANDSHAKE]: Received acknowledgement from client
[23Sep2025 04:03:39.933] [Netty Epoll Server IO #6/DEBUG] [net.minecraftforge.network.LoginWrapper/FMLHANDSHAKE]: Recieved login wrapper packet event for channel fml:handshake with index 15
[23Sep2025 04:03:39.933] [Netty Epoll Server IO #6/DEBUG] [net.minecraftforge.network.HandshakeHandler/FMLHANDSHAKE]: Received client indexed reply 15 of type net.minecraftforge.network.HandshakeMessages$C2SAcknowledge
[23Sep2025 04:03:39.933] [Netty Epoll Server IO #6/DEBUG] [net.minecraftforge.network.HandshakeHandler/FMLHANDSHAKE]: Received acknowledgement from client
[23Sep2025 04:03:39.934] [Netty Epoll Server IO #6/DEBUG] [net.minecraftforge.network.LoginWrapper/FMLHANDSHAKE]: Recieved login wrapper packet event for channel fml:handshake with index 16
[23Sep2025 04:03:39.934] [Netty Epoll Server IO #6/DEBUG] [net.minecraftforge.network.HandshakeHandler/FMLHANDSHAKE]: Received client indexed reply 16 of type net.minecraftforge.network.HandshakeMessages$C2SAcknowledge
[23Sep2025 04:03:39.934] [Netty Epoll Server IO #6/DEBUG] [net.minecraftforge.network.HandshakeHandler/FMLHANDSHAKE]: Received acknowledgement from client
[23Sep2025 04:03:39.935] [Netty Epoll Server IO #6/DEBUG] [net.minecraftforge.network.LoginWrapper/FMLHANDSHAKE]: Recieved login wrapper packet event for channel fml:handshake with index 17
[23Sep2025 04:03:39.935] [Netty Epoll Server IO #6/DEBUG] [net.minecraftforge.network.HandshakeHandler/FMLHANDSHAKE]: Received client indexed reply 17 of type net.minecraftforge.network.HandshakeMessages$C2SAcknowledge
[23Sep2025 04:03:39.935] [Netty Epoll Server IO #6/DEBUG] [net.minecraftforge.network.HandshakeHandler/FMLHANDSHAKE]: Received acknowledgement from client
[23Sep2025 04:03:39.935] [Netty Epoll Server IO #6/DEBUG] [net.minecraftforge.network.LoginWrapper/FMLHANDSHAKE]: Recieved login wrapper packet event for channel fml:handshake with index 18
[23Sep2025 04:03:39.935] [Netty Epoll Server IO #6/DEBUG] [net.minecraftforge.network.HandshakeHandler/FMLHANDSHAKE]: Received client indexed reply 18 of type net.minecraftforge.network.HandshakeMessages$C2SAcknowledge
[23Sep2025 04:03:39.935] [Netty Epoll Server IO #6/DEBUG] [net.minecraftforge.network.HandshakeHandler/FMLHANDSHAKE]: Received acknowledgement from client
[23Sep2025 04:03:39.935] [Netty Epoll Server IO #6/DEBUG] [net.minecraftforge.network.LoginWrapper/FMLHANDSHAKE]: Recieved login wrapper packet event for channel fml:handshake with index 19
[23Sep2025 04:03:39.935] [Netty Epoll Server IO #6/DEBUG] [net.minecraftforge.network.HandshakeHandler/FMLHANDSHAKE]: Received client indexed reply 19 of type net.minecraftforge.network.HandshakeMessages$C2SAcknowledge
[23Sep2025 04:03:39.935] [Netty Epoll Server IO #6/DEBUG] [net.minecraftforge.network.HandshakeHandler/FMLHANDSHAKE]: Received acknowledgement from client
[23Sep2025 04:03:39.936] [Netty Epoll Server IO #6/DEBUG] [net.minecraftforge.network.LoginWrapper/FMLHANDSHAKE]: Recieved login wrapper packet event for channel fml:handshake with index 20
[23Sep2025 04:03:39.936] [Netty Epoll Server IO #6/DEBUG] [net.minecraftforge.network.HandshakeHandler/FMLHANDSHAKE]: Received client indexed reply 20 of type net.minecraftforge.network.HandshakeMessages$C2SAcknowledge
[23Sep2025 04:03:39.936] [Netty Epoll Server IO #6/DEBUG] [net.minecraftforge.network.HandshakeHandler/FMLHANDSHAKE]: Received acknowledgement from client
[23Sep2025 04:03:39.936] [Netty Epoll Server IO #6/DEBUG] [net.minecraftforge.network.LoginWrapper/FMLHANDSHAKE]: Recieved login wrapper packet event for channel fml:handshake with index 21
[23Sep2025 04:03:39.936] [Netty Epoll Server IO #6/DEBUG] [net.minecraftforge.network.HandshakeHandler/FMLHANDSHAKE]: Received client indexed reply 21 of type net.minecraftforge.network.HandshakeMessages$C2SAcknowledge
[23Sep2025 04:03:39.936] [Netty Epoll Server IO #6/DEBUG] [net.minecraftforge.network.HandshakeHandler/FMLHANDSHAKE]: Received acknowledgement from client
[23Sep2025 04:03:39.949] [Netty Epoll Server IO #6/DEBUG] [net.minecraftforge.network.LoginWrapper/FMLHANDSHAKE]: Recieved login wrapper packet event for channel fml:handshake with index 22
[23Sep2025 04:03:39.949] [Netty Epoll Server IO #6/DEBUG] [net.minecraftforge.network.HandshakeHandler/FMLHANDSHAKE]: Received client indexed reply 22 of type net.minecraftforge.network.HandshakeMessages$C2SAcknowledge
[23Sep2025 04:03:39.949] [Netty Epoll Server IO #6/DEBUG] [net.minecraftforge.network.HandshakeHandler/FMLHANDSHAKE]: Received acknowledgement from client
[23Sep2025 04:03:39.949] [Netty Epoll Server IO #6/DEBUG] [net.minecraftforge.network.LoginWrapper/FMLHANDSHAKE]: Recieved login wrapper packet event for channel fml:handshake with index 23
[23Sep2025 04:03:39.950] [Netty Epoll Server IO #6/DEBUG] [net.minecraftforge.network.HandshakeHandler/FMLHANDSHAKE]: Received client indexed reply 23 of type net.minecraftforge.network.HandshakeMessages$C2SAcknowledge
[23Sep2025 04:03:39.950] [Netty Epoll Server IO #6/DEBUG] [net.minecraftforge.network.HandshakeHandler/FMLHANDSHAKE]: Received acknowledgement from client
[23Sep2025 04:03:39.960] [Server thread/DEBUG] [net.minecraftforge.network.HandshakeHandler/FMLHANDSHAKE]: Sending ticking packet info 'Config tombstone-server.toml' to 'fml:handshake' sequence 28
[23Sep2025 04:03:40.009] [Server thread/DEBUG] [net.minecraftforge.network.HandshakeHandler/FMLHANDSHAKE]: Sending ticking packet info 'Config sophisticatedbackpacks-server.toml' to 'fml:handshake' sequence 29
[23Sep2025 04:03:40.059] [Server thread/DEBUG] [net.minecraftforge.network.HandshakeHandler/FMLHANDSHAKE]: Sending ticking packet info 'Config pickupnotifier/pickupnotifier-server.toml' to 'fml:handshake' sequence 30
[23Sep2025 04:03:40.110] [Server thread/DEBUG] [net.minecraftforge.network.HandshakeHandler/FMLHANDSHAKE]: Sending ticking packet info 'Config jei-server.toml' to 'fml:handshake' sequence 31
[23Sep2025 04:03:40.159] [Server thread/DEBUG] [net.minecraftforge.network.HandshakeHandler/FMLHANDSHAKE]: Sending ticking packet info 'Config forge-server.toml' to 'fml:handshake' sequence 32
[23Sep2025 04:03:42.660] [Netty Epoll Server IO #6/DEBUG] [net.minecraftforge.network.LoginWrapper/FMLHANDSHAKE]: Recieved login wrapper packet event for channel fml:handshake with index 24
[23Sep2025 04:03:42.660] [Netty Epoll Server IO #6/DEBUG] [net.minecraftforge.network.HandshakeHandler/FMLHANDSHAKE]: Received client indexed reply 24 of type net.minecraftforge.network.HandshakeMessages$C2SAcknowledge
[23Sep2025 04:03:42.660] [Netty Epoll Server IO #6/DEBUG] [net.minecraftforge.network.HandshakeHandler/FMLHANDSHAKE]: Received acknowledgement from client
[23Sep2025 04:03:42.672] [Netty Epoll Server IO #6/DEBUG] [net.minecraftforge.network.LoginWrapper/FMLHANDSHAKE]: Recieved login wrapper packet event for channel fml:handshake with index 25
[23Sep2025 04:03:42.672] [Netty Epoll Server IO #6/DEBUG] [net.minecraftforge.network.HandshakeHandler/FMLHANDSHAKE]: Received client indexed reply 25 of type net.minecraftforge.network.HandshakeMessages$C2SAcknowledge
[23Sep2025 04:03:42.672] [Netty Epoll Server IO #6/DEBUG] [net.minecraftforge.network.HandshakeHandler/FMLHANDSHAKE]: Received acknowledgement from client
[23Sep2025 04:03:42.678] [Netty Epoll Server IO #6/DEBUG] [net.minecraftforge.network.LoginWrapper/FMLHANDSHAKE]: Recieved login wrapper packet event for channel fml:handshake with index 26
[23Sep2025 04:03:42.678] [Netty Epoll Server IO #6/DEBUG] [net.minecraftforge.network.HandshakeHandler/FMLHANDSHAKE]: Received client indexed reply 26 of type net.minecraftforge.network.HandshakeMessages$C2SAcknowledge
[23Sep2025 04:03:42.678] [Netty Epoll Server IO #6/DEBUG] [net.minecraftforge.network.HandshakeHandler/FMLHANDSHAKE]: Received acknowledgement from client
[23Sep2025 04:03:42.684] [Netty Epoll Server IO #6/DEBUG] [net.minecraftforge.network.LoginWrapper/FMLHANDSHAKE]: Recieved login wrapper packet event for channel fml:handshake with index 27
[23Sep2025 04:03:42.684] [Netty Epoll Server IO #6/DEBUG] [net.minecraftforge.network.HandshakeHandler/FMLHANDSHAKE]: Received client indexed reply 27 of type net.minecraftforge.network.HandshakeMessages$C2SAcknowledge
[23Sep2025 04:03:42.684] [Netty Epoll Server IO #6/DEBUG] [net.minecraftforge.network.HandshakeHandler/FMLHANDSHAKE]: Received acknowledgement from client
[23Sep2025 04:03:42.685] [Netty Epoll Server IO #6/DEBUG] [net.minecraftforge.network.LoginWrapper/FMLHANDSHAKE]: Recieved login wrapper packet event for channel fml:handshake with index 28
[23Sep2025 04:03:42.685] [Netty Epoll Server IO #6/DEBUG] [net.minecraftforge.network.HandshakeHandler/FMLHANDSHAKE]: Received client indexed reply 28 of type net.minecraftforge.network.HandshakeMessages$C2SAcknowledge
[23Sep2025 04:03:42.685] [Netty Epoll Server IO #6/DEBUG] [net.minecraftforge.network.HandshakeHandler/FMLHANDSHAKE]: Received acknowledgement from client
[23Sep2025 04:03:42.692] [Netty Epoll Server IO #6/DEBUG] [net.minecraftforge.network.LoginWrapper/FMLHANDSHAKE]: Recieved login wrapper packet event for channel fml:handshake with index 29
[23Sep2025 04:03:42.692] [Netty Epoll Server IO #6/DEBUG] [net.minecraftforge.network.HandshakeHandler/FMLHANDSHAKE]: Received client indexed reply 29 of type net.minecraftforge.network.HandshakeMessages$C2SAcknowledge
[23Sep2025 04:03:42.692] [Netty Epoll Server IO #6/DEBUG] [net.minecraftforge.network.HandshakeHandler/FMLHANDSHAKE]: Received acknowledgement from client
[23Sep2025 04:03:42.692] [Netty Epoll Server IO #6/DEBUG] [net.minecraftforge.network.LoginWrapper/FMLHANDSHAKE]: Recieved login wrapper packet event for channel fml:handshake with index 30
[23Sep2025 04:03:42.692] [Netty Epoll Server IO #6/DEBUG] [net.minecraftforge.network.HandshakeHandler/FMLHANDSHAKE]: Received client indexed reply 30 of type net.minecraftforge.network.HandshakeMessages$C2SAcknowledge
[23Sep2025 04:03:42.692] [Netty Epoll Server IO #6/DEBUG] [net.minecraftforge.network.HandshakeHandler/FMLHANDSHAKE]: Received acknowledgement from client
[23Sep2025 04:03:42.697] [Netty Epoll Server IO #6/DEBUG] [net.minecraftforge.network.LoginWrapper/FMLHANDSHAKE]: Recieved login wrapper packet event for channel fml:handshake with index 31
[23Sep2025 04:03:42.697] [Netty Epoll Server IO #6/DEBUG] [net.minecraftforge.network.HandshakeHandler/FMLHANDSHAKE]: Received client indexed reply 31 of type net.minecraftforge.network.HandshakeMessages$C2SAcknowledge
[23Sep2025 04:03:42.697] [Netty Epoll Server IO #6/DEBUG] [net.minecraftforge.network.HandshakeHandler/FMLHANDSHAKE]: Received acknowledgement from client
[23Sep2025 04:03:42.700] [Netty Epoll Server IO #6/DEBUG] [net.minecraftforge.network.LoginWrapper/FMLHANDSHAKE]: Recieved login wrapper packet event for channel fml:handshake with index 32
[23Sep2025 04:03:42.700] [Netty Epoll Server IO #6/DEBUG] [net.minecraftforge.network.HandshakeHandler/FMLHANDSHAKE]: Received client indexed reply 32 of type net.minecraftforge.network.HandshakeMessages$C2SAcknowledge
[23Sep2025 04:03:42.700] [Netty Epoll Server IO #6/DEBUG] [net.minecraftforge.network.HandshakeHandler/FMLHANDSHAKE]: Received acknowledgement from client
[23Sep2025 04:03:42.710] [Server thread/DEBUG] [net.minecraftforge.network.HandshakeHandler/FMLHANDSHAKE]: Handshake complete!
[23Sep2025 04:03:42.814] [Server thread/INFO] [net.minecraft.server.players.PlayerList/]: rexsel[/127.134.174.182:48613] logged in with entity id 904 at (-1436.9041433352352, -3.0, -259.69999998807907)
[23Sep2025 04:03:42.814] [Server thread/DEBUG] [net.minecraftforge.network.filters.NetworkFilters/]: Injected net.minecraftforge.network.filters.ForgeConnectionNetworkFilter@120a80b2 into net.minecraft.network.Connection@304bbcae
[23Sep2025 04:03:42.873] [Server thread/INFO] [net.minecraft.server.MinecraftServer/]: rexsel joined the game
[23Sep2025 04:03:42.880] [Server thread/INFO] [Jade/]: Syncing config to rexsel (66f48e46-47e6-339c-ac7f-625ad60c0307)
[23Sep2025 04:03:45.164] [Server thread/WARN] [net.minecraft.server.MinecraftServer/]: Can't keep up! Is the server overloaded? Running 2311ms or 46 ticks behind
[23Sep2025 04:03:45.361] [Server thread/DEBUG] [mixin/]: Mixing boat.VanillaInventoryCodeHooksMixin from securitycraft.mixins.json into net.minecraftforge.items.VanillaInventoryCodeHooks
[23Sep2025 04:03:45.361] [Server thread/DEBUG] [mixin/]: Renaming synthetic method lambda$securitycraft$callGetCapabilityForSecuritySeaBoat$0(Lnet/geforcemods/securitycraft/entity/SecuritySeaBoat;Lnet/minecraftforge/items/IItemHandler;)Lorg/apache/commons/lang3/tuple/Pair; to md242657$lambda$securitycraft$callGetCapabilityForSecuritySeaBoat$0$0 in securitycraft.mixins.json:boat.VanillaInventoryCodeHooksMixin
[23Sep2025 04:04:26.523] [Worker-Main-9/DEBUG] [mixin/]: Mixing gen.WorldGenRegionMixin from iceandfire.mixins.json into net.minecraft.server.level.WorldGenRegion
[23Sep2025 04:04:44.981] [Server thread/DEBUG] [Spartan Weaponry/]: Intercepted DamageSource.playerAttack() method!
[23Sep2025 04:04:44.984] [Server thread/DEBUG] [Spartan Weaponry/]: Intercepted EnchantmentHelper.getSweepingDamageRatio() method!
[23Sep2025 04:04:44.984] [Server thread/DEBUG] [Spartan Weaponry/]: Intercepted DamageSource.playerAttack() method!
[23Sep2025 04:04:44.984] [Server thread/DEBUG] [Spartan Weaponry/]: Intercepted DamageSource.playerAttack() method!
[23Sep2025 04:04:44.985] [Server thread/DEBUG] [Spartan Weaponry/]: Intercepted DamageSource.playerAttack() method!
[23Sep2025 04:04:44.985] [Server thread/DEBUG] [Spartan Weaponry/]: Intercepted DamageSource.playerAttack() method!
[23Sep2025 04:04:45.777] [Server thread/DEBUG] [Spartan Weaponry/]: Intercepted DamageSource.playerAttack() method!
[23Sep2025 04:04:45.786] [Server thread/DEBUG] [Spartan Weaponry/]: Intercepted EnchantmentHelper.getSweepingDamageRatio() method!
[23Sep2025 04:04:45.787] [Server thread/DEBUG] [Spartan Weaponry/]: Intercepted DamageSource.playerAttack() method!
[23Sep2025 04:04:45.787] [Server thread/DEBUG] [Spartan Weaponry/]: Intercepted DamageSource.playerAttack() method!
[23Sep2025 04:04:45.787] [Server thread/DEBUG] [Spartan Weaponry/]: Intercepted DamageSource.playerAttack() method!
[23Sep2025 04:04:45.787] [Server thread/DEBUG] [Spartan Weaponry/]: Intercepted DamageSource.playerAttack() method!
[23Sep2025 04:04:45.788] [Server thread/DEBUG] [Spartan Weaponry/]: Intercepted DamageSource.playerAttack() method!
[23Sep2025 04:04:45.788] [Server thread/DEBUG] [Spartan Weaponry/]: Intercepted DamageSource.playerAttack() method!
[23Sep2025 04:04:45.788] [Server thread/DEBUG] [Spartan Weaponry/]: Intercepted DamageSource.playerAttack() method!
[23Sep2025 04:04:46.680] [Server thread/DEBUG] [Spartan Weaponry/]: Intercepted DamageSource.playerAttack() method!
[23Sep2025 04:04:46.680] [Server thread/DEBUG] [Spartan Weaponry/]: Intercepted EnchantmentHelper.getSweepingDamageRatio() method!
[23Sep2025 04:04:46.680] [Server thread/DEBUG] [Spartan Weaponry/]: Intercepted DamageSource.playerAttack() method!
[23Sep2025 04:04:46.680] [Server thread/DEBUG] [Spartan Weaponry/]: Intercepted DamageSource.playerAttack() method!
[23Sep2025 04:04:46.680] [Server thread/DEBUG] [Spartan Weaponry/]: Intercepted DamageSource.playerAttack() method!
[23Sep2025 04:04:46.681] [Server thread/DEBUG] [Spartan Weaponry/]: Intercepted DamageSource.playerAttack() method!
[23Sep2025 04:04:46.681] [Server thread/DEBUG] [Spartan Weaponry/]: Intercepted DamageSource.playerAttack() method!
[23Sep2025 04:04:46.681] [Server thread/DEBUG] [Spartan Weaponry/]: Intercepted DamageSource.playerAttack() method!
[23Sep2025 04:04:46.681] [Server thread/DEBUG] [Spartan Weaponry/]: Intercepted DamageSource.playerAttack() method!
[23Sep2025 04:04:46.681] [Server thread/DEBUG] [Spartan Weaponry/]: Intercepted DamageSource.playerAttack() method!
[23Sep2025 04:04:46.681] [Server thread/DEBUG] [Spartan Weaponry/]: Intercepted DamageSource.playerAttack() method!
[23Sep2025 04:04:46.681] [Server thread/DEBUG] [Spartan Weaponry/]: Intercepted DamageSource.playerAttack() method!
[23Sep2025 04:04:47.551] [Server thread/DEBUG] [Spartan Weaponry/]: Intercepted DamageSource.playerAttack() method!
[23Sep2025 04:04:47.552] [Server thread/DEBUG] [Spartan Weaponry/]: Intercepted EnchantmentHelper.getSweepingDamageRatio() method!
[23Sep2025 04:04:47.552] [Server thread/DEBUG] [Spartan Weaponry/]: Intercepted DamageSource.playerAttack() method!
[23Sep2025 04:04:47.552] [Server thread/DEBUG] [Spartan Weaponry/]: Intercepted DamageSource.playerAttack() method!
[23Sep2025 04:04:47.552] [Server thread/DEBUG] [Spartan Weaponry/]: Intercepted DamageSource.playerAttack() method!
[23Sep2025 04:04:47.552] [Server thread/DEBUG] [Spartan Weaponry/]: Intercepted DamageSource.playerAttack() method!
[23Sep2025 04:04:47.553] [Server thread/DEBUG] [Spartan Weaponry/]: Intercepted DamageSource.playerAttack() method!
[23Sep2025 04:04:47.553] [Server thread/DEBUG] [Spartan Weaponry/]: Intercepted DamageSource.playerAttack() method!
[23Sep2025 04:04:47.553] [Server thread/DEBUG] [Spartan Weaponry/]: Intercepted DamageSource.playerAttack() method!
[23Sep2025 04:04:47.553] [Server thread/DEBUG] [Spartan Weaponry/]: Intercepted DamageSource.playerAttack() method!
[23Sep2025 04:04:47.553] [Server thread/DEBUG] [Spartan Weaponry/]: Intercepted DamageSource.playerAttack() method!
[23Sep2025 04:04:48.327] [Server thread/DEBUG] [Spartan Weaponry/]: Intercepted DamageSource.playerAttack() method!
[23Sep2025 04:04:48.329] [Server thread/DEBUG] [Spartan Weaponry/]: Intercepted EnchantmentHelper.getSweepingDamageRatio() method!
[23Sep2025 04:04:48.329] [Server thread/DEBUG] [Spartan Weaponry/]: Intercepted DamageSource.playerAttack() method!
[23Sep2025 04:04:48.329] [Server thread/DEBUG] [Spartan Weaponry/]: Intercepted DamageSource.playerAttack() method!
[23Sep2025 04:04:48.330] [Server thread/DEBUG] [Spartan Weaponry/]: Intercepted DamageSource.playerAttack() method!
[23Sep2025 04:04:48.330] [Server thread/DEBUG] [Spartan Weaponry/]: Intercepted DamageSource.playerAttack() method!
[23Sep2025 04:04:48.330] [Server thread/DEBUG] [Spartan Weaponry/]: Intercepted DamageSource.playerAttack() method!
[23Sep2025 04:04:48.330] [Server thread/DEBUG] [Spartan Weaponry/]: Intercepted DamageSource.playerAttack() method!
[23Sep2025 04:04:48.330] [Server thread/DEBUG] [Spartan Weaponry/]: Intercepted DamageSource.playerAttack() method!
[23Sep2025 04:04:48.330] [Server thread/DEBUG] [Spartan Weaponry/]: Intercepted DamageSource.playerAttack() method!
[23Sep2025 04:04:48.331] [Server thread/DEBUG] [Spartan Weaponry/]: Intercepted DamageSource.playerAttack() method!
[23Sep2025 04:04:49.121] [Server thread/DEBUG] [Spartan Weaponry/]: Intercepted DamageSource.playerAttack() method!
[23Sep2025 04:04:49.123] [Server thread/DEBUG] [Spartan Weaponry/]: Intercepted EnchantmentHelper.getSweepingDamageRatio() method!
[23Sep2025 04:04:49.123] [Server thread/DEBUG] [Spartan Weaponry/]: Intercepted DamageSource.playerAttack() method!
[23Sep2025 04:04:49.123] [Server thread/DEBUG] [Spartan Weaponry/]: Intercepted DamageSource.playerAttack() method!
[23Sep2025 04:04:49.123] [Server thread/DEBUG] [Spartan Weaponry/]: Intercepted DamageSource.playerAttack() method!
[23Sep2025 04:04:49.123] [Server thread/DEBUG] [Spartan Weaponry/]: Intercepted DamageSource.playerAttack() method!
[23Sep2025 04:04:49.123] [Server thread/DEBUG] [Spartan Weaponry/]: Intercepted DamageSource.playerAttack() method!
[23Sep2025 04:04:49.124] [Server thread/DEBUG] [Spartan Weaponry/]: Intercepted DamageSource.playerAttack() method!
[23Sep2025 04:04:49.124] [Server thread/DEBUG] [Spartan Weaponry/]: Intercepted DamageSource.playerAttack() method!
[23Sep2025 04:04:49.125] [Server thread/DEBUG] [Spartan Weaponry/]: Intercepted DamageSource.playerAttack() method!
[23Sep2025 04:04:49.125] [Server thread/DEBUG] [Spartan Weaponry/]: Intercepted DamageSource.playerAttack() method!
[23Sep2025 04:04:49.931] [Server thread/DEBUG] [Spartan Weaponry/]: Intercepted DamageSource.playerAttack() method!
[23Sep2025 04:04:49.933] [Server thread/DEBUG] [Spartan Weaponry/]: Intercepted EnchantmentHelper.getSweepingDamageRatio() method!
[23Sep2025 04:04:49.934] [Server thread/DEBUG] [Spartan Weaponry/]: Intercepted DamageSource.playerAttack() method!
[23Sep2025 04:04:49.934] [Server thread/DEBUG] [Spartan Weaponry/]: Intercepted DamageSource.playerAttack() method!
[23Sep2025 04:04:49.934] [Server thread/DEBUG] [Spartan Weaponry/]: Intercepted DamageSource.playerAttack() method!
[23Sep2025 04:04:49.934] [Server thread/DEBUG] [Spartan Weaponry/]: Intercepted DamageSource.playerAttack() method!
[23Sep2025 04:04:49.934] [Server thread/DEBUG] [Spartan Weaponry/]: Intercepted DamageSource.playerAttack() method!
[23Sep2025 04:04:49.935] [Server thread/DEBUG] [Spartan Weaponry/]: Intercepted DamageSource.playerAttack() method!
[23Sep2025 04:04:49.935] [Server thread/DEBUG] [Spartan Weaponry/]: Intercepted DamageSource.playerAttack() method!
[23Sep2025 04:04:49.935] [Server thread/DEBUG] [Spartan Weaponry/]: Intercepted DamageSource.playerAttack() method!
[23Sep2025 04:04:50.672] [Server thread/DEBUG] [Spartan Weaponry/]: Intercepted DamageSource.playerAttack() method!
[23Sep2025 04:04:50.674] [Server thread/DEBUG] [Spartan Weaponry/]: Intercepted EnchantmentHelper.getSweepingDamageRatio() method!
[23Sep2025 04:04:50.674] [Server thread/DEBUG] [Spartan Weaponry/]: Intercepted DamageSource.playerAttack() method!
[23Sep2025 04:04:50.674] [Server thread/DEBUG] [Spartan Weaponry/]: Intercepted DamageSource.playerAttack() method!
[23Sep2025 04:04:50.674] [Server thread/DEBUG] [Spartan Weaponry/]: Intercepted DamageSource.playerAttack() method!
[23Sep2025 04:04:50.675] [Server thread/DEBUG] [Spartan Weaponry/]: Intercepted DamageSource.playerAttack() method!
[23Sep2025 04:04:50.675] [Server thread/DEBUG] [Spartan Weaponry/]: Intercepted DamageSource.playerAttack() method!
[23Sep2025 04:04:50.675] [Server thread/DEBUG] [Spartan Weaponry/]: Intercepted DamageSource.playerAttack() method!
[23Sep2025 04:04:51.480] [Server thread/DEBUG] [Spartan Weaponry/]: Intercepted DamageSource.playerAttack() method!
[23Sep2025 04:04:51.481] [Server thread/DEBUG] [Spartan Weaponry/]: Intercepted EnchantmentHelper.getSweepingDamageRatio() method!
[23Sep2025 04:04:51.481] [Server thread/DEBUG] [Spartan Weaponry/]: Intercepted DamageSource.playerAttack() method!
[23Sep2025 04:04:51.481] [Server thread/DEBUG] [Spartan Weaponry/]: Intercepted DamageSource.playerAttack() method!
[23Sep2025 04:04:51.482] [Server thread/DEBUG] [Spartan Weaponry/]: Intercepted DamageSource.playerAttack() method!
[23Sep2025 04:04:51.482] [Server thread/DEBUG] [Spartan Weaponry/]: Intercepted DamageSource.playerAttack() method!
[23Sep2025 04:04:51.483] [Server thread/DEBUG] [Spartan Weaponry/]: Intercepted DamageSource.playerAttack() method!
[23Sep2025 04:04:52.199] [Server thread/DEBUG] [Spartan Weaponry/]: Intercepted DamageSource.playerAttack() method!
[23Sep2025 04:04:52.201] [Server thread/DEBUG] [Spartan Weaponry/]: Intercepted EnchantmentHelper.getSweepingDamageRatio() method!
[23Sep2025 04:04:52.201] [Server thread/DEBUG] [Spartan Weaponry/]: Intercepted DamageSource.playerAttack() method!
[23Sep2025 04:04:52.202] [Server thread/DEBUG] [Spartan Weaponry/]: Intercepted DamageSource.playerAttack() method!
[23Sep2025 04:04:52.202] [Server thread/DEBUG] [Spartan Weaponry/]: Intercepted DamageSource.playerAttack() method!
[23Sep2025 04:04:52.202] [Server thread/DEBUG] [Spartan Weaponry/]: Intercepted DamageSource.playerAttack() method!
[23Sep2025 04:04:52.977] [Server thread/DEBUG] [Spartan Weaponry/]: Intercepted DamageSource.playerAttack() method!
[23Sep2025 04:04:54.027] [Server thread/DEBUG] [Spartan Weaponry/]: Intercepted DamageSource.playerAttack() method!
[23Sep2025 04:04:54.029] [Server thread/DEBUG] [Spartan Weaponry/]: Intercepted EnchantmentHelper.getSweepingDamageRatio() method!
[23Sep2025 04:05:25.865] [Server thread/DEBUG] [net.minecraftforge.common.ForgeHooks/WP]: Gathering id map for writing to world save world
[23Sep2025 04:05:25.885] [Server thread/DEBUG] [net.minecraftforge.common.ForgeHooks/WP]: ID Map collection complete world
[23Sep2025 04:06:24.000] [Netty Epoll Server IO #2/DEBUG] [net.minecraftforge.network.HandshakeHandler/FMLHANDSHAKE]: Starting new modded impl connection. Found 33 messages to dispatch.
[23Sep2025 04:06:24.025] [Server thread/DEBUG] [net.minecraftforge.network.HandshakeHandler/FMLHANDSHAKE]: Sending ticking packet info 'net.minecraftforge.network.HandshakeMessages$S2CModData' to 'fml:handshake' sequence 0
[23Sep2025 04:06:24.074] [Server thread/DEBUG] [net.minecraftforge.network.HandshakeHandler/FMLHANDSHAKE]: Sending ticking packet info 'net.minecraftforge.network.HandshakeMessages$S2CModList' to 'fml:handshake' sequence 1
[23Sep2025 04:06:24.123] [Server thread/DEBUG] [net.minecraftforge.network.HandshakeHandler/FMLHANDSHAKE]: Sending ticking packet info 'Registry minecraft:command_argument_type' to 'fml:handshake' sequence 2
[23Sep2025 04:06:24.174] [Server thread/DEBUG] [net.minecraftforge.network.HandshakeHandler/FMLHANDSHAKE]: Sending ticking packet info 'Registry minecraft:recipe_serializer' to 'fml:handshake' sequence 3
[23Sep2025 04:06:24.223] [Server thread/DEBUG] [net.minecraftforge.network.HandshakeHandler/FMLHANDSHAKE]: Sending ticking packet info 'Registry minecraft:sound_event' to 'fml:handshake' sequence 4
[23Sep2025 04:06:24.272] [Server thread/DEBUG] [net.minecraftforge.network.HandshakeHandler/FMLHANDSHAKE]: Sending ticking packet info 'Registry minecraft:particle_type' to 'fml:handshake' sequence 5
[23Sep2025 04:06:24.326] [Server thread/DEBUG] [net.minecraftforge.network.HandshakeHandler/FMLHANDSHAKE]: Sending ticking packet info 'Registry minecraft:villager_profession' to 'fml:handshake' sequence 6
[23Sep2025 04:06:24.371] [Server thread/DEBUG] [net.minecraftforge.network.HandshakeHandler/FMLHANDSHAKE]: Sending ticking packet info 'Registry minecraft:item' to 'fml:handshake' sequence 7
[23Sep2025 04:06:24.423] [Server thread/DEBUG] [net.minecraftforge.network.HandshakeHandler/FMLHANDSHAKE]: Sending ticking packet info 'Registry minecraft:potion' to 'fml:handshake' sequence 8
[23Sep2025 04:06:24.477] [Server thread/DEBUG] [net.minecraftforge.network.HandshakeHandler/FMLHANDSHAKE]: Sending ticking packet info 'Registry minecraft:painting_variant' to 'fml:handshake' sequence 9
[23Sep2025 04:06:24.521] [Server thread/DEBUG] [net.minecraftforge.network.HandshakeHandler/FMLHANDSHAKE]: Sending ticking packet info 'Registry forge:fluid_type' to 'fml:handshake' sequence 10
[23Sep2025 04:06:24.574] [Server thread/DEBUG] [net.minecraftforge.network.HandshakeHandler/FMLHANDSHAKE]: Sending ticking packet info 'Registry minecraft:block_entity_type' to 'fml:handshake' sequence 11
[23Sep2025 04:06:24.627] [Server thread/DEBUG] [net.minecraftforge.network.HandshakeHandler/FMLHANDSHAKE]: Sending ticking packet info 'Registry forge:display_contexts' to 'fml:handshake' sequence 12
[23Sep2025 04:06:24.677] [Server thread/DEBUG] [net.minecraftforge.network.HandshakeHandler/FMLHANDSHAKE]: Sending ticking packet info 'Registry minecraft:block' to 'fml:handshake' sequence 13
[23Sep2025 04:06:24.723] [Server thread/DEBUG] [net.minecraftforge.network.HandshakeHandler/FMLHANDSHAKE]: Sending ticking packet info 'Registry spartanweaponry:oil_effects' to 'fml:handshake' sequence 14
[23Sep2025 04:06:24.773] [Server thread/DEBUG] [net.minecraftforge.network.HandshakeHandler/FMLHANDSHAKE]: Sending ticking packet info 'Registry forge:entity_data_serializers' to 'fml:handshake' sequence 15
[23Sep2025 04:06:24.823] [Server thread/DEBUG] [net.minecraftforge.network.HandshakeHandler/FMLHANDSHAKE]: Sending ticking packet info 'Registry spartanweaponry:weapon_traits' to 'fml:handshake' sequence 16
[23Sep2025 04:06:24.874] [Server thread/DEBUG] [net.minecraftforge.network.HandshakeHandler/FMLHANDSHAKE]: Sending ticking packet info 'Registry minecraft:mob_effect' to 'fml:handshake' sequence 17
[23Sep2025 04:06:24.921] [Server thread/DEBUG] [net.minecraftforge.network.HandshakeHandler/FMLHANDSHAKE]: Sending ticking packet info 'Registry minecraft:stat_type' to 'fml:handshake' sequence 18
[23Sep2025 04:06:24.975] [Server thread/DEBUG] [net.minecraftforge.network.HandshakeHandler/FMLHANDSHAKE]: Sending ticking packet info 'Registry superbwarfare:perk' to 'fml:handshake' sequence 19
[23Sep2025 04:06:25.024] [Server thread/DEBUG] [net.minecraftforge.network.HandshakeHandler/FMLHANDSHAKE]: Sending ticking packet info 'Registry tombstone:perks' to 'fml:handshake' sequence 20
[23Sep2025 04:06:25.079] [Server thread/DEBUG] [net.minecraftforge.network.HandshakeHandler/FMLHANDSHAKE]: Sending ticking packet info 'Registry minecraft:menu' to 'fml:handshake' sequence 21
[23Sep2025 04:06:25.123] [Server thread/DEBUG] [net.minecraftforge.network.HandshakeHandler/FMLHANDSHAKE]: Sending ticking packet info 'Registry minecraft:enchantment' to 'fml:handshake' sequence 22
[23Sep2025 04:06:25.174] [Server thread/DEBUG] [net.minecraftforge.network.HandshakeHandler/FMLHANDSHAKE]: Sending ticking packet info 'Registry minecraft:fluid' to 'fml:handshake' sequence 23
[23Sep2025 04:06:25.226] [Server thread/DEBUG] [net.minecraftforge.network.HandshakeHandler/FMLHANDSHAKE]: Sending ticking packet info 'Registry minecraft:entity_type' to 'fml:handshake' sequence 24
[23Sep2025 04:06:25.275] [Server thread/DEBUG] [net.minecraftforge.network.HandshakeHandler/FMLHANDSHAKE]: Sending ticking packet info 'Config securitycraft-server.toml' to 'fml:handshake' sequence 25
[23Sep2025 04:06:25.325] [Server thread/DEBUG] [net.minecraftforge.network.HandshakeHandler/FMLHANDSHAKE]: Sending ticking packet info 'Config superbwarfare-server.toml' to 'fml:handshake' sequence 26
[23Sep2025 04:06:25.372] [Server thread/DEBUG] [net.minecraftforge.network.HandshakeHandler/FMLHANDSHAKE]: Sending ticking packet info 'Config curios-server.toml' to 'fml:handshake' sequence 27
[23Sep2025 04:06:25.424] [Server thread/DEBUG] [net.minecraftforge.network.HandshakeHandler/FMLHANDSHAKE]: Sending ticking packet info 'Config tombstone-server.toml' to 'fml:handshake' sequence 28
[23Sep2025 04:06:25.473] [Server thread/DEBUG] [net.minecraftforge.network.HandshakeHandler/FMLHANDSHAKE]: Sending ticking packet info 'Config sophisticatedbackpacks-server.toml' to 'fml:handshake' sequence 29
[23Sep2025 04:06:25.525] [Server thread/DEBUG] [net.minecraftforge.network.HandshakeHandler/FMLHANDSHAKE]: Sending ticking packet info 'Config pickupnotifier/pickupnotifier-server.toml' to 'fml:handshake' sequence 30
[23Sep2025 04:06:25.570] [Server thread/DEBUG] [net.minecraftforge.network.HandshakeHandler/FMLHANDSHAKE]: Sending ticking packet info 'Config jei-server.toml' to 'fml:handshake' sequence 31
[23Sep2025 04:06:25.624] [Server thread/DEBUG] [net.minecraftforge.network.HandshakeHandler/FMLHANDSHAKE]: Sending ticking packet info 'Config forge-server.toml' to 'fml:handshake' sequence 32
[23Sep2025 04:06:43.123] [Netty Epoll Server IO #3/DEBUG] [net.minecraftforge.network.HandshakeHandler/FMLHANDSHAKE]: Starting new modded impl connection. Found 33 messages to dispatch.
[23Sep2025 04:06:43.128] [Server thread/DEBUG] [net.minecraftforge.network.HandshakeHandler/FMLHANDSHAKE]: Sending ticking packet info 'net.minecraftforge.network.HandshakeMessages$S2CModData' to 'fml:handshake' sequence 0
[23Sep2025 04:06:43.172] [Server thread/DEBUG] [net.minecraftforge.network.HandshakeHandler/FMLHANDSHAKE]: Sending ticking packet info 'net.minecraftforge.network.HandshakeMessages$S2CModList' to 'fml:handshake' sequence 1
[23Sep2025 04:06:43.225] [Server thread/DEBUG] [net.minecraftforge.network.HandshakeHandler/FMLHANDSHAKE]: Sending ticking packet info 'Registry minecraft:command_argument_type' to 'fml:handshake' sequence 2
[23Sep2025 04:06:43.274] [Server thread/DEBUG] [net.minecraftforge.network.HandshakeHandler/FMLHANDSHAKE]: Sending ticking packet info 'Registry minecraft:recipe_serializer' to 'fml:handshake' sequence 3
[23Sep2025 04:06:43.323] [Server thread/DEBUG] [net.minecraftforge.network.HandshakeHandler/FMLHANDSHAKE]: Sending ticking packet info 'Registry minecraft:sound_event' to 'fml:handshake' sequence 4
[23Sep2025 04:06:43.372] [Server thread/DEBUG] [net.minecraftforge.network.HandshakeHandler/FMLHANDSHAKE]: Sending ticking packet info 'Registry minecraft:particle_type' to 'fml:handshake' sequence 5
[23Sep2025 04:06:43.425] [Server thread/DEBUG] [net.minecraftforge.network.HandshakeHandler/FMLHANDSHAKE]: Sending ticking packet info 'Registry minecraft:villager_profession' to 'fml:handshake' sequence 6
[23Sep2025 04:06:43.472] [Server thread/DEBUG] [net.minecraftforge.network.HandshakeHandler/FMLHANDSHAKE]: Sending ticking packet info 'Registry minecraft:item' to 'fml:handshake' sequence 7
[23Sep2025 04:06:43.514] [Netty Epoll Server IO #3/DEBUG] [net.minecraftforge.network.LoginWrapper/FMLHANDSHAKE]: Recieved login wrapper packet event for channel fml:handshake with index 1
[23Sep2025 04:06:43.514] [Netty Epoll Server IO #3/DEBUG] [net.minecraftforge.network.HandshakeHandler/FMLHANDSHAKE]: Received client indexed reply 1 of type net.minecraftforge.network.HandshakeMessages$C2SModListReply
[23Sep2025 04:06:43.514] [Netty Epoll Server IO #3/DEBUG] [net.minecraftforge.network.HandshakeHandler/FMLHANDSHAKE]: Received client connection with modlist [minecraft, farmersdelight, jade, butcher, geckolib, jei, goblintraders, kotlinforforge, sophisticatedcore, curios, spartanshields, xaerominimap, xaeroworldmap, citadel, alexsmobs, securitycraft, mixinextras, tombstone, sophisticatedbackpacks, spartanweaponry, superbwarfare, pickupnotifier, iceandfire, puzzleslib, framework, fallingtree, puzzlesaccessapi, forge, appleskin, ingotcraft, tlskincape]
[23Sep2025 04:06:43.514] [Netty Epoll Server IO #3/DEBUG] [net.minecraftforge.network.NetworkRegistry/NETREGISTRY]: Channel 'jei:channel' : Version test of '1.0.0' from client : ACCEPTED
[23Sep2025 04:06:43.514] [Netty Epoll Server IO #3/DEBUG] [net.minecraftforge.network.NetworkRegistry/NETREGISTRY]: Channel 'minecraft:unregister' : Version test of 'FML3' from client : ACCEPTED
[23Sep2025 04:06:43.514] [Netty Epoll Server IO #3/DEBUG] [net.minecraftforge.network.NetworkRegistry/NETREGISTRY]: Channel 'sophisticatedbackpacks:channel' : Version test of '1' from client : ACCEPTED
[23Sep2025 04:06:43.514] [Netty Epoll Server IO #3/DEBUG] [net.minecraftforge.network.NetworkRegistry/NETREGISTRY]: Channel 'citadel:main_channel' : Version test of '1' from client : ACCEPTED
[23Sep2025 04:06:43.514] [Netty Epoll Server IO #3/DEBUG] [net.minecraftforge.network.NetworkRegistry/NETREGISTRY]: Channel 'puzzleslib:1' : Version test of '1' from client : ACCEPTED
[23Sep2025 04:06:43.514] [Netty Epoll Server IO #3/DEBUG] [net.minecraftforge.network.NetworkRegistry/NETREGISTRY]: Channel 'securitycraft:securitycraft' : Version test of 'v1.10.0.1' from client : ACCEPTED
[23Sep2025 04:06:43.514] [Netty Epoll Server IO #3/DEBUG] [net.minecraftforge.network.NetworkRegistry/NETREGISTRY]: Channel 'iceandfire:main_channel' : Version test of '1' from client : ACCEPTED
[23Sep2025 04:06:43.514] [Netty Epoll Server IO #3/DEBUG] [net.minecraftforge.network.NetworkRegistry/NETREGISTRY]: Channel 'framework:play' : Version test of '1' from client : ACCEPTED
[23Sep2025 04:06:43.514] [Netty Epoll Server IO #3/DEBUG] [net.minecraftforge.network.NetworkRegistry/NETREGISTRY]: Channel 'fallingtree:main' : Version test of '1' from client : ACCEPTED
[23Sep2025 04:06:43.514] [Netty Epoll Server IO #3/DEBUG] [net.minecraftforge.network.NetworkRegistry/NETREGISTRY]: Channel 'curios:main' : Version test of '1' from client : ACCEPTED
[23Sep2025 04:06:43.514] [Netty Epoll Server IO #3/DEBUG] [net.minecraftforge.network.NetworkRegistry/NETREGISTRY]: Channel 'framework:handshake' : Version test of '1' from client : ACCEPTED
[23Sep2025 04:06:43.514] [Netty Epoll Server IO #3/DEBUG] [net.minecraftforge.network.NetworkRegistry/NETREGISTRY]: Channel 'fml:loginwrapper' : Version test of 'FML3' from client : ACCEPTED
[23Sep2025 04:06:43.514] [Netty Epoll Server IO #3/DEBUG] [net.minecraftforge.network.NetworkRegistry/NETREGISTRY]: Channel 'forge:tier_sorting' : Version test of '1.0' from client : ACCEPTED
[23Sep2025 04:06:43.514] [Netty Epoll Server IO #3/DEBUG] [net.minecraftforge.network.NetworkRegistry/NETREGISTRY]: Channel 'spartanshields:network' : Version test of '1' from client : ACCEPTED
[23Sep2025 04:06:43.514] [Netty Epoll Server IO #3/DEBUG] [net.minecraftforge.network.NetworkRegistry/NETREGISTRY]: Channel 'alexsmobs:main_channel' : Version test of '1' from client : ACCEPTED
[23Sep2025 04:06:43.514] [Netty Epoll Server IO #3/DEBUG] [net.minecraftforge.network.NetworkRegistry/NETREGISTRY]: Channel 'tombstone:tombstone_channel' : Version test of 'tombstone-9.0.9' from client : ACCEPTED
[23Sep2025 04:06:43.514] [Netty Epoll Server IO #3/DEBUG] [net.minecraftforge.network.NetworkRegistry/NETREGISTRY]: Channel 'fml:play' : Version test of 'FML3' from client : ACCEPTED
[23Sep2025 04:06:43.514] [Netty Epoll Server IO #3/DEBUG] [net.minecraftforge.network.NetworkRegistry/NETREGISTRY]: Channel 'pickupnotifier:1' : Version test of '1' from client : ACCEPTED
[23Sep2025 04:06:43.515] [Netty Epoll Server IO #3/DEBUG] [net.minecraftforge.network.NetworkRegistry/NETREGISTRY]: Channel 'sophisticatedcore:channel' : Version test of '1' from client : ACCEPTED
[23Sep2025 04:06:43.515] [Netty Epoll Server IO #3/DEBUG] [net.minecraftforge.network.NetworkRegistry/NETREGISTRY]: Channel 'fml:handshake' : Version test of 'FML3' from client : ACCEPTED
[23Sep2025 04:06:43.515] [Netty Epoll Server IO #3/DEBUG] [net.minecraftforge.network.NetworkRegistry/NETREGISTRY]: Channel 'spartanweaponry:network' : Version test of '1' from client : ACCEPTED
[23Sep2025 04:06:43.515] [Netty Epoll Server IO #3/DEBUG] [net.minecraftforge.network.NetworkRegistry/NETREGISTRY]: Channel 'minecraft:register' : Version test of 'FML3' from client : ACCEPTED
[23Sep2025 04:06:43.515] [Netty Epoll Server IO #3/DEBUG] [net.minecraftforge.network.NetworkRegistry/NETREGISTRY]: Channel 'forge:split' : Version test of '1.1' from client : ACCEPTED
[23Sep2025 04:06:43.515] [Netty Epoll Server IO #3/DEBUG] [net.minecraftforge.network.NetworkRegistry/NETREGISTRY]: Channel 'superbwarfare:superbwarfare' : Version test of '1' from client : ACCEPTED
[23Sep2025 04:06:43.515] [Netty Epoll Server IO #3/DEBUG] [net.minecraftforge.network.NetworkRegistry/NETREGISTRY]: Channel 'butcher:butcher' : Version test of '1' from client : ACCEPTED
[23Sep2025 04:06:43.515] [Netty Epoll Server IO #3/DEBUG] [net.minecraftforge.network.NetworkRegistry/NETREGISTRY]: Channel 'geckolib:main' : Version test of '1' from client : ACCEPTED
[23Sep2025 04:06:43.515] [Netty Epoll Server IO #3/DEBUG] [net.minecraftforge.network.NetworkRegistry/NETREGISTRY]: Channel 'jade:networking' : Version test of '2' from client : ACCEPTED
[23Sep2025 04:06:43.515] [Netty Epoll Server IO #3/DEBUG] [net.minecraftforge.network.NetworkRegistry/NETREGISTRY]: Accepting channel list from client
[23Sep2025 04:06:43.515] [Netty Epoll Server IO #3/DEBUG] [net.minecraftforge.network.HandshakeHandler/FMLHANDSHAKE]: Accepted client connection mod list
[23Sep2025 04:06:43.525] [Server thread/DEBUG] [net.minecraftforge.network.HandshakeHandler/FMLHANDSHAKE]: Sending ticking packet info 'Registry minecraft:potion' to 'fml:handshake' sequence 8
[23Sep2025 04:06:43.568] [Netty Epoll Server IO #3/DEBUG] [net.minecraftforge.network.LoginWrapper/FMLHANDSHAKE]: Recieved login wrapper packet event for channel fml:handshake with index 2
[23Sep2025 04:06:43.568] [Netty Epoll Server IO #3/DEBUG] [net.minecraftforge.network.HandshakeHandler/FMLHANDSHAKE]: Received client indexed reply 2 of type net.minecraftforge.network.HandshakeMessages$C2SAcknowledge
[23Sep2025 04:06:43.568] [Netty Epoll Server IO #3/DEBUG] [net.minecraftforge.network.HandshakeHandler/FMLHANDSHAKE]: Received acknowledgement from client
[23Sep2025 04:06:43.575] [Server thread/DEBUG] [net.minecraftforge.network.HandshakeHandler/FMLHANDSHAKE]: Sending ticking packet info 'Registry minecraft:painting_variant' to 'fml:handshake' sequence 9
[23Sep2025 04:06:43.615] [Netty Epoll Server IO #3/DEBUG] [net.minecraftforge.network.LoginWrapper/FMLHANDSHAKE]: Recieved login wrapper packet event for channel fml:handshake with index 3
[23Sep2025 04:06:43.615] [Netty Epoll Server IO #3/DEBUG] [net.minecraftforge.network.HandshakeHandler/FMLHANDSHAKE]: Received client indexed reply 3 of type net.minecraftforge.network.HandshakeMessages$C2SAcknowledge
[23Sep2025 04:06:43.615] [Netty Epoll Server IO #3/DEBUG] [net.minecraftforge.network.HandshakeHandler/FMLHANDSHAKE]: Received acknowledgement from client
[23Sep2025 04:06:43.625] [Server thread/DEBUG] [net.minecraftforge.network.HandshakeHandler/FMLHANDSHAKE]: Sending ticking packet info 'Registry forge:fluid_type' to 'fml:handshake' sequence 10
[23Sep2025 04:06:43.672] [Server thread/DEBUG] [net.minecraftforge.network.HandshakeHandler/FMLHANDSHAKE]: Sending ticking packet info 'Registry minecraft:block_entity_type' to 'fml:handshake' sequence 11
[23Sep2025 04:06:43.723] [Server thread/DEBUG] [net.minecraftforge.network.HandshakeHandler/FMLHANDSHAKE]: Sending ticking packet info 'Registry forge:display_contexts' to 'fml:handshake' sequence 12
[23Sep2025 04:06:43.776] [Server thread/DEBUG] [net.minecraftforge.network.HandshakeHandler/FMLHANDSHAKE]: Sending ticking packet info 'Registry minecraft:block' to 'fml:handshake' sequence 13
[23Sep2025 04:06:43.821] [Server thread/DEBUG] [net.minecraftforge.network.HandshakeHandler/FMLHANDSHAKE]: Sending ticking packet info 'Registry spartanweaponry:oil_effects' to 'fml:handshake' sequence 14
[23Sep2025 04:06:43.876] [Server thread/DEBUG] [net.minecraftforge.network.HandshakeHandler/FMLHANDSHAKE]: Sending ticking packet info 'Registry forge:entity_data_serializers' to 'fml:handshake' sequence 15
[23Sep2025 04:06:43.927] [Server thread/DEBUG] [net.minecraftforge.network.HandshakeHandler/FMLHANDSHAKE]: Sending ticking packet info 'Registry spartanweaponry:weapon_traits' to 'fml:handshake' sequence 16
[23Sep2025 04:06:43.972] [Server thread/DEBUG] [net.minecraftforge.network.HandshakeHandler/FMLHANDSHAKE]: Sending ticking packet info 'Registry minecraft:mob_effect' to 'fml:handshake' sequence 17
[23Sep2025 04:06:44.021] [Server thread/DEBUG] [net.minecraftforge.network.HandshakeHandler/FMLHANDSHAKE]: Sending ticking packet info 'Registry minecraft:stat_type' to 'fml:handshake' sequence 18
[23Sep2025 04:06:44.075] [Server thread/DEBUG] [net.minecraftforge.network.HandshakeHandler/FMLHANDSHAKE]: Sending ticking packet info 'Registry superbwarfare:perk' to 'fml:handshake' sequence 19
[23Sep2025 04:06:44.121] [Server thread/DEBUG] [net.minecraftforge.network.HandshakeHandler/FMLHANDSHAKE]: Sending ticking packet info 'Registry tombstone:perks' to 'fml:handshake' sequence 20
[23Sep2025 04:06:44.175] [Server thread/DEBUG] [net.minecraftforge.network.HandshakeHandler/FMLHANDSHAKE]: Sending ticking packet info 'Registry minecraft:menu' to 'fml:handshake' sequence 21
[23Sep2025 04:06:44.220] [Server thread/DEBUG] [net.minecraftforge.network.HandshakeHandler/FMLHANDSHAKE]: Sending ticking packet info 'Registry minecraft:enchantment' to 'fml:handshake' sequence 22
[23Sep2025 04:06:44.272] [Server thread/DEBUG] [net.minecraftforge.network.HandshakeHandler/FMLHANDSHAKE]: Sending ticking packet info 'Registry minecraft:fluid' to 'fml:handshake' sequence 23
[23Sep2025 04:06:44.323] [Server thread/DEBUG] [net.minecraftforge.network.HandshakeHandler/FMLHANDSHAKE]: Sending ticking packet info 'Registry minecraft:entity_type' to 'fml:handshake' sequence 24
[23Sep2025 04:06:44.338] [Netty Epoll Server IO #3/DEBUG] [net.minecraftforge.network.LoginWrapper/FMLHANDSHAKE]: Recieved login wrapper packet event for channel fml:handshake with index 4
[23Sep2025 04:06:44.338] [Netty Epoll Server IO #3/DEBUG] [net.minecraftforge.network.HandshakeHandler/FMLHANDSHAKE]: Received client indexed reply 4 of type net.minecraftforge.network.HandshakeMessages$C2SAcknowledge
[23Sep2025 04:06:44.338] [Netty Epoll Server IO #3/DEBUG] [net.minecraftforge.network.HandshakeHandler/FMLHANDSHAKE]: Received acknowledgement from client
[23Sep2025 04:06:44.373] [Server thread/DEBUG] [net.minecraftforge.network.HandshakeHandler/FMLHANDSHAKE]: Sending ticking packet info 'Config securitycraft-server.toml' to 'fml:handshake' sequence 25
[23Sep2025 04:06:44.426] [Server thread/DEBUG] [net.minecraftforge.network.HandshakeHandler/FMLHANDSHAKE]: Sending ticking packet info 'Config superbwarfare-server.toml' to 'fml:handshake' sequence 26
[23Sep2025 04:06:44.476] [Server thread/DEBUG] [net.minecraftforge.network.HandshakeHandler/FMLHANDSHAKE]: Sending ticking packet info 'Config curios-server.toml' to 'fml:handshake' sequence 27
[23Sep2025 04:06:44.481] [Netty Epoll Server IO #3/DEBUG] [net.minecraftforge.network.LoginWrapper/FMLHANDSHAKE]: Recieved login wrapper packet event for channel fml:handshake with index 5
[23Sep2025 04:06:44.482] [Netty Epoll Server IO #3/DEBUG] [net.minecraftforge.network.HandshakeHandler/FMLHANDSHAKE]: Received client indexed reply 5 of type net.minecraftforge.network.HandshakeMessages$C2SAcknowledge
[23Sep2025 04:06:44.482] [Netty Epoll Server IO #3/DEBUG] [net.minecraftforge.network.HandshakeHandler/FMLHANDSHAKE]: Received acknowledgement from client
[23Sep2025 04:06:44.482] [Netty Epoll Server IO #3/DEBUG] [net.minecraftforge.network.LoginWrapper/FMLHANDSHAKE]: Recieved login wrapper packet event for channel fml:handshake with index 6
[23Sep2025 04:06:44.482] [Netty Epoll Server IO #3/DEBUG] [net.minecraftforge.network.HandshakeHandler/FMLHANDSHAKE]: Received client indexed reply 6 of type net.minecraftforge.network.HandshakeMessages$C2SAcknowledge
[23Sep2025 04:06:44.482] [Netty Epoll Server IO #3/DEBUG] [net.minecraftforge.network.HandshakeHandler/FMLHANDSHAKE]: Received acknowledgement from client
[23Sep2025 04:06:44.528] [Server thread/DEBUG] [net.minecraftforge.network.HandshakeHandler/FMLHANDSHAKE]: Sending ticking packet info 'Config tombstone-server.toml' to 'fml:handshake' sequence 28
[23Sep2025 04:06:44.570] [Server thread/DEBUG] [net.minecraftforge.network.HandshakeHandler/FMLHANDSHAKE]: Sending ticking packet info 'Config sophisticatedbackpacks-server.toml' to 'fml:handshake' sequence 29
[23Sep2025 04:06:44.623] [Server thread/DEBUG] [net.minecraftforge.network.HandshakeHandler/FMLHANDSHAKE]: Sending ticking packet info 'Config pickupnotifier/pickupnotifier-server.toml' to 'fml:handshake' sequence 30
[23Sep2025 04:06:44.705] [Server thread/DEBUG] [net.minecraftforge.network.HandshakeHandler/FMLHANDSHAKE]: Sending ticking packet info 'Config jei-server.toml' to 'fml:handshake' sequence 31
[23Sep2025 04:06:44.726] [Server thread/DEBUG] [net.minecraftforge.network.HandshakeHandler/FMLHANDSHAKE]: Sending ticking packet info 'Config forge-server.toml' to 'fml:handshake' sequence 32
[23Sep2025 04:06:44.920] [Netty Epoll Server IO #3/DEBUG] [net.minecraftforge.network.LoginWrapper/FMLHANDSHAKE]: Recieved login wrapper packet event for channel fml:handshake with index 7
[23Sep2025 04:06:44.920] [Netty Epoll Server IO #3/DEBUG] [net.minecraftforge.network.HandshakeHandler/FMLHANDSHAKE]: Received client indexed reply 7 of type net.minecraftforge.network.HandshakeMessages$C2SAcknowledge
[23Sep2025 04:06:44.920] [Netty Epoll Server IO #3/DEBUG] [net.minecraftforge.network.HandshakeHandler/FMLHANDSHAKE]: Received acknowledgement from client
[23Sep2025 04:06:44.921] [Netty Epoll Server IO #3/DEBUG] [net.minecraftforge.network.LoginWrapper/FMLHANDSHAKE]: Recieved login wrapper packet event for channel fml:handshake with index 8
[23Sep2025 04:06:44.921] [Netty Epoll Server IO #3/DEBUG] [net.minecraftforge.network.HandshakeHandler/FMLHANDSHAKE]: Received client indexed reply 8 of type net.minecraftforge.network.HandshakeMessages$C2SAcknowledge
[23Sep2025 04:06:44.921] [Netty Epoll Server IO #3/DEBUG] [net.minecraftforge.network.HandshakeHandler/FMLHANDSHAKE]: Received acknowledgement from client
[23Sep2025 04:06:44.921] [Netty Epoll Server IO #3/DEBUG] [net.minecraftforge.network.LoginWrapper/FMLHANDSHAKE]: Recieved login wrapper packet event for channel fml:handshake with index 9
[23Sep2025 04:06:44.921] [Netty Epoll Server IO #3/DEBUG] [net.minecraftforge.network.HandshakeHandler/FMLHANDSHAKE]: Received client indexed reply 9 of type net.minecraftforge.network.HandshakeMessages$C2SAcknowledge
[23Sep2025 04:06:44.921] [Netty Epoll Server IO #3/DEBUG] [net.minecraftforge.network.HandshakeHandler/FMLHANDSHAKE]: Received acknowledgement from client
[23Sep2025 04:06:44.921] [Netty Epoll Server IO #3/DEBUG] [net.minecraftforge.network.LoginWrapper/FMLHANDSHAKE]: Recieved login wrapper packet event for channel fml:handshake with index 10
[23Sep2025 04:06:44.921] [Netty Epoll Server IO #3/DEBUG] [net.minecraftforge.network.HandshakeHandler/FMLHANDSHAKE]: Received client indexed reply 10 of type net.minecraftforge.network.HandshakeMessages$C2SAcknowledge
[23Sep2025 04:06:44.921] [Netty Epoll Server IO #3/DEBUG] [net.minecraftforge.network.HandshakeHandler/FMLHANDSHAKE]: Received acknowledgement from client
[23Sep2025 04:06:44.922] [Netty Epoll Server IO #3/DEBUG] [net.minecraftforge.network.LoginWrapper/FMLHANDSHAKE]: Recieved login wrapper packet event for channel fml:handshake with index 11
[23Sep2025 04:06:44.922] [Netty Epoll Server IO #3/DEBUG] [net.minecraftforge.network.HandshakeHandler/FMLHANDSHAKE]: Received client indexed reply 11 of type net.minecraftforge.network.HandshakeMessages$C2SAcknowledge
[23Sep2025 04:06:44.922] [Netty Epoll Server IO #3/DEBUG] [net.minecraftforge.network.HandshakeHandler/FMLHANDSHAKE]: Received acknowledgement from client
[23Sep2025 04:06:44.922] [Netty Epoll Server IO #3/DEBUG] [net.minecraftforge.network.LoginWrapper/FMLHANDSHAKE]: Recieved login wrapper packet event for channel fml:handshake with index 12
[23Sep2025 04:06:44.922] [Netty Epoll Server IO #3/DEBUG] [net.minecraftforge.network.HandshakeHandler/FMLHANDSHAKE]: Received client indexed reply 12 of type net.minecraftforge.network.HandshakeMessages$C2SAcknowledge
[23Sep2025 04:06:44.922] [Netty Epoll Server IO #3/DEBUG] [net.minecraftforge.network.HandshakeHandler/FMLHANDSHAKE]: Received acknowledgement from client
[23Sep2025 04:06:45.013] [Netty Epoll Server IO #3/DEBUG] [net.minecraftforge.network.LoginWrapper/FMLHANDSHAKE]: Recieved login wrapper packet event for channel fml:handshake with index 13
[23Sep2025 04:06:45.014] [Netty Epoll Server IO #3/DEBUG] [net.minecraftforge.network.HandshakeHandler/FMLHANDSHAKE]: Received client indexed reply 13 of type net.minecraftforge.network.HandshakeMessages$C2SAcknowledge
[23Sep2025 04:06:45.014] [Netty Epoll Server IO #3/DEBUG] [net.minecraftforge.network.HandshakeHandler/FMLHANDSHAKE]: Received acknowledgement from client
[23Sep2025 04:06:45.015] [Netty Epoll Server IO #3/DEBUG] [net.minecraftforge.network.LoginWrapper/FMLHANDSHAKE]: Recieved login wrapper packet event for channel fml:handshake with index 14
[23Sep2025 04:06:45.015] [Netty Epoll Server IO #3/DEBUG] [net.minecraftforge.network.HandshakeHandler/FMLHANDSHAKE]: Received client indexed reply 14 of type net.minecraftforge.network.HandshakeMessages$C2SAcknowledge
[23Sep2025 04:06:45.015] [Netty Epoll Server IO #3/DEBUG] [net.minecraftforge.network.HandshakeHandler/FMLHANDSHAKE]: Received acknowledgement from client
[23Sep2025 04:06:45.015] [Netty Epoll Server IO #3/DEBUG] [net.minecraftforge.network.LoginWrapper/FMLHANDSHAKE]: Recieved login wrapper packet event for channel fml:handshake with index 15
[23Sep2025 04:06:45.015] [Netty Epoll Server IO #3/DEBUG] [net.minecraftforge.network.HandshakeHandler/FMLHANDSHAKE]: Received client indexed reply 15 of type net.minecraftforge.network.HandshakeMessages$C2SAcknowledge
[23Sep2025 04:06:45.015] [Netty Epoll Server IO #3/DEBUG] [net.minecraftforge.network.HandshakeHandler/FMLHANDSHAKE]: Received acknowledgement from client
[23Sep2025 04:06:45.015] [Netty Epoll Server IO #3/DEBUG] [net.minecraftforge.network.LoginWrapper/FMLHANDSHAKE]: Recieved login wrapper packet event for channel fml:handshake with index 16
[23Sep2025 04:06:45.015] [Netty Epoll Server IO #3/DEBUG] [net.minecraftforge.network.HandshakeHandler/FMLHANDSHAKE]: Received client indexed reply 16 of type net.minecraftforge.network.HandshakeMessages$C2SAcknowledge
[23Sep2025 04:06:45.015] [Netty Epoll Server IO #3/DEBUG] [net.minecraftforge.network.HandshakeHandler/FMLHANDSHAKE]: Received acknowledgement from client
[23Sep2025 04:06:45.015] [Netty Epoll Server IO #3/DEBUG] [net.minecraftforge.network.LoginWrapper/FMLHANDSHAKE]: Recieved login wrapper packet event for channel fml:handshake with index 17
[23Sep2025 04:06:45.015] [Netty Epoll Server IO #3/DEBUG] [net.minecraftforge.network.HandshakeHandler/FMLHANDSHAKE]: Received client indexed reply 17 of type net.minecraftforge.network.HandshakeMessages$C2SAcknowledge
[23Sep2025 04:06:45.015] [Netty Epoll Server IO #3/DEBUG] [net.minecraftforge.network.HandshakeHandler/FMLHANDSHAKE]: Received acknowledgement from client
[23Sep2025 04:06:45.015] [Netty Epoll Server IO #3/DEBUG] [net.minecraftforge.network.LoginWrapper/FMLHANDSHAKE]: Recieved login wrapper packet event for channel fml:handshake with index 18
[23Sep2025 04:06:45.015] [Netty Epoll Server IO #3/DEBUG] [net.minecraftforge.network.HandshakeHandler/FMLHANDSHAKE]: Received client indexed reply 18 of type net.minecraftforge.network.HandshakeMessages$C2SAcknowledge
[23Sep2025 04:06:45.015] [Netty Epoll Server IO #3/DEBUG] [net.minecraftforge.network.HandshakeHandler/FMLHANDSHAKE]: Received acknowledgement from client
[23Sep2025 04:06:45.015] [Netty Epoll Server IO #3/DEBUG] [net.minecraftforge.network.LoginWrapper/FMLHANDSHAKE]: Recieved login wrapper packet event for channel fml:handshake with index 19
[23Sep2025 04:06:45.015] [Netty Epoll Server IO #3/DEBUG] [net.minecraftforge.network.HandshakeHandler/FMLHANDSHAKE]: Received client indexed reply 19 of type net.minecraftforge.network.HandshakeMessages$C2SAcknowledge
[23Sep2025 04:06:45.016] [Netty Epoll Server IO #3/DEBUG] [net.minecraftforge.network.HandshakeHandler/FMLHANDSHAKE]: Received acknowledgement from client
[23Sep2025 04:06:45.016] [Netty Epoll Server IO #3/DEBUG] [net.minecraftforge.network.LoginWrapper/FMLHANDSHAKE]: Recieved login wrapper packet event for channel fml:handshake with index 20
[23Sep2025 04:06:45.016] [Netty Epoll Server IO #3/DEBUG] [net.minecraftforge.network.HandshakeHandler/FMLHANDSHAKE]: Received client indexed reply 20 of type net.minecraftforge.network.HandshakeMessages$C2SAcknowledge
[23Sep2025 04:06:45.016] [Netty Epoll Server IO #3/DEBUG] [net.minecraftforge.network.HandshakeHandler/FMLHANDSHAKE]: Received acknowledgement from client
[23Sep2025 04:06:45.016] [Netty Epoll Server IO #3/DEBUG] [net.minecraftforge.network.LoginWrapper/FMLHANDSHAKE]: Recieved login wrapper packet event for channel fml:handshake with index 21
[23Sep2025 04:06:45.016] [Netty Epoll Server IO #3/DEBUG] [net.minecraftforge.network.HandshakeHandler/FMLHANDSHAKE]: Received client indexed reply 21 of type net.minecraftforge.network.HandshakeMessages$C2SAcknowledge
[23Sep2025 04:06:45.016] [Netty Epoll Server IO #3/DEBUG] [net.minecraftforge.network.HandshakeHandler/FMLHANDSHAKE]: Received acknowledgement from client
[23Sep2025 04:06:45.016] [Netty Epoll Server IO #3/DEBUG] [net.minecraftforge.network.LoginWrapper/FMLHANDSHAKE]: Recieved login wrapper packet event for channel fml:handshake with index 22
[23Sep2025 04:06:45.016] [Netty Epoll Server IO #3/DEBUG] [net.minecraftforge.network.HandshakeHandler/FMLHANDSHAKE]: Received client indexed reply 22 of type net.minecraftforge.network.HandshakeMessages$C2SAcknowledge
[23Sep2025 04:06:45.016] [Netty Epoll Server IO #3/DEBUG] [net.minecraftforge.network.HandshakeHandler/FMLHANDSHAKE]: Received acknowledgement from client
[23Sep2025 04:06:45.016] [Netty Epoll Server IO #3/DEBUG] [net.minecraftforge.network.LoginWrapper/FMLHANDSHAKE]: Recieved login wrapper packet event for channel fml:handshake with index 23
[23Sep2025 04:06:45.016] [Netty Epoll Server IO #3/DEBUG] [net.minecraftforge.network.HandshakeHandler/FMLHANDSHAKE]: Received client indexed reply 23 of type net.minecraftforge.network.HandshakeMessages$C2SAcknowledge
[23Sep2025 04:06:45.016] [Netty Epoll Server IO #3/DEBUG] [net.minecraftforge.network.HandshakeHandler/FMLHANDSHAKE]: Received acknowledgement from client
[23Sep2025 04:06:47.038] [Netty Epoll Server IO #3/DEBUG] [net.minecraftforge.network.LoginWrapper/FMLHANDSHAKE]: Recieved login wrapper packet event for channel fml:handshake with index 24
[23Sep2025 04:06:47.038] [Netty Epoll Server IO #3/DEBUG] [net.minecraftforge.network.HandshakeHandler/FMLHANDSHAKE]: Received client indexed reply 24 of type net.minecraftforge.network.HandshakeMessages$C2SAcknowledge
[23Sep2025 04:06:47.038] [Netty Epoll Server IO #3/DEBUG] [net.minecraftforge.network.HandshakeHandler/FMLHANDSHAKE]: Received acknowledgement from client
[23Sep2025 04:06:47.050] [Netty Epoll Server IO #3/DEBUG] [net.minecraftforge.network.LoginWrapper/FMLHANDSHAKE]: Recieved login wrapper packet event for channel fml:handshake with index 25
[23Sep2025 04:06:47.050] [Netty Epoll Server IO #3/DEBUG] [net.minecraftforge.network.HandshakeHandler/FMLHANDSHAKE]: Received client indexed reply 25 of type net.minecraftforge.network.HandshakeMessages$C2SAcknowledge
[23Sep2025 04:06:47.050] [Netty Epoll Server IO #3/DEBUG] [net.minecraftforge.network.HandshakeHandler/FMLHANDSHAKE]: Received acknowledgement from client
[23Sep2025 04:06:47.050] [Netty Epoll Server IO #3/DEBUG] [net.minecraftforge.network.LoginWrapper/FMLHANDSHAKE]: Recieved login wrapper packet event for channel fml:handshake with index 26
[23Sep2025 04:06:47.050] [Netty Epoll Server IO #3/DEBUG] [net.minecraftforge.network.HandshakeHandler/FMLHANDSHAKE]: Received client indexed reply 26 of type net.minecraftforge.network.HandshakeMessages$C2SAcknowledge
[23Sep2025 04:06:47.050] [Netty Epoll Server IO #3/DEBUG] [net.minecraftforge.network.HandshakeHandler/FMLHANDSHAKE]: Received acknowledgement from client
[23Sep2025 04:06:47.050] [Netty Epoll Server IO #3/DEBUG] [net.minecraftforge.network.LoginWrapper/FMLHANDSHAKE]: Recieved login wrapper packet event for channel fml:handshake with index 27
[23Sep2025 04:06:47.050] [Netty Epoll Server IO #3/DEBUG] [net.minecraftforge.network.HandshakeHandler/FMLHANDSHAKE]: Received client indexed reply 27 of type net.minecraftforge.network.HandshakeMessages$C2SAcknowledge
[23Sep2025 04:06:47.050] [Netty Epoll Server IO #3/DEBUG] [net.minecraftforge.network.HandshakeHandler/FMLHANDSHAKE]: Received acknowledgement from client
[23Sep2025 04:06:47.054] [Netty Epoll Server IO #3/DEBUG] [net.minecraftforge.network.LoginWrapper/FMLHANDSHAKE]: Recieved login wrapper packet event for channel fml:handshake with index 28
[23Sep2025 04:06:47.055] [Netty Epoll Server IO #3/DEBUG] [net.minecraftforge.network.HandshakeHandler/FMLHANDSHAKE]: Received client indexed reply 28 of type net.minecraftforge.network.HandshakeMessages$C2SAcknowledge
[23Sep2025 04:06:47.055] [Netty Epoll Server IO #3/DEBUG] [net.minecraftforge.network.HandshakeHandler/FMLHANDSHAKE]: Received acknowledgement from client
[23Sep2025 04:06:47.066] [Netty Epoll Server IO #3/DEBUG] [net.minecraftforge.network.LoginWrapper/FMLHANDSHAKE]: Recieved login wrapper packet event for channel fml:handshake with index 29
[23Sep2025 04:06:47.066] [Netty Epoll Server IO #3/DEBUG] [net.minecraftforge.network.HandshakeHandler/FMLHANDSHAKE]: Received client indexed reply 29 of type net.minecraftforge.network.HandshakeMessages$C2SAcknowledge
[23Sep2025 04:06:47.066] [Netty Epoll Server IO #3/DEBUG] [net.minecraftforge.network.HandshakeHandler/FMLHANDSHAKE]: Received acknowledgement from client
[23Sep2025 04:06:47.077] [Netty Epoll Server IO #3/DEBUG] [net.minecraftforge.network.LoginWrapper/FMLHANDSHAKE]: Recieved login wrapper packet event for channel fml:handshake with index 30
[23Sep2025 04:06:47.077] [Netty Epoll Server IO #3/DEBUG] [net.minecraftforge.network.HandshakeHandler/FMLHANDSHAKE]: Received client indexed reply 30 of type net.minecraftforge.network.HandshakeMessages$C2SAcknowledge
[23Sep2025 04:06:47.078] [Netty Epoll Server IO #3/DEBUG] [net.minecraftforge.network.HandshakeHandler/FMLHANDSHAKE]: Received acknowledgement from client
[23Sep2025 04:06:47.079] [Netty Epoll Server IO #3/DEBUG] [net.minecraftforge.network.LoginWrapper/FMLHANDSHAKE]: Recieved login wrapper packet event for channel fml:handshake with index 31
[23Sep2025 04:06:47.079] [Netty Epoll Server IO #3/DEBUG] [net.minecraftforge.network.HandshakeHandler/FMLHANDSHAKE]: Received client indexed reply 31 of type net.minecraftforge.network.HandshakeMessages$C2SAcknowledge
[23Sep2025 04:06:47.079] [Netty Epoll Server IO #3/DEBUG] [net.minecraftforge.network.HandshakeHandler/FMLHANDSHAKE]: Received acknowledgement from client
[23Sep2025 04:06:47.084] [Netty Epoll Server IO #3/DEBUG] [net.minecraftforge.network.LoginWrapper/FMLHANDSHAKE]: Recieved login wrapper packet event for channel fml:handshake with index 32
[23Sep2025 04:06:47.085] [Netty Epoll Server IO #3/DEBUG] [net.minecraftforge.network.HandshakeHandler/FMLHANDSHAKE]: Received client indexed reply 32 of type net.minecraftforge.network.HandshakeMessages$C2SAcknowledge
[23Sep2025 04:06:47.085] [Netty Epoll Server IO #3/DEBUG] [net.minecraftforge.network.HandshakeHandler/FMLHANDSHAKE]: Received acknowledgement from client
[23Sep2025 04:06:47.120] [Server thread/DEBUG] [net.minecraftforge.network.HandshakeHandler/FMLHANDSHAKE]: Handshake complete!
[23Sep2025 04:06:47.325] [Server thread/INFO] [net.minecraft.server.players.PlayerList/]: Eduardo171[/127.217.102.85:37157] logged in with entity id 2334 at (-1466.699999988079, -55.0, -329.30000001192093)
[23Sep2025 04:06:47.325] [Server thread/DEBUG] [net.minecraftforge.network.filters.NetworkFilters/]: Injected net.minecraftforge.network.filters.ForgeConnectionNetworkFilter@32a572f2 into net.minecraft.network.Connection@3071fb97
[23Sep2025 04:06:47.369] [Server thread/INFO] [net.minecraft.server.MinecraftServer/]: Eduardo171 joined the game
[23Sep2025 04:06:47.442] [Server thread/INFO] [Jade/]: Syncing config to Eduardo171 (7db0c3cc-2841-3d40-8602-c97ababfe757)
[23Sep2025 04:06:47.634] [Server thread/INFO] [net.minecraft.server.network.ServerGamePacketListenerImpl/]: Eduardo171 lost connection: Disconnected
[23Sep2025 04:06:47.634] [Server thread/INFO] [net.minecraft.server.MinecraftServer/]: Eduardo171 left the game
[23Sep2025 04:06:49.149] [Netty Epoll Server IO #6/DEBUG] [net.minecraftforge.network.HandshakeHandler/FMLHANDSHAKE]: Starting new modded impl connection. Found 33 messages to dispatch.
[23Sep2025 04:06:49.174] [Server thread/DEBUG] [net.minecraftforge.network.HandshakeHandler/FMLHANDSHAKE]: Sending ticking packet info 'net.minecraftforge.network.HandshakeMessages$S2CModData' to 'fml:handshake' sequence 0
[23Sep2025 04:06:49.224] [Server thread/DEBUG] [net.minecraftforge.network.HandshakeHandler/FMLHANDSHAKE]: Sending ticking packet info 'net.minecraftforge.network.HandshakeMessages$S2CModList' to 'fml:handshake' sequence 1
[23Sep2025 04:06:49.273] [Server thread/DEBUG] [net.minecraftforge.network.HandshakeHandler/FMLHANDSHAKE]: Sending ticking packet info 'Registry minecraft:command_argument_type' to 'fml:handshake' sequence 2
[23Sep2025 04:06:49.323] [Server thread/DEBUG] [net.minecraftforge.network.HandshakeHandler/FMLHANDSHAKE]: Sending ticking packet info 'Registry minecraft:recipe_serializer' to 'fml:handshake' sequence 3
[23Sep2025 04:06:49.375] [Server thread/DEBUG] [net.minecraftforge.network.HandshakeHandler/FMLHANDSHAKE]: Sending ticking packet info 'Registry minecraft:sound_event' to 'fml:handshake' sequence 4
[23Sep2025 04:06:49.421] [Server thread/DEBUG] [net.minecraftforge.network.HandshakeHandler/FMLHANDSHAKE]: Sending ticking packet info 'Registry minecraft:particle_type' to 'fml:handshake' sequence 5
[23Sep2025 04:06:49.471] [Server thread/DEBUG] [net.minecraftforge.network.HandshakeHandler/FMLHANDSHAKE]: Sending ticking packet info 'Registry minecraft:villager_profession' to 'fml:handshake' sequence 6
[23Sep2025 04:06:49.521] [Server thread/DEBUG] [net.minecraftforge.network.HandshakeHandler/FMLHANDSHAKE]: Sending ticking packet info 'Registry minecraft:item' to 'fml:handshake' sequence 7
[23Sep2025 04:06:49.573] [Server thread/DEBUG] [net.minecraftforge.network.HandshakeHandler/FMLHANDSHAKE]: Sending ticking packet info 'Registry minecraft:potion' to 'fml:handshake' sequence 8
[23Sep2025 04:06:49.627] [Server thread/DEBUG] [net.minecraftforge.network.HandshakeHandler/FMLHANDSHAKE]: Sending ticking packet info 'Registry minecraft:painting_variant' to 'fml:handshake' sequence 9
[23Sep2025 04:06:49.672] [Server thread/DEBUG] [net.minecraftforge.network.HandshakeHandler/FMLHANDSHAKE]: Sending ticking packet info 'Registry forge:fluid_type' to 'fml:handshake' sequence 10
[23Sep2025 04:06:49.721] [Server thread/DEBUG] [net.minecraftforge.network.HandshakeHandler/FMLHANDSHAKE]: Sending ticking packet info 'Registry minecraft:block_entity_type' to 'fml:handshake' sequence 11
[23Sep2025 04:06:49.738] [Netty Epoll Server IO #6/DEBUG] [net.minecraftforge.network.LoginWrapper/FMLHANDSHAKE]: Recieved login wrapper packet event for channel fml:handshake with index 1
[23Sep2025 04:06:49.738] [Netty Epoll Server IO #6/DEBUG] [net.minecraftforge.network.HandshakeHandler/FMLHANDSHAKE]: Received client indexed reply 1 of type net.minecraftforge.network.HandshakeMessages$C2SModListReply
[23Sep2025 04:06:49.738] [Netty Epoll Server IO #6/DEBUG] [net.minecraftforge.network.HandshakeHandler/FMLHANDSHAKE]: Received client connection with modlist [minecraft, farmersdelight, jade, butcher, geckolib, jei, goblintraders, kotlinforforge, sophisticatedcore, curios, spartanshields, journeymap, citadel, alexsmobs, securitycraft, mixinextras, tombstone, sophisticatedbackpacks, spartanweaponry, superbwarfare, pickupnotifier, iceandfire, puzzleslib, framework, fallingtree, puzzlesaccessapi, forge, ingotcraft, tlskincape]
[23Sep2025 04:06:49.738] [Netty Epoll Server IO #6/DEBUG] [net.minecraftforge.network.NetworkRegistry/NETREGISTRY]: Channel 'jei:channel' : Version test of '1.0.0' from client : ACCEPTED
[23Sep2025 04:06:49.738] [Netty Epoll Server IO #6/DEBUG] [net.minecraftforge.network.NetworkRegistry/NETREGISTRY]: Channel 'minecraft:unregister' : Version test of 'FML3' from client : ACCEPTED
[23Sep2025 04:06:49.739] [Netty Epoll Server IO #6/DEBUG] [net.minecraftforge.network.NetworkRegistry/NETREGISTRY]: Channel 'sophisticatedbackpacks:channel' : Version test of '1' from client : ACCEPTED
[23Sep2025 04:06:49.739] [Netty Epoll Server IO #6/DEBUG] [net.minecraftforge.network.NetworkRegistry/NETREGISTRY]: Channel 'citadel:main_channel' : Version test of '1' from client : ACCEPTED
[23Sep2025 04:06:49.739] [Netty Epoll Server IO #6/DEBUG] [net.minecraftforge.network.NetworkRegistry/NETREGISTRY]: Channel 'puzzleslib:1' : Version test of '1' from client : ACCEPTED
[23Sep2025 04:06:49.739] [Netty Epoll Server IO #6/DEBUG] [net.minecraftforge.network.NetworkRegistry/NETREGISTRY]: Channel 'securitycraft:securitycraft' : Version test of 'v1.10.0.1' from client : ACCEPTED
[23Sep2025 04:06:49.739] [Netty Epoll Server IO #6/DEBUG] [net.minecraftforge.network.NetworkRegistry/NETREGISTRY]: Channel 'iceandfire:main_channel' : Version test of '1' from client : ACCEPTED
[23Sep2025 04:06:49.739] [Netty Epoll Server IO #6/DEBUG] [net.minecraftforge.network.NetworkRegistry/NETREGISTRY]: Channel 'framework:play' : Version test of '1' from client : ACCEPTED
[23Sep2025 04:06:49.739] [Netty Epoll Server IO #6/DEBUG] [net.minecraftforge.network.NetworkRegistry/NETREGISTRY]: Channel 'fallingtree:main' : Version test of '1' from client : ACCEPTED
[23Sep2025 04:06:49.739] [Netty Epoll Server IO #6/DEBUG] [net.minecraftforge.network.NetworkRegistry/NETREGISTRY]: Channel 'curios:main' : Version test of '1' from client : ACCEPTED
[23Sep2025 04:06:49.739] [Netty Epoll Server IO #6/DEBUG] [net.minecraftforge.network.NetworkRegistry/NETREGISTRY]: Channel 'framework:handshake' : Version test of '1' from client : ACCEPTED
[23Sep2025 04:06:49.739] [Netty Epoll Server IO #6/DEBUG] [net.minecraftforge.network.NetworkRegistry/NETREGISTRY]: Channel 'fml:loginwrapper' : Version test of 'FML3' from client : ACCEPTED
[23Sep2025 04:06:49.739] [Netty Epoll Server IO #6/DEBUG] [net.minecraftforge.network.NetworkRegistry/NETREGISTRY]: Channel 'forge:tier_sorting' : Version test of '1.0' from client : ACCEPTED
[23Sep2025 04:06:49.739] [Netty Epoll Server IO #6/DEBUG] [net.minecraftforge.network.NetworkRegistry/NETREGISTRY]: Channel 'spartanshields:network' : Version test of '1' from client : ACCEPTED
[23Sep2025 04:06:49.739] [Netty Epoll Server IO #6/DEBUG] [net.minecraftforge.network.NetworkRegistry/NETREGISTRY]: Channel 'alexsmobs:main_channel' : Version test of '1' from client : ACCEPTED
[23Sep2025 04:06:49.739] [Netty Epoll Server IO #6/DEBUG] [net.minecraftforge.network.NetworkRegistry/NETREGISTRY]: Channel 'tombstone:tombstone_channel' : Version test of 'tombstone-9.0.9' from client : ACCEPTED
[23Sep2025 04:06:49.739] [Netty Epoll Server IO #6/DEBUG] [net.minecraftforge.network.NetworkRegistry/NETREGISTRY]: Channel 'fml:play' : Version test of 'FML3' from client : ACCEPTED
[23Sep2025 04:06:49.739] [Netty Epoll Server IO #6/DEBUG] [net.minecraftforge.network.NetworkRegistry/NETREGISTRY]: Channel 'pickupnotifier:1' : Version test of '1' from client : ACCEPTED
[23Sep2025 04:06:49.739] [Netty Epoll Server IO #6/DEBUG] [net.minecraftforge.network.NetworkRegistry/NETREGISTRY]: Channel 'sophisticatedcore:channel' : Version test of '1' from client : ACCEPTED
[23Sep2025 04:06:49.739] [Netty Epoll Server IO #6/DEBUG] [net.minecraftforge.network.NetworkRegistry/NETREGISTRY]: Channel 'fml:handshake' : Version test of 'FML3' from client : ACCEPTED
[23Sep2025 04:06:49.739] [Netty Epoll Server IO #6/DEBUG] [net.minecraftforge.network.NetworkRegistry/NETREGISTRY]: Channel 'spartanweaponry:network' : Version test of '1' from client : ACCEPTED
[23Sep2025 04:06:49.739] [Netty Epoll Server IO #6/DEBUG] [net.minecraftforge.network.NetworkRegistry/NETREGISTRY]: Channel 'minecraft:register' : Version test of 'FML3' from client : ACCEPTED
[23Sep2025 04:06:49.739] [Netty Epoll Server IO #6/DEBUG] [net.minecraftforge.network.NetworkRegistry/NETREGISTRY]: Channel 'forge:split' : Version test of '1.1' from client : ACCEPTED
[23Sep2025 04:06:49.739] [Netty Epoll Server IO #6/DEBUG] [net.minecraftforge.network.NetworkRegistry/NETREGISTRY]: Channel 'superbwarfare:superbwarfare' : Version test of '1' from client : ACCEPTED
[23Sep2025 04:06:49.739] [Netty Epoll Server IO #6/DEBUG] [net.minecraftforge.network.NetworkRegistry/NETREGISTRY]: Channel 'butcher:butcher' : Version test of '1' from client : ACCEPTED
[23Sep2025 04:06:49.739] [Netty Epoll Server IO #6/DEBUG] [net.minecraftforge.network.NetworkRegistry/NETREGISTRY]: Channel 'geckolib:main' : Version test of '1' from client : ACCEPTED
[23Sep2025 04:06:49.739] [Netty Epoll Server IO #6/DEBUG] [net.minecraftforge.network.NetworkRegistry/NETREGISTRY]: Channel 'jade:networking' : Version test of '2' from client : ACCEPTED
[23Sep2025 04:06:49.739] [Netty Epoll Server IO #6/DEBUG] [net.minecraftforge.network.NetworkRegistry/NETREGISTRY]: Accepting channel list from client
[23Sep2025 04:06:49.739] [Netty Epoll Server IO #6/DEBUG] [net.minecraftforge.network.HandshakeHandler/FMLHANDSHAKE]: Accepted client connection mod list
[23Sep2025 04:06:49.774] [Server thread/DEBUG] [net.minecraftforge.network.HandshakeHandler/FMLHANDSHAKE]: Sending ticking packet info 'Registry forge:display_contexts' to 'fml:handshake' sequence 12
[23Sep2025 04:06:49.800] [Netty Epoll Server IO #7/DEBUG] [net.minecraftforge.network.HandshakeHandler/FMLHANDSHAKE]: Starting new modded impl connection. Found 33 messages to dispatch.
[23Sep2025 04:06:49.823] [Server thread/DEBUG] [net.minecraftforge.network.HandshakeHandler/FMLHANDSHAKE]: Sending ticking packet info 'Registry minecraft:block' to 'fml:handshake' sequence 13
[23Sep2025 04:06:49.824] [Server thread/DEBUG] [net.minecraftforge.network.HandshakeHandler/FMLHANDSHAKE]: Sending ticking packet info 'net.minecraftforge.network.HandshakeMessages$S2CModData' to 'fml:handshake' sequence 0
[23Sep2025 04:06:49.841] [Netty Epoll Server IO #6/DEBUG] [net.minecraftforge.network.LoginWrapper/FMLHANDSHAKE]: Recieved login wrapper packet event for channel fml:handshake with index 2
[23Sep2025 04:06:49.841] [Netty Epoll Server IO #6/DEBUG] [net.minecraftforge.network.HandshakeHandler/FMLHANDSHAKE]: Received client indexed reply 2 of type net.minecraftforge.network.HandshakeMessages$C2SAcknowledge
[23Sep2025 04:06:49.842] [Netty Epoll Server IO #6/DEBUG] [net.minecraftforge.network.HandshakeHandler/FMLHANDSHAKE]: Received acknowledgement from client
[23Sep2025 04:06:49.873] [Server thread/DEBUG] [net.minecraftforge.network.HandshakeHandler/FMLHANDSHAKE]: Sending ticking packet info 'Registry spartanweaponry:oil_effects' to 'fml:handshake' sequence 14
[23Sep2025 04:06:49.873] [Server thread/DEBUG] [net.minecraftforge.network.HandshakeHandler/FMLHANDSHAKE]: Sending ticking packet info 'net.minecraftforge.network.HandshakeMessages$S2CModList' to 'fml:handshake' sequence 1
[23Sep2025 04:06:49.916] [Netty Epoll Server IO #6/DEBUG] [net.minecraftforge.network.LoginWrapper/FMLHANDSHAKE]: Recieved login wrapper packet event for channel fml:handshake with index 3
[23Sep2025 04:06:49.916] [Netty Epoll Server IO #6/DEBUG] [net.minecraftforge.network.HandshakeHandler/FMLHANDSHAKE]: Received client indexed reply 3 of type net.minecraftforge.network.HandshakeMessages$C2SAcknowledge
[23Sep2025 04:06:49.916] [Netty Epoll Server IO #6/DEBUG] [net.minecraftforge.network.HandshakeHandler/FMLHANDSHAKE]: Received acknowledgement from client
[23Sep2025 04:06:49.924] [Server thread/DEBUG] [net.minecraftforge.network.HandshakeHandler/FMLHANDSHAKE]: Sending ticking packet info 'Registry forge:entity_data_serializers' to 'fml:handshake' sequence 15
[23Sep2025 04:06:49.924] [Server thread/DEBUG] [net.minecraftforge.network.HandshakeHandler/FMLHANDSHAKE]: Sending ticking packet info 'Registry minecraft:command_argument_type' to 'fml:handshake' sequence 2
[23Sep2025 04:06:49.977] [Server thread/DEBUG] [net.minecraftforge.network.HandshakeHandler/FMLHANDSHAKE]: Sending ticking packet info 'Registry spartanweaponry:weapon_traits' to 'fml:handshake' sequence 16
[23Sep2025 04:06:49.977] [Server thread/DEBUG] [net.minecraftforge.network.HandshakeHandler/FMLHANDSHAKE]: Sending ticking packet info 'Registry minecraft:recipe_serializer' to 'fml:handshake' sequence 3
[23Sep2025 04:06:50.024] [Server thread/DEBUG] [net.minecraftforge.network.HandshakeHandler/FMLHANDSHAKE]: Sending ticking packet info 'Registry minecraft:mob_effect' to 'fml:handshake' sequence 17
[23Sep2025 04:06:50.024] [Server thread/DEBUG] [net.minecraftforge.network.HandshakeHandler/FMLHANDSHAKE]: Sending ticking packet info 'Registry minecraft:sound_event' to 'fml:handshake' sequence 4
[23Sep2025 04:06:50.078] [Server thread/DEBUG] [net.minecraftforge.network.HandshakeHandler/FMLHANDSHAKE]: Sending ticking packet info 'Registry minecraft:stat_type' to 'fml:handshake' sequence 18
[23Sep2025 04:06:50.078] [Server thread/DEBUG] [net.minecraftforge.network.HandshakeHandler/FMLHANDSHAKE]: Sending ticking packet info 'Registry minecraft:particle_type' to 'fml:handshake' sequence 5
[23Sep2025 04:06:50.129] [Server thread/DEBUG] [net.minecraftforge.network.HandshakeHandler/FMLHANDSHAKE]: Sending ticking packet info 'Registry superbwarfare:perk' to 'fml:handshake' sequence 19
[23Sep2025 04:06:50.129] [Server thread/DEBUG] [net.minecraftforge.network.HandshakeHandler/FMLHANDSHAKE]: Sending ticking packet info 'Registry minecraft:villager_profession' to 'fml:handshake' sequence 6
[23Sep2025 04:06:50.174] [Server thread/DEBUG] [net.minecraftforge.network.HandshakeHandler/FMLHANDSHAKE]: Sending ticking packet info 'Registry tombstone:perks' to 'fml:handshake' sequence 20
[23Sep2025 04:06:50.175] [Server thread/DEBUG] [net.minecraftforge.network.HandshakeHandler/FMLHANDSHAKE]: Sending ticking packet info 'Registry minecraft:item' to 'fml:handshake' sequence 7
[23Sep2025 04:06:50.192] [Netty Epoll Server IO #7/DEBUG] [net.minecraftforge.network.LoginWrapper/FMLHANDSHAKE]: Recieved login wrapper packet event for channel fml:handshake with index 1
[23Sep2025 04:06:50.192] [Netty Epoll Server IO #7/DEBUG] [net.minecraftforge.network.HandshakeHandler/FMLHANDSHAKE]: Received client indexed reply 1 of type net.minecraftforge.network.HandshakeMessages$C2SModListReply
[23Sep2025 04:06:50.192] [Netty Epoll Server IO #7/DEBUG] [net.minecraftforge.network.HandshakeHandler/FMLHANDSHAKE]: Received client connection with modlist [minecraft, farmersdelight, jade, butcher, geckolib, jei, goblintraders, kotlinforforge, sophisticatedcore, curios, spartanshields, xaerominimap, xaeroworldmap, citadel, alexsmobs, securitycraft, mixinextras, tombstone, sophisticatedbackpacks, spartanweaponry, superbwarfare, pickupnotifier, iceandfire, puzzleslib, framework, fallingtree, puzzlesaccessapi, forge, appleskin, ingotcraft, tlskincape]
[23Sep2025 04:06:50.192] [Netty Epoll Server IO #7/DEBUG] [net.minecraftforge.network.NetworkRegistry/NETREGISTRY]: Channel 'jei:channel' : Version test of '1.0.0' from client : ACCEPTED
[23Sep2025 04:06:50.192] [Netty Epoll Server IO #7/DEBUG] [net.minecraftforge.network.NetworkRegistry/NETREGISTRY]: Channel 'minecraft:unregister' : Version test of 'FML3' from client : ACCEPTED
[23Sep2025 04:06:50.192] [Netty Epoll Server IO #7/DEBUG] [net.minecraftforge.network.NetworkRegistry/NETREGISTRY]: Channel 'sophisticatedbackpacks:channel' : Version test of '1' from client : ACCEPTED
[23Sep2025 04:06:50.192] [Netty Epoll Server IO #7/DEBUG] [net.minecraftforge.network.NetworkRegistry/NETREGISTRY]: Channel 'citadel:main_channel' : Version test of '1' from client : ACCEPTED
[23Sep2025 04:06:50.192] [Netty Epoll Server IO #7/DEBUG] [net.minecraftforge.network.NetworkRegistry/NETREGISTRY]: Channel 'puzzleslib:1' : Version test of '1' from client : ACCEPTED
[23Sep2025 04:06:50.192] [Netty Epoll Server IO #7/DEBUG] [net.minecraftforge.network.NetworkRegistry/NETREGISTRY]: Channel 'securitycraft:securitycraft' : Version test of 'v1.10.0.1' from client : ACCEPTED
[23Sep2025 04:06:50.192] [Netty Epoll Server IO #7/DEBUG] [net.minecraftforge.network.NetworkRegistry/NETREGISTRY]: Channel 'iceandfire:main_channel' : Version test of '1' from client : ACCEPTED
[23Sep2025 04:06:50.192] [Netty Epoll Server IO #7/DEBUG] [net.minecraftforge.network.NetworkRegistry/NETREGISTRY]: Channel 'framework:play' : Version test of '1' from client : ACCEPTED
[23Sep2025 04:06:50.192] [Netty Epoll Server IO #7/DEBUG] [net.minecraftforge.network.NetworkRegistry/NETREGISTRY]: Channel 'fallingtree:main' : Version test of '1' from client : ACCEPTED
[23Sep2025 04:06:50.192] [Netty Epoll Server IO #7/DEBUG] [net.minecraftforge.network.NetworkRegistry/NETREGISTRY]: Channel 'curios:main' : Version test of '1' from client : ACCEPTED
[23Sep2025 04:06:50.192] [Netty Epoll Server IO #7/DEBUG] [net.minecraftforge.network.NetworkRegistry/NETREGISTRY]: Channel 'framework:handshake' : Version test of '1' from client : ACCEPTED
[23Sep2025 04:06:50.192] [Netty Epoll Server IO #7/DEBUG] [net.minecraftforge.network.NetworkRegistry/NETREGISTRY]: Channel 'fml:loginwrapper' : Version test of 'FML3' from client : ACCEPTED
[23Sep2025 04:06:50.192] [Netty Epoll Server IO #7/DEBUG] [net.minecraftforge.network.NetworkRegistry/NETREGISTRY]: Channel 'forge:tier_sorting' : Version test of '1.0' from client : ACCEPTED
[23Sep2025 04:06:50.192] [Netty Epoll Server IO #7/DEBUG] [net.minecraftforge.network.NetworkRegistry/NETREGISTRY]: Channel 'spartanshields:network' : Version test of '1' from client : ACCEPTED
[23Sep2025 04:06:50.193] [Netty Epoll Server IO #7/DEBUG] [net.minecraftforge.network.NetworkRegistry/NETREGISTRY]: Channel 'alexsmobs:main_channel' : Version test of '1' from client : ACCEPTED
[23Sep2025 04:06:50.193] [Netty Epoll Server IO #7/DEBUG] [net.minecraftforge.network.NetworkRegistry/NETREGISTRY]: Channel 'tombstone:tombstone_channel' : Version test of 'tombstone-9.0.9' from client : ACCEPTED
[23Sep2025 04:06:50.193] [Netty Epoll Server IO #7/DEBUG] [net.minecraftforge.network.NetworkRegistry/NETREGISTRY]: Channel 'fml:play' : Version test of 'FML3' from client : ACCEPTED
[23Sep2025 04:06:50.193] [Netty Epoll Server IO #7/DEBUG] [net.minecraftforge.network.NetworkRegistry/NETREGISTRY]: Channel 'pickupnotifier:1' : Version test of '1' from client : ACCEPTED
[23Sep2025 04:06:50.193] [Netty Epoll Server IO #7/DEBUG] [net.minecraftforge.network.NetworkRegistry/NETREGISTRY]: Channel 'sophisticatedcore:channel' : Version test of '1' from client : ACCEPTED
[23Sep2025 04:06:50.193] [Netty Epoll Server IO #7/DEBUG] [net.minecraftforge.network.NetworkRegistry/NETREGISTRY]: Channel 'fml:handshake' : Version test of 'FML3' from client : ACCEPTED
[23Sep2025 04:06:50.193] [Netty Epoll Server IO #7/DEBUG] [net.minecraftforge.network.NetworkRegistry/NETREGISTRY]: Channel 'spartanweaponry:network' : Version test of '1' from client : ACCEPTED
[23Sep2025 04:06:50.193] [Netty Epoll Server IO #7/DEBUG] [net.minecraftforge.network.NetworkRegistry/NETREGISTRY]: Channel 'minecraft:register' : Version test of 'FML3' from client : ACCEPTED
[23Sep2025 04:06:50.193] [Netty Epoll Server IO #7/DEBUG] [net.minecraftforge.network.NetworkRegistry/NETREGISTRY]: Channel 'forge:split' : Version test of '1.1' from client : ACCEPTED
[23Sep2025 04:06:50.193] [Netty Epoll Server IO #7/DEBUG] [net.minecraftforge.network.NetworkRegistry/NETREGISTRY]: Channel 'superbwarfare:superbwarfare' : Version test of '1' from client : ACCEPTED
[23Sep2025 04:06:50.193] [Netty Epoll Server IO #7/DEBUG] [net.minecraftforge.network.NetworkRegistry/NETREGISTRY]: Channel 'butcher:butcher' : Version test of '1' from client : ACCEPTED
[23Sep2025 04:06:50.193] [Netty Epoll Server IO #7/DEBUG] [net.minecraftforge.network.NetworkRegistry/NETREGISTRY]: Channel 'geckolib:main' : Version test of '1' from client : ACCEPTED
[23Sep2025 04:06:50.193] [Netty Epoll Server IO #7/DEBUG] [net.minecraftforge.network.NetworkRegistry/NETREGISTRY]: Channel 'jade:networking' : Version test of '2' from client : ACCEPTED
[23Sep2025 04:06:50.193] [Netty Epoll Server IO #7/DEBUG] [net.minecraftforge.network.NetworkRegistry/NETREGISTRY]: Accepting channel list from client
[23Sep2025 04:06:50.193] [Netty Epoll Server IO #7/DEBUG] [net.minecraftforge.network.HandshakeHandler/FMLHANDSHAKE]: Accepted client connection mod list
[23Sep2025 04:06:50.225] [Server thread/DEBUG] [net.minecraftforge.network.HandshakeHandler/FMLHANDSHAKE]: Sending ticking packet info 'Registry minecraft:menu' to 'fml:handshake' sequence 21
[23Sep2025 04:06:50.226] [Server thread/DEBUG] [net.minecraftforge.network.HandshakeHandler/FMLHANDSHAKE]: Sending ticking packet info 'Registry minecraft:potion' to 'fml:handshake' sequence 8
[23Sep2025 04:06:50.244] [Netty Epoll Server IO #7/DEBUG] [net.minecraftforge.network.LoginWrapper/FMLHANDSHAKE]: Recieved login wrapper packet event for channel fml:handshake with index 2
[23Sep2025 04:06:50.244] [Netty Epoll Server IO #7/DEBUG] [net.minecraftforge.network.HandshakeHandler/FMLHANDSHAKE]: Received client indexed reply 2 of type net.minecraftforge.network.HandshakeMessages$C2SAcknowledge
[23Sep2025 04:06:50.244] [Netty Epoll Server IO #7/DEBUG] [net.minecraftforge.network.HandshakeHandler/FMLHANDSHAKE]: Received acknowledgement from client
[23Sep2025 04:06:50.275] [Server thread/DEBUG] [net.minecraftforge.network.HandshakeHandler/FMLHANDSHAKE]: Sending ticking packet info 'Registry minecraft:enchantment' to 'fml:handshake' sequence 22
[23Sep2025 04:06:50.275] [Server thread/DEBUG] [net.minecraftforge.network.HandshakeHandler/FMLHANDSHAKE]: Sending ticking packet info 'Registry minecraft:painting_variant' to 'fml:handshake' sequence 9
[23Sep2025 04:06:50.295] [Netty Epoll Server IO #7/DEBUG] [net.minecraftforge.network.LoginWrapper/FMLHANDSHAKE]: Recieved login wrapper packet event for channel fml:handshake with index 3
[23Sep2025 04:06:50.295] [Netty Epoll Server IO #7/DEBUG] [net.minecraftforge.network.HandshakeHandler/FMLHANDSHAKE]: Received client indexed reply 3 of type net.minecraftforge.network.HandshakeMessages$C2SAcknowledge
[23Sep2025 04:06:50.295] [Netty Epoll Server IO #7/DEBUG] [net.minecraftforge.network.HandshakeHandler/FMLHANDSHAKE]: Received acknowledgement from client
[23Sep2025 04:06:50.321] [Server thread/DEBUG] [net.minecraftforge.network.HandshakeHandler/FMLHANDSHAKE]: Sending ticking packet info 'Registry minecraft:fluid' to 'fml:handshake' sequence 23
[23Sep2025 04:06:50.321] [Server thread/DEBUG] [net.minecraftforge.network.HandshakeHandler/FMLHANDSHAKE]: Sending ticking packet info 'Registry forge:fluid_type' to 'fml:handshake' sequence 10
[23Sep2025 04:06:50.375] [Server thread/DEBUG] [net.minecraftforge.network.HandshakeHandler/FMLHANDSHAKE]: Sending ticking packet info 'Registry minecraft:entity_type' to 'fml:handshake' sequence 24
[23Sep2025 04:06:50.375] [Server thread/DEBUG] [net.minecraftforge.network.HandshakeHandler/FMLHANDSHAKE]: Sending ticking packet info 'Registry minecraft:block_entity_type' to 'fml:handshake' sequence 11
[23Sep2025 04:06:50.423] [Server thread/DEBUG] [net.minecraftforge.network.HandshakeHandler/FMLHANDSHAKE]: Sending ticking packet info 'Config securitycraft-server.toml' to 'fml:handshake' sequence 25
[23Sep2025 04:06:50.423] [Server thread/DEBUG] [net.minecraftforge.network.HandshakeHandler/FMLHANDSHAKE]: Sending ticking packet info 'Registry forge:display_contexts' to 'fml:handshake' sequence 12
[23Sep2025 04:06:50.483] [Server thread/DEBUG] [net.minecraftforge.network.HandshakeHandler/FMLHANDSHAKE]: Sending ticking packet info 'Config superbwarfare-server.toml' to 'fml:handshake' sequence 26
[23Sep2025 04:06:50.483] [Server thread/DEBUG] [net.minecraftforge.network.HandshakeHandler/FMLHANDSHAKE]: Sending ticking packet info 'Registry minecraft:block' to 'fml:handshake' sequence 13
[23Sep2025 04:06:50.557] [Server thread/DEBUG] [net.minecraftforge.network.HandshakeHandler/FMLHANDSHAKE]: Sending ticking packet info 'Config curios-server.toml' to 'fml:handshake' sequence 27
[23Sep2025 04:06:50.557] [Server thread/DEBUG] [net.minecraftforge.network.HandshakeHandler/FMLHANDSHAKE]: Sending ticking packet info 'Registry spartanweaponry:oil_effects' to 'fml:handshake' sequence 14
[23Sep2025 04:06:50.583] [Server thread/DEBUG] [net.minecraftforge.network.HandshakeHandler/FMLHANDSHAKE]: Sending ticking packet info 'Config tombstone-server.toml' to 'fml:handshake' sequence 28
[23Sep2025 04:06:50.583] [Server thread/DEBUG] [net.minecraftforge.network.HandshakeHandler/FMLHANDSHAKE]: Sending ticking packet info 'Registry forge:entity_data_serializers' to 'fml:handshake' sequence 15
[23Sep2025 04:06:50.628] [Server thread/DEBUG] [net.minecraftforge.network.HandshakeHandler/FMLHANDSHAKE]: Sending ticking packet info 'Config sophisticatedbackpacks-server.toml' to 'fml:handshake' sequence 29
[23Sep2025 04:06:50.628] [Server thread/DEBUG] [net.minecraftforge.network.HandshakeHandler/FMLHANDSHAKE]: Sending ticking packet info 'Registry spartanweaponry:weapon_traits' to 'fml:handshake' sequence 16
[23Sep2025 04:06:50.682] [Server thread/DEBUG] [net.minecraftforge.network.HandshakeHandler/FMLHANDSHAKE]: Sending ticking packet info 'Config pickupnotifier/pickupnotifier-server.toml' to 'fml:handshake' sequence 30
[23Sep2025 04:06:50.682] [Server thread/DEBUG] [net.minecraftforge.network.HandshakeHandler/FMLHANDSHAKE]: Sending ticking packet info 'Registry minecraft:mob_effect' to 'fml:handshake' sequence 17
[23Sep2025 04:06:50.731] [Server thread/DEBUG] [net.minecraftforge.network.HandshakeHandler/FMLHANDSHAKE]: Sending ticking packet info 'Config jei-server.toml' to 'fml:handshake' sequence 31
[23Sep2025 04:06:50.732] [Server thread/DEBUG] [net.minecraftforge.network.HandshakeHandler/FMLHANDSHAKE]: Sending ticking packet info 'Registry minecraft:stat_type' to 'fml:handshake' sequence 18
[23Sep2025 04:06:50.777] [Server thread/DEBUG] [net.minecraftforge.network.HandshakeHandler/FMLHANDSHAKE]: Sending ticking packet info 'Config forge-server.toml' to 'fml:handshake' sequence 32
[23Sep2025 04:06:50.777] [Server thread/DEBUG] [net.minecraftforge.network.HandshakeHandler/FMLHANDSHAKE]: Sending ticking packet info 'Registry superbwarfare:perk' to 'fml:handshake' sequence 19
[23Sep2025 04:06:50.825] [Server thread/DEBUG] [net.minecraftforge.network.HandshakeHandler/FMLHANDSHAKE]: Sending ticking packet info 'Registry tombstone:perks' to 'fml:handshake' sequence 20
[23Sep2025 04:06:50.879] [Server thread/DEBUG] [net.minecraftforge.network.HandshakeHandler/FMLHANDSHAKE]: Sending ticking packet info 'Registry minecraft:menu' to 'fml:handshake' sequence 21
[23Sep2025 04:06:50.957] [Server thread/DEBUG] [net.minecraftforge.network.HandshakeHandler/FMLHANDSHAKE]: Sending ticking packet info 'Registry minecraft:enchantment' to 'fml:handshake' sequence 22
[23Sep2025 04:06:50.992] [Netty Epoll Server IO #7/DEBUG] [net.minecraftforge.network.LoginWrapper/FMLHANDSHAKE]: Recieved login wrapper packet event for channel fml:handshake with index 4
[23Sep2025 04:06:50.992] [Netty Epoll Server IO #7/DEBUG] [net.minecraftforge.network.HandshakeHandler/FMLHANDSHAKE]: Received client indexed reply 4 of type net.minecraftforge.network.HandshakeMessages$C2SAcknowledge
[23Sep2025 04:06:50.992] [Netty Epoll Server IO #7/DEBUG] [net.minecraftforge.network.HandshakeHandler/FMLHANDSHAKE]: Received acknowledgement from client
[23Sep2025 04:06:51.013] [Server thread/DEBUG] [net.minecraftforge.network.HandshakeHandler/FMLHANDSHAKE]: Sending ticking packet info 'Registry minecraft:fluid' to 'fml:handshake' sequence 23
[23Sep2025 04:06:51.066] [Server thread/DEBUG] [net.minecraftforge.network.HandshakeHandler/FMLHANDSHAKE]: Sending ticking packet info 'Registry minecraft:entity_type' to 'fml:handshake' sequence 24
[23Sep2025 04:06:51.096] [Netty Epoll Server IO #7/DEBUG] [net.minecraftforge.network.LoginWrapper/FMLHANDSHAKE]: Recieved login wrapper packet event for channel fml:handshake with index 5
[23Sep2025 04:06:51.097] [Netty Epoll Server IO #7/DEBUG] [net.minecraftforge.network.HandshakeHandler/FMLHANDSHAKE]: Received client indexed reply 5 of type net.minecraftforge.network.HandshakeMessages$C2SAcknowledge
[23Sep2025 04:06:51.097] [Netty Epoll Server IO #7/DEBUG] [net.minecraftforge.network.HandshakeHandler/FMLHANDSHAKE]: Received acknowledgement from client
[23Sep2025 04:06:51.097] [Netty Epoll Server IO #7/DEBUG] [net.minecraftforge.network.LoginWrapper/FMLHANDSHAKE]: Recieved login wrapper packet event for channel fml:handshake with index 6
[23Sep2025 04:06:51.097] [Netty Epoll Server IO #7/DEBUG] [net.minecraftforge.network.HandshakeHandler/FMLHANDSHAKE]: Received client indexed reply 6 of type net.minecraftforge.network.HandshakeMessages$C2SAcknowledge
[23Sep2025 04:06:51.097] [Netty Epoll Server IO #7/DEBUG] [net.minecraftforge.network.HandshakeHandler/FMLHANDSHAKE]: Received acknowledgement from client
[23Sep2025 04:06:51.137] [Server thread/DEBUG] [net.minecraftforge.network.HandshakeHandler/FMLHANDSHAKE]: Sending ticking packet info 'Config securitycraft-server.toml' to 'fml:handshake' sequence 25
[23Sep2025 04:06:51.212] [Server thread/DEBUG] [net.minecraftforge.network.HandshakeHandler/FMLHANDSHAKE]: Sending ticking packet info 'Config superbwarfare-server.toml' to 'fml:handshake' sequence 26
[23Sep2025 04:06:51.292] [Server thread/DEBUG] [net.minecraftforge.network.HandshakeHandler/FMLHANDSHAKE]: Sending ticking packet info 'Config curios-server.toml' to 'fml:handshake' sequence 27
[23Sep2025 04:06:51.353] [Server thread/DEBUG] [net.minecraftforge.network.HandshakeHandler/FMLHANDSHAKE]: Sending ticking packet info 'Config tombstone-server.toml' to 'fml:handshake' sequence 28
[23Sep2025 04:06:51.377] [Server thread/DEBUG] [net.minecraftforge.network.HandshakeHandler/FMLHANDSHAKE]: Sending ticking packet info 'Config sophisticatedbackpacks-server.toml' to 'fml:handshake' sequence 29
[23Sep2025 04:06:51.398] [Server thread/DEBUG] [net.minecraftforge.network.HandshakeHandler/FMLHANDSHAKE]: Sending ticking packet info 'Config pickupnotifier/pickupnotifier-server.toml' to 'fml:handshake' sequence 30
[23Sep2025 04:06:51.424] [Server thread/DEBUG] [net.minecraftforge.network.HandshakeHandler/FMLHANDSHAKE]: Sending ticking packet info 'Config jei-server.toml' to 'fml:handshake' sequence 31
[23Sep2025 04:06:51.455] [Server thread/DEBUG] [net.minecraftforge.network.HandshakeHandler/FMLHANDSHAKE]: Sending ticking packet info 'Config forge-server.toml' to 'fml:handshake' sequence 32
[23Sep2025 04:06:51.531] [Netty Epoll Server IO #7/DEBUG] [net.minecraftforge.network.LoginWrapper/FMLHANDSHAKE]: Recieved login wrapper packet event for channel fml:handshake with index 7
[23Sep2025 04:06:51.532] [Netty Epoll Server IO #7/DEBUG] [net.minecraftforge.network.HandshakeHandler/FMLHANDSHAKE]: Received client indexed reply 7 of type net.minecraftforge.network.HandshakeMessages$C2SAcknowledge
[23Sep2025 04:06:51.532] [Netty Epoll Server IO #7/DEBUG] [net.minecraftforge.network.HandshakeHandler/FMLHANDSHAKE]: Received acknowledgement from client
[23Sep2025 04:06:51.532] [Netty Epoll Server IO #7/DEBUG] [net.minecraftforge.network.LoginWrapper/FMLHANDSHAKE]: Recieved login wrapper packet event for channel fml:handshake with index 8
[23Sep2025 04:06:51.532] [Netty Epoll Server IO #7/DEBUG] [net.minecraftforge.network.HandshakeHandler/FMLHANDSHAKE]: Received client indexed reply 8 of type net.minecraftforge.network.HandshakeMessages$C2SAcknowledge
[23Sep2025 04:06:51.532] [Netty Epoll Server IO #7/DEBUG] [net.minecraftforge.network.HandshakeHandler/FMLHANDSHAKE]: Received acknowledgement from client
[23Sep2025 04:06:51.532] [Netty Epoll Server IO #7/DEBUG] [net.minecraftforge.network.LoginWrapper/FMLHANDSHAKE]: Recieved login wrapper packet event for channel fml:handshake with index 9
[23Sep2025 04:06:51.532] [Netty Epoll Server IO #7/DEBUG] [net.minecraftforge.network.HandshakeHandler/FMLHANDSHAKE]: Received client indexed reply 9 of type net.minecraftforge.network.HandshakeMessages$C2SAcknowledge
[23Sep2025 04:06:51.532] [Netty Epoll Server IO #7/DEBUG] [net.minecraftforge.network.HandshakeHandler/FMLHANDSHAKE]: Received acknowledgement from client
[23Sep2025 04:06:51.532] [Netty Epoll Server IO #7/DEBUG] [net.minecraftforge.network.LoginWrapper/FMLHANDSHAKE]: Recieved login wrapper packet event for channel fml:handshake with index 10
[23Sep2025 04:06:51.532] [Netty Epoll Server IO #7/DEBUG] [net.minecraftforge.network.HandshakeHandler/FMLHANDSHAKE]: Received client indexed reply 10 of type net.minecraftforge.network.HandshakeMessages$C2SAcknowledge
[23Sep2025 04:06:51.532] [Netty Epoll Server IO #7/DEBUG] [net.minecraftforge.network.HandshakeHandler/FMLHANDSHAKE]: Received acknowledgement from client
[23Sep2025 04:06:51.567] [Netty Epoll Server IO #7/DEBUG] [net.minecraftforge.network.LoginWrapper/FMLHANDSHAKE]: Recieved login wrapper packet event for channel fml:handshake with index 11
[23Sep2025 04:06:51.568] [Netty Epoll Server IO #7/DEBUG] [net.minecraftforge.network.HandshakeHandler/FMLHANDSHAKE]: Received client indexed reply 11 of type net.minecraftforge.network.HandshakeMessages$C2SAcknowledge
[23Sep2025 04:06:51.568] [Netty Epoll Server IO #7/DEBUG] [net.minecraftforge.network.HandshakeHandler/FMLHANDSHAKE]: Received acknowledgement from client
[23Sep2025 04:06:51.568] [Netty Epoll Server IO #7/DEBUG] [net.minecraftforge.network.LoginWrapper/FMLHANDSHAKE]: Recieved login wrapper packet event for channel fml:handshake with index 12
[23Sep2025 04:06:51.568] [Netty Epoll Server IO #7/DEBUG] [net.minecraftforge.network.HandshakeHandler/FMLHANDSHAKE]: Received client indexed reply 12 of type net.minecraftforge.network.HandshakeMessages$C2SAcknowledge
[23Sep2025 04:06:51.568] [Netty Epoll Server IO #7/DEBUG] [net.minecraftforge.network.HandshakeHandler/FMLHANDSHAKE]: Received acknowledgement from client
[23Sep2025 04:06:51.621] [Netty Epoll Server IO #7/DEBUG] [net.minecraftforge.network.LoginWrapper/FMLHANDSHAKE]: Recieved login wrapper packet event for channel fml:handshake with index 13
[23Sep2025 04:06:51.621] [Netty Epoll Server IO #7/DEBUG] [net.minecraftforge.network.HandshakeHandler/FMLHANDSHAKE]: Received client indexed reply 13 of type net.minecraftforge.network.HandshakeMessages$C2SAcknowledge
[23Sep2025 04:06:51.621] [Netty Epoll Server IO #7/DEBUG] [net.minecraftforge.network.HandshakeHandler/FMLHANDSHAKE]: Received acknowledgement from client
[23Sep2025 04:06:51.622] [Netty Epoll Server IO #7/DEBUG] [net.minecraftforge.network.LoginWrapper/FMLHANDSHAKE]: Recieved login wrapper packet event for channel fml:handshake with index 14
[23Sep2025 04:06:51.622] [Netty Epoll Server IO #7/DEBUG] [net.minecraftforge.network.HandshakeHandler/FMLHANDSHAKE]: Received client indexed reply 14 of type net.minecraftforge.network.HandshakeMessages$C2SAcknowledge
[23Sep2025 04:06:51.622] [Netty Epoll Server IO #7/DEBUG] [net.minecraftforge.network.HandshakeHandler/FMLHANDSHAKE]: Received acknowledgement from client
[23Sep2025 04:06:51.622] [Netty Epoll Server IO #7/DEBUG] [net.minecraftforge.network.LoginWrapper/FMLHANDSHAKE]: Recieved login wrapper packet event for channel fml:handshake with index 15
[23Sep2025 04:06:51.622] [Netty Epoll Server IO #7/DEBUG] [net.minecraftforge.network.HandshakeHandler/FMLHANDSHAKE]: Received client indexed reply 15 of type net.minecraftforge.network.HandshakeMessages$C2SAcknowledge
[23Sep2025 04:06:51.622] [Netty Epoll Server IO #7/DEBUG] [net.minecraftforge.network.HandshakeHandler/FMLHANDSHAKE]: Received acknowledgement from client
[23Sep2025 04:06:51.625] [Netty Epoll Server IO #7/DEBUG] [net.minecraftforge.network.LoginWrapper/FMLHANDSHAKE]: Recieved login wrapper packet event for channel fml:handshake with index 16
[23Sep2025 04:06:51.625] [Netty Epoll Server IO #7/DEBUG] [net.minecraftforge.network.HandshakeHandler/FMLHANDSHAKE]: Received client indexed reply 16 of type net.minecraftforge.network.HandshakeMessages$C2SAcknowledge
[23Sep2025 04:06:51.625] [Netty Epoll Server IO #7/DEBUG] [net.minecraftforge.network.HandshakeHandler/FMLHANDSHAKE]: Received acknowledgement from client
[23Sep2025 04:06:51.626] [Netty Epoll Server IO #7/DEBUG] [net.minecraftforge.network.LoginWrapper/FMLHANDSHAKE]: Recieved login wrapper packet event for channel fml:handshake with index 17
[23Sep2025 04:06:51.626] [Netty Epoll Server IO #7/DEBUG] [net.minecraftforge.network.HandshakeHandler/FMLHANDSHAKE]: Received client indexed reply 17 of type net.minecraftforge.network.HandshakeMessages$C2SAcknowledge
[23Sep2025 04:06:51.626] [Netty Epoll Server IO #7/DEBUG] [net.minecraftforge.network.HandshakeHandler/FMLHANDSHAKE]: Received acknowledgement from client
[23Sep2025 04:06:51.627] [Netty Epoll Server IO #7/DEBUG] [net.minecraftforge.network.LoginWrapper/FMLHANDSHAKE]: Recieved login wrapper packet event for channel fml:handshake with index 18
[23Sep2025 04:06:51.627] [Netty Epoll Server IO #7/DEBUG] [net.minecraftforge.network.HandshakeHandler/FMLHANDSHAKE]: Received client indexed reply 18 of type net.minecraftforge.network.HandshakeMessages$C2SAcknowledge
[23Sep2025 04:06:51.627] [Netty Epoll Server IO #7/DEBUG] [net.minecraftforge.network.HandshakeHandler/FMLHANDSHAKE]: Received acknowledgement from client
[23Sep2025 04:06:51.627] [Netty Epoll Server IO #7/DEBUG] [net.minecraftforge.network.LoginWrapper/FMLHANDSHAKE]: Recieved login wrapper packet event for channel fml:handshake with index 19
[23Sep2025 04:06:51.627] [Netty Epoll Server IO #7/DEBUG] [net.minecraftforge.network.HandshakeHandler/FMLHANDSHAKE]: Received client indexed reply 19 of type net.minecraftforge.network.HandshakeMessages$C2SAcknowledge
[23Sep2025 04:06:51.627] [Netty Epoll Server IO #7/DEBUG] [net.minecraftforge.network.HandshakeHandler/FMLHANDSHAKE]: Received acknowledgement from client
[23Sep2025 04:06:51.627] [Netty Epoll Server IO #7/DEBUG] [net.minecraftforge.network.LoginWrapper/FMLHANDSHAKE]: Recieved login wrapper packet event for channel fml:handshake with index 20
[23Sep2025 04:06:51.627] [Netty Epoll Server IO #7/DEBUG] [net.minecraftforge.network.HandshakeHandler/FMLHANDSHAKE]: Received client indexed reply 20 of type net.minecraftforge.network.HandshakeMessages$C2SAcknowledge
[23Sep2025 04:06:51.627] [Netty Epoll Server IO #7/DEBUG] [net.minecraftforge.network.HandshakeHandler/FMLHANDSHAKE]: Received acknowledgement from client
[23Sep2025 04:06:51.627] [Netty Epoll Server IO #7/DEBUG] [net.minecraftforge.network.LoginWrapper/FMLHANDSHAKE]: Recieved login wrapper packet event for channel fml:handshake with index 21
[23Sep2025 04:06:51.627] [Netty Epoll Server IO #7/DEBUG] [net.minecraftforge.network.HandshakeHandler/FMLHANDSHAKE]: Received client indexed reply 21 of type net.minecraftforge.network.HandshakeMessages$C2SAcknowledge
[23Sep2025 04:06:51.627] [Netty Epoll Server IO #7/DEBUG] [net.minecraftforge.network.HandshakeHandler/FMLHANDSHAKE]: Received acknowledgement from client
[23Sep2025 04:06:51.627] [Netty Epoll Server IO #7/DEBUG] [net.minecraftforge.network.LoginWrapper/FMLHANDSHAKE]: Recieved login wrapper packet event for channel fml:handshake with index 22
[23Sep2025 04:06:51.627] [Netty Epoll Server IO #7/DEBUG] [net.minecraftforge.network.HandshakeHandler/FMLHANDSHAKE]: Received client indexed reply 22 of type net.minecraftforge.network.HandshakeMessages$C2SAcknowledge
[23Sep2025 04:06:51.627] [Netty Epoll Server IO #7/DEBUG] [net.minecraftforge.network.HandshakeHandler/FMLHANDSHAKE]: Received acknowledgement from client
[23Sep2025 04:06:51.627] [Netty Epoll Server IO #7/DEBUG] [net.minecraftforge.network.LoginWrapper/FMLHANDSHAKE]: Recieved login wrapper packet event for channel fml:handshake with index 23
[23Sep2025 04:06:51.627] [Netty Epoll Server IO #7/DEBUG] [net.minecraftforge.network.HandshakeHandler/FMLHANDSHAKE]: Received client indexed reply 23 of type net.minecraftforge.network.HandshakeMessages$C2SAcknowledge
[23Sep2025 04:06:51.627] [Netty Epoll Server IO #7/DEBUG] [net.minecraftforge.network.HandshakeHandler/FMLHANDSHAKE]: Received acknowledgement from client
[23Sep2025 04:06:53.534] [Netty Epoll Server IO #7/DEBUG] [net.minecraftforge.network.LoginWrapper/FMLHANDSHAKE]: Recieved login wrapper packet event for channel fml:handshake with index 24
[23Sep2025 04:06:53.534] [Netty Epoll Server IO #7/DEBUG] [net.minecraftforge.network.HandshakeHandler/FMLHANDSHAKE]: Received client indexed reply 24 of type net.minecraftforge.network.HandshakeMessages$C2SAcknowledge
[23Sep2025 04:06:53.535] [Netty Epoll Server IO #7/DEBUG] [net.minecraftforge.network.HandshakeHandler/FMLHANDSHAKE]: Received acknowledgement from client
[23Sep2025 04:06:53.542] [Netty Epoll Server IO #7/DEBUG] [net.minecraftforge.network.LoginWrapper/FMLHANDSHAKE]: Recieved login wrapper packet event for channel fml:handshake with index 25
[23Sep2025 04:06:53.542] [Netty Epoll Server IO #7/DEBUG] [net.minecraftforge.network.HandshakeHandler/FMLHANDSHAKE]: Received client indexed reply 25 of type net.minecraftforge.network.HandshakeMessages$C2SAcknowledge
[23Sep2025 04:06:53.542] [Netty Epoll Server IO #7/DEBUG] [net.minecraftforge.network.HandshakeHandler/FMLHANDSHAKE]: Received acknowledgement from client
[23Sep2025 04:06:53.543] [Netty Epoll Server IO #7/DEBUG] [net.minecraftforge.network.LoginWrapper/FMLHANDSHAKE]: Recieved login wrapper packet event for channel fml:handshake with index 26
[23Sep2025 04:06:53.543] [Netty Epoll Server IO #7/DEBUG] [net.minecraftforge.network.HandshakeHandler/FMLHANDSHAKE]: Received client indexed reply 26 of type net.minecraftforge.network.HandshakeMessages$C2SAcknowledge
[23Sep2025 04:06:53.543] [Netty Epoll Server IO #7/DEBUG] [net.minecraftforge.network.HandshakeHandler/FMLHANDSHAKE]: Received acknowledgement from client
[23Sep2025 04:06:53.544] [Netty Epoll Server IO #7/DEBUG] [net.minecraftforge.network.LoginWrapper/FMLHANDSHAKE]: Recieved login wrapper packet event for channel fml:handshake with index 27
[23Sep2025 04:06:53.544] [Netty Epoll Server IO #7/DEBUG] [net.minecraftforge.network.HandshakeHandler/FMLHANDSHAKE]: Received client indexed reply 27 of type net.minecraftforge.network.HandshakeMessages$C2SAcknowledge
[23Sep2025 04:06:53.544] [Netty Epoll Server IO #7/DEBUG] [net.minecraftforge.network.HandshakeHandler/FMLHANDSHAKE]: Received acknowledgement from client
[23Sep2025 04:06:53.547] [Netty Epoll Server IO #7/DEBUG] [net.minecraftforge.network.LoginWrapper/FMLHANDSHAKE]: Recieved login wrapper packet event for channel fml:handshake with index 28
[23Sep2025 04:06:53.547] [Netty Epoll Server IO #7/DEBUG] [net.minecraftforge.network.HandshakeHandler/FMLHANDSHAKE]: Received client indexed reply 28 of type net.minecraftforge.network.HandshakeMessages$C2SAcknowledge
[23Sep2025 04:06:53.547] [Netty Epoll Server IO #7/DEBUG] [net.minecraftforge.network.HandshakeHandler/FMLHANDSHAKE]: Received acknowledgement from client
[23Sep2025 04:06:53.552] [Netty Epoll Server IO #7/DEBUG] [net.minecraftforge.network.LoginWrapper/FMLHANDSHAKE]: Recieved login wrapper packet event for channel fml:handshake with index 29
[23Sep2025 04:06:53.552] [Netty Epoll Server IO #7/DEBUG] [net.minecraftforge.network.HandshakeHandler/FMLHANDSHAKE]: Received client indexed reply 29 of type net.minecraftforge.network.HandshakeMessages$C2SAcknowledge
[23Sep2025 04:06:53.552] [Netty Epoll Server IO #7/DEBUG] [net.minecraftforge.network.HandshakeHandler/FMLHANDSHAKE]: Received acknowledgement from client
[23Sep2025 04:06:53.565] [Netty Epoll Server IO #7/DEBUG] [net.minecraftforge.network.LoginWrapper/FMLHANDSHAKE]: Recieved login wrapper packet event for channel fml:handshake with index 30
[23Sep2025 04:06:53.565] [Netty Epoll Server IO #7/DEBUG] [net.minecraftforge.network.HandshakeHandler/FMLHANDSHAKE]: Received client indexed reply 30 of type net.minecraftforge.network.HandshakeMessages$C2SAcknowledge
[23Sep2025 04:06:53.565] [Netty Epoll Server IO #7/DEBUG] [net.minecraftforge.network.HandshakeHandler/FMLHANDSHAKE]: Received acknowledgement from client
[23Sep2025 04:06:53.565] [Netty Epoll Server IO #7/DEBUG] [net.minecraftforge.network.LoginWrapper/FMLHANDSHAKE]: Recieved login wrapper packet event for channel fml:handshake with index 31
[23Sep2025 04:06:53.566] [Netty Epoll Server IO #7/DEBUG] [net.minecraftforge.network.HandshakeHandler/FMLHANDSHAKE]: Received client indexed reply 31 of type net.minecraftforge.network.HandshakeMessages$C2SAcknowledge
[23Sep2025 04:06:53.566] [Netty Epoll Server IO #7/DEBUG] [net.minecraftforge.network.HandshakeHandler/FMLHANDSHAKE]: Received acknowledgement from client
[23Sep2025 04:06:53.572] [Netty Epoll Server IO #7/DEBUG] [net.minecraftforge.network.LoginWrapper/FMLHANDSHAKE]: Recieved login wrapper packet event for channel fml:handshake with index 32
[23Sep2025 04:06:53.572] [Netty Epoll Server IO #7/DEBUG] [net.minecraftforge.network.HandshakeHandler/FMLHANDSHAKE]: Received client indexed reply 32 of type net.minecraftforge.network.HandshakeMessages$C2SAcknowledge
[23Sep2025 04:06:53.572] [Netty Epoll Server IO #7/DEBUG] [net.minecraftforge.network.HandshakeHandler/FMLHANDSHAKE]: Received acknowledgement from client
[23Sep2025 04:06:53.600] [Server thread/DEBUG] [net.minecraftforge.network.HandshakeHandler/FMLHANDSHAKE]: Handshake complete!
[23Sep2025 04:06:53.628] [Server thread/INFO] [net.minecraft.server.network.ServerLoginPacketListenerImpl/]: com.mojang.authlib.GameProfile@34e56884[id=<null>,name=elikernomamahuev,properties={},legacy=false] (/127.67.145.104:37631) lost connection: Disconnected
[23Sep2025 04:06:53.646] [Server thread/INFO] [net.minecraft.server.players.PlayerList/]: Eduardo171[/127.217.102.85:45195] logged in with entity id 2374 at (-1466.699999988079, -55.0, -329.30000001192093)
[23Sep2025 04:06:53.647] [Server thread/DEBUG] [net.minecraftforge.network.filters.NetworkFilters/]: Injected net.minecraftforge.network.filters.ForgeConnectionNetworkFilter@3cc71f39 into net.minecraft.network.Connection@728065e1
[23Sep2025 04:06:53.680] [Server thread/INFO] [net.minecraft.server.MinecraftServer/]: Eduardo171 joined the game
[23Sep2025 04:06:53.744] [Server thread/INFO] [Jade/]: Syncing config to Eduardo171 (7db0c3cc-2841-3d40-8602-c97ababfe757)
[23Sep2025 04:06:54.826] [Netty Epoll Server IO #6/DEBUG] [net.minecraftforge.network.LoginWrapper/FMLHANDSHAKE]: Recieved login wrapper packet event for channel fml:handshake with index 4
[23Sep2025 04:06:54.826] [Netty Epoll Server IO #6/DEBUG] [net.minecraftforge.network.HandshakeHandler/FMLHANDSHAKE]: Received client indexed reply 4 of type net.minecraftforge.network.HandshakeMessages$C2SAcknowledge
[23Sep2025 04:06:54.826] [Netty Epoll Server IO #6/DEBUG] [net.minecraftforge.network.HandshakeHandler/FMLHANDSHAKE]: Received acknowledgement from client
[23Sep2025 04:06:55.050] [Netty Epoll Server IO #6/DEBUG] [net.minecraftforge.network.LoginWrapper/FMLHANDSHAKE]: Recieved login wrapper packet event for channel fml:handshake with index 5
[23Sep2025 04:06:55.050] [Netty Epoll Server IO #6/DEBUG] [net.minecraftforge.network.HandshakeHandler/FMLHANDSHAKE]: Received client indexed reply 5 of type net.minecraftforge.network.HandshakeMessages$C2SAcknowledge
[23Sep2025 04:06:55.050] [Netty Epoll Server IO #6/DEBUG] [net.minecraftforge.network.HandshakeHandler/FMLHANDSHAKE]: Received acknowledgement from client
[23Sep2025 04:06:55.054] [Netty Epoll Server IO #6/DEBUG] [net.minecraftforge.network.LoginWrapper/FMLHANDSHAKE]: Recieved login wrapper packet event for channel fml:handshake with index 6
[23Sep2025 04:06:55.054] [Netty Epoll Server IO #6/DEBUG] [net.minecraftforge.network.HandshakeHandler/FMLHANDSHAKE]: Received client indexed reply 6 of type net.minecraftforge.network.HandshakeMessages$C2SAcknowledge
[23Sep2025 04:06:55.054] [Netty Epoll Server IO #6/DEBUG] [net.minecraftforge.network.HandshakeHandler/FMLHANDSHAKE]: Received acknowledgement from client
[23Sep2025 04:07:14.330] [Netty Epoll Server IO #6/DEBUG] [net.minecraftforge.network.LoginWrapper/FMLHANDSHAKE]: Recieved login wrapper packet event for channel fml:handshake with index 7
[23Sep2025 04:07:14.330] [Netty Epoll Server IO #6/DEBUG] [net.minecraftforge.network.HandshakeHandler/FMLHANDSHAKE]: Received client indexed reply 7 of type net.minecraftforge.network.HandshakeMessages$C2SAcknowledge
[23Sep2025 04:07:14.330] [Netty Epoll Server IO #6/DEBUG] [net.minecraftforge.network.HandshakeHandler/FMLHANDSHAKE]: Received acknowledgement from client
[23Sep2025 04:07:14.551] [Netty Epoll Server IO #6/DEBUG] [net.minecraftforge.network.LoginWrapper/FMLHANDSHAKE]: Recieved login wrapper packet event for channel fml:handshake with index 8
[23Sep2025 04:07:14.551] [Netty Epoll Server IO #6/DEBUG] [net.minecraftforge.network.HandshakeHandler/FMLHANDSHAKE]: Received client indexed reply 8 of type net.minecraftforge.network.HandshakeMessages$C2SAcknowledge
[23Sep2025 04:07:14.551] [Netty Epoll Server IO #6/DEBUG] [net.minecraftforge.network.HandshakeHandler/FMLHANDSHAKE]: Received acknowledgement from client
[23Sep2025 04:07:14.555] [Netty Epoll Server IO #6/DEBUG] [net.minecraftforge.network.LoginWrapper/FMLHANDSHAKE]: Recieved login wrapper packet event for channel fml:handshake with index 9
[23Sep2025 04:07:14.555] [Netty Epoll Server IO #6/DEBUG] [net.minecraftforge.network.HandshakeHandler/FMLHANDSHAKE]: Received client indexed reply 9 of type net.minecraftforge.network.HandshakeMessages$C2SAcknowledge
[23Sep2025 04:07:14.555] [Netty Epoll Server IO #6/DEBUG] [net.minecraftforge.network.HandshakeHandler/FMLHANDSHAKE]: Received acknowledgement from client
[23Sep2025 04:07:14.786] [Netty Epoll Server IO #6/DEBUG] [net.minecraftforge.network.LoginWrapper/FMLHANDSHAKE]: Recieved login wrapper packet event for channel fml:handshake with index 10
[23Sep2025 04:07:14.786] [Netty Epoll Server IO #6/DEBUG] [net.minecraftforge.network.HandshakeHandler/FMLHANDSHAKE]: Received client indexed reply 10 of type net.minecraftforge.network.HandshakeMessages$C2SAcknowledge
[23Sep2025 04:07:14.787] [Netty Epoll Server IO #6/DEBUG] [net.minecraftforge.network.HandshakeHandler/FMLHANDSHAKE]: Received acknowledgement from client
[23Sep2025 04:07:16.110] [Netty Epoll Server IO #6/DEBUG] [net.minecraftforge.network.LoginWrapper/FMLHANDSHAKE]: Recieved login wrapper packet event for channel fml:handshake with index 11
[23Sep2025 04:07:16.110] [Netty Epoll Server IO #6/DEBUG] [net.minecraftforge.network.HandshakeHandler/FMLHANDSHAKE]: Received client indexed reply 11 of type net.minecraftforge.network.HandshakeMessages$C2SAcknowledge
[23Sep2025 04:07:16.110] [Netty Epoll Server IO #6/DEBUG] [net.minecraftforge.network.HandshakeHandler/FMLHANDSHAKE]: Received acknowledgement from client
[23Sep2025 04:07:16.113] [Netty Epoll Server IO #6/DEBUG] [net.minecraftforge.network.LoginWrapper/FMLHANDSHAKE]: Recieved login wrapper packet event for channel fml:handshake with index 12
[23Sep2025 04:07:16.113] [Netty Epoll Server IO #6/DEBUG] [net.minecraftforge.network.HandshakeHandler/FMLHANDSHAKE]: Received client indexed reply 12 of type net.minecraftforge.network.HandshakeMessages$C2SAcknowledge
[23Sep2025 04:07:16.113] [Netty Epoll Server IO #6/DEBUG] [net.minecraftforge.network.HandshakeHandler/FMLHANDSHAKE]: Received acknowledgement from client
[23Sep2025 04:07:17.020] [Netty Epoll Server IO #1/DEBUG] [net.minecraftforge.network.HandshakeHandler/FMLHANDSHAKE]: Starting new modded impl connection. Found 33 messages to dispatch.
[23Sep2025 04:07:17.030] [Server thread/DEBUG] [net.minecraftforge.network.HandshakeHandler/FMLHANDSHAKE]: Sending ticking packet info 'net.minecraftforge.network.HandshakeMessages$S2CModData' to 'fml:handshake' sequence 0
[23Sep2025 04:07:17.083] [Server thread/DEBUG] [net.minecraftforge.network.HandshakeHandler/FMLHANDSHAKE]: Sending ticking packet info 'net.minecraftforge.network.HandshakeMessages$S2CModList' to 'fml:handshake' sequence 1
[23Sep2025 04:07:17.123] [Server thread/DEBUG] [net.minecraftforge.network.HandshakeHandler/FMLHANDSHAKE]: Sending ticking packet info 'Registry minecraft:command_argument_type' to 'fml:handshake' sequence 2
[23Sep2025 04:07:17.183] [Server thread/DEBUG] [net.minecraftforge.network.HandshakeHandler/FMLHANDSHAKE]: Sending ticking packet info 'Registry minecraft:recipe_serializer' to 'fml:handshake' sequence 3
[23Sep2025 04:07:17.244] [Server thread/DEBUG] [net.minecraftforge.network.HandshakeHandler/FMLHANDSHAKE]: Sending ticking packet info 'Registry minecraft:sound_event' to 'fml:handshake' sequence 4
[23Sep2025 04:07:17.259] [Netty Epoll Server IO #1/DEBUG] [net.minecraftforge.network.LoginWrapper/FMLHANDSHAKE]: Recieved login wrapper packet event for channel fml:handshake with index 1
[23Sep2025 04:07:17.259] [Netty Epoll Server IO #1/DEBUG] [net.minecraftforge.network.HandshakeHandler/FMLHANDSHAKE]: Received client indexed reply 1 of type net.minecraftforge.network.HandshakeMessages$C2SModListReply
[23Sep2025 04:07:17.259] [Netty Epoll Server IO #1/DEBUG] [net.minecraftforge.network.HandshakeHandler/FMLHANDSHAKE]: Received client connection with modlist [minecraft, farmersdelight, jade, butcher, geckolib, jei, goblintraders, kotlinforforge, sophisticatedcore, curios, spartanshields, xaerominimap, xaeroworldmap, citadel, alexsmobs, securitycraft, mixinextras, tombstone, sophisticatedbackpacks, spartanweaponry, superbwarfare, pickupnotifier, iceandfire, puzzleslib, framework, fallingtree, puzzlesaccessapi, forge, ingotcraft]
[23Sep2025 04:07:17.259] [Netty Epoll Server IO #1/DEBUG] [net.minecraftforge.network.NetworkRegistry/NETREGISTRY]: Channel 'jei:channel' : Version test of '1.0.0' from client : ACCEPTED
[23Sep2025 04:07:17.259] [Netty Epoll Server IO #1/DEBUG] [net.minecraftforge.network.NetworkRegistry/NETREGISTRY]: Channel 'minecraft:unregister' : Version test of 'FML3' from client : ACCEPTED
[23Sep2025 04:07:17.259] [Netty Epoll Server IO #1/DEBUG] [net.minecraftforge.network.NetworkRegistry/NETREGISTRY]: Channel 'sophisticatedbackpacks:channel' : Version test of '1' from client : ACCEPTED
[23Sep2025 04:07:17.259] [Netty Epoll Server IO #1/DEBUG] [net.minecraftforge.network.NetworkRegistry/NETREGISTRY]: Channel 'citadel:main_channel' : Version test of '1' from client : ACCEPTED
[23Sep2025 04:07:17.259] [Netty Epoll Server IO #1/DEBUG] [net.minecraftforge.network.NetworkRegistry/NETREGISTRY]: Channel 'puzzleslib:1' : Version test of '1' from client : ACCEPTED
[23Sep2025 04:07:17.259] [Netty Epoll Server IO #1/DEBUG] [net.minecraftforge.network.NetworkRegistry/NETREGISTRY]: Channel 'securitycraft:securitycraft' : Version test of 'v1.10.0.1' from client : ACCEPTED
[23Sep2025 04:07:17.259] [Netty Epoll Server IO #1/DEBUG] [net.minecraftforge.network.NetworkRegistry/NETREGISTRY]: Channel 'iceandfire:main_channel' : Version test of '1' from client : ACCEPTED
[23Sep2025 04:07:17.259] [Netty Epoll Server IO #1/DEBUG] [net.minecraftforge.network.NetworkRegistry/NETREGISTRY]: Channel 'framework:play' : Version test of '1' from client : ACCEPTED
[23Sep2025 04:07:17.259] [Netty Epoll Server IO #1/DEBUG] [net.minecraftforge.network.NetworkRegistry/NETREGISTRY]: Channel 'fallingtree:main' : Version test of '1' from client : ACCEPTED
[23Sep2025 04:07:17.259] [Netty Epoll Server IO #1/DEBUG] [net.minecraftforge.network.NetworkRegistry/NETREGISTRY]: Channel 'curios:main' : Version test of '1' from client : ACCEPTED
[23Sep2025 04:07:17.259] [Netty Epoll Server IO #1/DEBUG] [net.minecraftforge.network.NetworkRegistry/NETREGISTRY]: Channel 'framework:handshake' : Version test of '1' from client : ACCEPTED
[23Sep2025 04:07:17.260] [Netty Epoll Server IO #1/DEBUG] [net.minecraftforge.network.NetworkRegistry/NETREGISTRY]: Channel 'fml:loginwrapper' : Version test of 'FML3' from client : ACCEPTED
[23Sep2025 04:07:17.260] [Netty Epoll Server IO #1/DEBUG] [net.minecraftforge.network.NetworkRegistry/NETREGISTRY]: Channel 'forge:tier_sorting' : Version test of '1.0' from client : ACCEPTED
[23Sep2025 04:07:17.260] [Netty Epoll Server IO #1/DEBUG] [net.minecraftforge.network.NetworkRegistry/NETREGISTRY]: Channel 'spartanshields:network' : Version test of '1' from client : ACCEPTED
[23Sep2025 04:07:17.260] [Netty Epoll Server IO #1/DEBUG] [net.minecraftforge.network.NetworkRegistry/NETREGISTRY]: Channel 'alexsmobs:main_channel' : Version test of '1' from client : ACCEPTED
[23Sep2025 04:07:17.260] [Netty Epoll Server IO #1/DEBUG] [net.minecraftforge.network.NetworkRegistry/NETREGISTRY]: Channel 'tombstone:tombstone_channel' : Version test of 'tombstone-9.0.9' from client : ACCEPTED
[23Sep2025 04:07:17.260] [Netty Epoll Server IO #1/DEBUG] [net.minecraftforge.network.NetworkRegistry/NETREGISTRY]: Channel 'fml:play' : Version test of 'FML3' from client : ACCEPTED
[23Sep2025 04:07:17.260] [Netty Epoll Server IO #1/DEBUG] [net.minecraftforge.network.NetworkRegistry/NETREGISTRY]: Channel 'pickupnotifier:1' : Version test of '1' from client : ACCEPTED
[23Sep2025 04:07:17.260] [Netty Epoll Server IO #1/DEBUG] [net.minecraftforge.network.NetworkRegistry/NETREGISTRY]: Channel 'sophisticatedcore:channel' : Version test of '1' from client : ACCEPTED
[23Sep2025 04:07:17.260] [Netty Epoll Server IO #1/DEBUG] [net.minecraftforge.network.NetworkRegistry/NETREGISTRY]: Channel 'fml:handshake' : Version test of 'FML3' from client : ACCEPTED
[23Sep2025 04:07:17.260] [Netty Epoll Server IO #1/DEBUG] [net.minecraftforge.network.NetworkRegistry/NETREGISTRY]: Channel 'spartanweaponry:network' : Version test of '1' from client : ACCEPTED
[23Sep2025 04:07:17.260] [Netty Epoll Server IO #1/DEBUG] [net.minecraftforge.network.NetworkRegistry/NETREGISTRY]: Channel 'minecraft:register' : Version test of 'FML3' from client : ACCEPTED
[23Sep2025 04:07:17.260] [Netty Epoll Server IO #1/DEBUG] [net.minecraftforge.network.NetworkRegistry/NETREGISTRY]: Channel 'forge:split' : Version test of '1.1' from client : ACCEPTED
[23Sep2025 04:07:17.260] [Netty Epoll Server IO #1/DEBUG] [net.minecraftforge.network.NetworkRegistry/NETREGISTRY]: Channel 'superbwarfare:superbwarfare' : Version test of '1' from client : ACCEPTED
[23Sep2025 04:07:17.260] [Netty Epoll Server IO #1/DEBUG] [net.minecraftforge.network.NetworkRegistry/NETREGISTRY]: Channel 'butcher:butcher' : Version test of '1' from client : ACCEPTED
[23Sep2025 04:07:17.260] [Netty Epoll Server IO #1/DEBUG] [net.minecraftforge.network.NetworkRegistry/NETREGISTRY]: Channel 'geckolib:main' : Version test of '1' from client : ACCEPTED
[23Sep2025 04:07:17.260] [Netty Epoll Server IO #1/DEBUG] [net.minecraftforge.network.NetworkRegistry/NETREGISTRY]: Channel 'jade:networking' : Version test of '2' from client : ACCEPTED
[23Sep2025 04:07:17.260] [Netty Epoll Server IO #1/DEBUG] [net.minecraftforge.network.NetworkRegistry/NETREGISTRY]: Accepting channel list from client
[23Sep2025 04:07:17.260] [Netty Epoll Server IO #1/DEBUG] [net.minecraftforge.network.HandshakeHandler/FMLHANDSHAKE]: Accepted client connection mod list
[23Sep2025 04:07:17.281] [Server thread/DEBUG] [net.minecraftforge.network.HandshakeHandler/FMLHANDSHAKE]: Sending ticking packet info 'Registry minecraft:particle_type' to 'fml:handshake' sequence 5
[23Sep2025 04:07:17.313] [Netty Epoll Server IO #1/DEBUG] [net.minecraftforge.network.LoginWrapper/FMLHANDSHAKE]: Recieved login wrapper packet event for channel fml:handshake with index 2
[23Sep2025 04:07:17.313] [Netty Epoll Server IO #1/DEBUG] [net.minecraftforge.network.HandshakeHandler/FMLHANDSHAKE]: Received client indexed reply 2 of type net.minecraftforge.network.HandshakeMessages$C2SAcknowledge
[23Sep2025 04:07:17.313] [Netty Epoll Server IO #1/DEBUG] [net.minecraftforge.network.HandshakeHandler/FMLHANDSHAKE]: Received acknowledgement from client
[23Sep2025 04:07:17.328] [Server thread/DEBUG] [net.minecraftforge.network.HandshakeHandler/FMLHANDSHAKE]: Sending ticking packet info 'Registry minecraft:villager_profession' to 'fml:handshake' sequence 6
[23Sep2025 04:07:17.372] [Netty Epoll Server IO #1/DEBUG] [net.minecraftforge.network.LoginWrapper/FMLHANDSHAKE]: Recieved login wrapper packet event for channel fml:handshake with index 3
[23Sep2025 04:07:17.372] [Netty Epoll Server IO #1/DEBUG] [net.minecraftforge.network.HandshakeHandler/FMLHANDSHAKE]: Received client indexed reply 3 of type net.minecraftforge.network.HandshakeMessages$C2SAcknowledge
[23Sep2025 04:07:17.373] [Netty Epoll Server IO #1/DEBUG] [net.minecraftforge.network.HandshakeHandler/FMLHANDSHAKE]: Received acknowledgement from client
[23Sep2025 04:07:17.375] [Server thread/DEBUG] [net.minecraftforge.network.HandshakeHandler/FMLHANDSHAKE]: Sending ticking packet info 'Registry minecraft:item' to 'fml:handshake' sequence 7
[23Sep2025 04:07:17.428] [Server thread/DEBUG] [net.minecraftforge.network.HandshakeHandler/FMLHANDSHAKE]: Sending ticking packet info 'Registry minecraft:potion' to 'fml:handshake' sequence 8
[23Sep2025 04:07:17.475] [Server thread/DEBUG] [net.minecraftforge.network.HandshakeHandler/FMLHANDSHAKE]: Sending ticking packet info 'Registry minecraft:painting_variant' to 'fml:handshake' sequence 9
[23Sep2025 04:07:17.531] [Server thread/DEBUG] [net.minecraftforge.network.HandshakeHandler/FMLHANDSHAKE]: Sending ticking packet info 'Registry forge:fluid_type' to 'fml:handshake' sequence 10
[23Sep2025 04:07:17.577] [Server thread/DEBUG] [net.minecraftforge.network.HandshakeHandler/FMLHANDSHAKE]: Sending ticking packet info 'Registry minecraft:block_entity_type' to 'fml:handshake' sequence 11
[23Sep2025 04:07:17.629] [Server thread/DEBUG] [net.minecraftforge.network.HandshakeHandler/FMLHANDSHAKE]: Sending ticking packet info 'Registry forge:display_contexts' to 'fml:handshake' sequence 12
[23Sep2025 04:07:17.686] [Server thread/DEBUG] [net.minecraftforge.network.HandshakeHandler/FMLHANDSHAKE]: Sending ticking packet info 'Registry minecraft:block' to 'fml:handshake' sequence 13
[23Sep2025 04:07:17.728] [Server thread/DEBUG] [net.minecraftforge.network.HandshakeHandler/FMLHANDSHAKE]: Sending ticking packet info 'Registry spartanweaponry:oil_effects' to 'fml:handshake' sequence 14
[23Sep2025 04:07:17.776] [Server thread/DEBUG] [net.minecraftforge.network.HandshakeHandler/FMLHANDSHAKE]: Sending ticking packet info 'Registry forge:entity_data_serializers' to 'fml:handshake' sequence 15
[23Sep2025 04:07:17.828] [Server thread/DEBUG] [net.minecraftforge.network.HandshakeHandler/FMLHANDSHAKE]: Sending ticking packet info 'Registry spartanweaponry:weapon_traits' to 'fml:handshake' sequence 16
[23Sep2025 04:07:17.881] [Server thread/DEBUG] [net.minecraftforge.network.HandshakeHandler/FMLHANDSHAKE]: Sending ticking packet info 'Registry minecraft:mob_effect' to 'fml:handshake' sequence 17
[23Sep2025 04:07:17.925] [Server thread/DEBUG] [net.minecraftforge.network.HandshakeHandler/FMLHANDSHAKE]: Sending ticking packet info 'Registry minecraft:stat_type' to 'fml:handshake' sequence 18
[23Sep2025 04:07:17.978] [Server thread/DEBUG] [net.minecraftforge.network.HandshakeHandler/FMLHANDSHAKE]: Sending ticking packet info 'Registry superbwarfare:perk' to 'fml:handshake' sequence 19
[23Sep2025 04:07:18.028] [Server thread/DEBUG] [net.minecraftforge.network.HandshakeHandler/FMLHANDSHAKE]: Sending ticking packet info 'Registry tombstone:perks' to 'fml:handshake' sequence 20
[23Sep2025 04:07:18.077] [Server thread/DEBUG] [net.minecraftforge.network.HandshakeHandler/FMLHANDSHAKE]: Sending ticking packet info 'Registry minecraft:menu' to 'fml:handshake' sequence 21
[23Sep2025 04:07:18.132] [Server thread/DEBUG] [net.minecraftforge.network.HandshakeHandler/FMLHANDSHAKE]: Sending ticking packet info 'Registry minecraft:enchantment' to 'fml:handshake' sequence 22
[23Sep2025 04:07:18.182] [Server thread/DEBUG] [net.minecraftforge.network.HandshakeHandler/FMLHANDSHAKE]: Sending ticking packet info 'Registry minecraft:fluid' to 'fml:handshake' sequence 23
[23Sep2025 04:07:18.232] [Server thread/DEBUG] [net.minecraftforge.network.HandshakeHandler/FMLHANDSHAKE]: Sending ticking packet info 'Registry minecraft:entity_type' to 'fml:handshake' sequence 24
[23Sep2025 04:07:18.280] [Server thread/DEBUG] [net.minecraftforge.network.HandshakeHandler/FMLHANDSHAKE]: Sending ticking packet info 'Config securitycraft-server.toml' to 'fml:handshake' sequence 25
[23Sep2025 04:07:18.332] [Server thread/DEBUG] [net.minecraftforge.network.HandshakeHandler/FMLHANDSHAKE]: Sending ticking packet info 'Config superbwarfare-server.toml' to 'fml:handshake' sequence 26
[23Sep2025 04:07:18.376] [Server thread/DEBUG] [net.minecraftforge.network.HandshakeHandler/FMLHANDSHAKE]: Sending ticking packet info 'Config curios-server.toml' to 'fml:handshake' sequence 27
[23Sep2025 04:07:18.377] [Netty Epoll Server IO #1/DEBUG] [net.minecraftforge.network.LoginWrapper/FMLHANDSHAKE]: Recieved login wrapper packet event for channel fml:handshake with index 4
[23Sep2025 04:07:18.377] [Netty Epoll Server IO #1/DEBUG] [net.minecraftforge.network.HandshakeHandler/FMLHANDSHAKE]: Received client indexed reply 4 of type net.minecraftforge.network.HandshakeMessages$C2SAcknowledge
[23Sep2025 04:07:18.377] [Netty Epoll Server IO #1/DEBUG] [net.minecraftforge.network.HandshakeHandler/FMLHANDSHAKE]: Received acknowledgement from client
[23Sep2025 04:07:18.383] [Netty Epoll Server IO #1/DEBUG] [net.minecraftforge.network.LoginWrapper/FMLHANDSHAKE]: Recieved login wrapper packet event for channel fml:handshake with index 5
[23Sep2025 04:07:18.383] [Netty Epoll Server IO #1/DEBUG] [net.minecraftforge.network.HandshakeHandler/FMLHANDSHAKE]: Received client indexed reply 5 of type net.minecraftforge.network.HandshakeMessages$C2SAcknowledge
[23Sep2025 04:07:18.383] [Netty Epoll Server IO #1/DEBUG] [net.minecraftforge.network.HandshakeHandler/FMLHANDSHAKE]: Received acknowledgement from client
[23Sep2025 04:07:18.384] [Netty Epoll Server IO #1/DEBUG] [net.minecraftforge.network.LoginWrapper/FMLHANDSHAKE]: Recieved login wrapper packet event for channel fml:handshake with index 6
[23Sep2025 04:07:18.384] [Netty Epoll Server IO #1/DEBUG] [net.minecraftforge.network.HandshakeHandler/FMLHANDSHAKE]: Received client indexed reply 6 of type net.minecraftforge.network.HandshakeMessages$C2SAcknowledge
[23Sep2025 04:07:18.384] [Netty Epoll Server IO #1/DEBUG] [net.minecraftforge.network.HandshakeHandler/FMLHANDSHAKE]: Received acknowledgement from client
[23Sep2025 04:07:18.427] [Server thread/DEBUG] [net.minecraftforge.network.HandshakeHandler/FMLHANDSHAKE]: Sending ticking packet info 'Config tombstone-server.toml' to 'fml:handshake' sequence 28
[23Sep2025 04:07:18.479] [Server thread/DEBUG] [net.minecraftforge.network.HandshakeHandler/FMLHANDSHAKE]: Sending ticking packet info 'Config sophisticatedbackpacks-server.toml' to 'fml:handshake' sequence 29
[23Sep2025 04:07:18.525] [Server thread/DEBUG] [net.minecraftforge.network.HandshakeHandler/FMLHANDSHAKE]: Sending ticking packet info 'Config pickupnotifier/pickupnotifier-server.toml' to 'fml:handshake' sequence 30
[23Sep2025 04:07:18.575] [Server thread/DEBUG] [net.minecraftforge.network.HandshakeHandler/FMLHANDSHAKE]: Sending ticking packet info 'Config jei-server.toml' to 'fml:handshake' sequence 31
[23Sep2025 04:07:18.628] [Server thread/DEBUG] [net.minecraftforge.network.HandshakeHandler/FMLHANDSHAKE]: Sending ticking packet info 'Config forge-server.toml' to 'fml:handshake' sequence 32
[23Sep2025 04:07:19.167] [Netty Epoll Server IO #1/DEBUG] [net.minecraftforge.network.LoginWrapper/FMLHANDSHAKE]: Recieved login wrapper packet event for channel fml:handshake with index 7
[23Sep2025 04:07:19.167] [Netty Epoll Server IO #1/DEBUG] [net.minecraftforge.network.HandshakeHandler/FMLHANDSHAKE]: Received client indexed reply 7 of type net.minecraftforge.network.HandshakeMessages$C2SAcknowledge
[23Sep2025 04:07:19.167] [Netty Epoll Server IO #1/DEBUG] [net.minecraftforge.network.HandshakeHandler/FMLHANDSHAKE]: Received acknowledgement from client
[23Sep2025 04:07:19.171] [Netty Epoll Server IO #1/DEBUG] [net.minecraftforge.network.LoginWrapper/FMLHANDSHAKE]: Recieved login wrapper packet event for channel fml:handshake with index 8
[23Sep2025 04:07:19.171] [Netty Epoll Server IO #1/DEBUG] [net.minecraftforge.network.HandshakeHandler/FMLHANDSHAKE]: Received client indexed reply 8 of type net.minecraftforge.network.HandshakeMessages$C2SAcknowledge
[23Sep2025 04:07:19.171] [Netty Epoll Server IO #1/DEBUG] [net.minecraftforge.network.HandshakeHandler/FMLHANDSHAKE]: Received acknowledgement from client
[23Sep2025 04:07:19.171] [Netty Epoll Server IO #1/DEBUG] [net.minecraftforge.network.LoginWrapper/FMLHANDSHAKE]: Recieved login wrapper packet event for channel fml:handshake with index 9
[23Sep2025 04:07:19.171] [Netty Epoll Server IO #1/DEBUG] [net.minecraftforge.network.HandshakeHandler/FMLHANDSHAKE]: Received client indexed reply 9 of type net.minecraftforge.network.HandshakeMessages$C2SAcknowledge
[23Sep2025 04:07:19.171] [Netty Epoll Server IO #1/DEBUG] [net.minecraftforge.network.HandshakeHandler/FMLHANDSHAKE]: Received acknowledgement from client
[23Sep2025 04:07:19.179] [Server thread/INFO] [net.minecraft.server.network.ServerLoginPacketListenerImpl/]: Disconnecting com.mojang.authlib.GameProfile@21e33496[id=<null>,name=abi3mael,properties={},legacy=false] (/127.152.24.121:55263): Took too long to log in
[23Sep2025 04:07:19.180] [Server thread/INFO] [net.minecraft.server.network.ServerLoginPacketListenerImpl/]: com.mojang.authlib.GameProfile@21e33496[id=<null>,name=abi3mael,properties={},legacy=false] (/127.152.24.121:55263) lost connection: Took too long to log in
[23Sep2025 04:07:19.230] [Server thread/WARN] [net.minecraft.network.Connection/]: handleDisconnection() called twice
[23Sep2025 04:07:19.278] [Netty Epoll Server IO #1/DEBUG] [net.minecraftforge.network.LoginWrapper/FMLHANDSHAKE]: Recieved login wrapper packet event for channel fml:handshake with index 10
[23Sep2025 04:07:19.278] [Netty Epoll Server IO #1/DEBUG] [net.minecraftforge.network.HandshakeHandler/FMLHANDSHAKE]: Received client indexed reply 10 of type net.minecraftforge.network.HandshakeMessages$C2SAcknowledge
[23Sep2025 04:07:19.278] [Netty Epoll Server IO #1/DEBUG] [net.minecraftforge.network.HandshakeHandler/FMLHANDSHAKE]: Received acknowledgement from client
[23Sep2025 04:07:19.307] [Netty Epoll Server IO #1/DEBUG] [net.minecraftforge.network.LoginWrapper/FMLHANDSHAKE]: Recieved login wrapper packet event for channel fml:handshake with index 11
[23Sep2025 04:07:19.308] [Netty Epoll Server IO #1/DEBUG] [net.minecraftforge.network.HandshakeHandler/FMLHANDSHAKE]: Received client indexed reply 11 of type net.minecraftforge.network.HandshakeMessages$C2SAcknowledge
[23Sep2025 04:07:19.308] [Netty Epoll Server IO #1/DEBUG] [net.minecraftforge.network.HandshakeHandler/FMLHANDSHAKE]: Received acknowledgement from client
[23Sep2025 04:07:19.308] [Netty Epoll Server IO #1/DEBUG] [net.minecraftforge.network.LoginWrapper/FMLHANDSHAKE]: Recieved login wrapper packet event for channel fml:handshake with index 12
[23Sep2025 04:07:19.308] [Netty Epoll Server IO #1/DEBUG] [net.minecraftforge.network.HandshakeHandler/FMLHANDSHAKE]: Received client indexed reply 12 of type net.minecraftforge.network.HandshakeMessages$C2SAcknowledge
[23Sep2025 04:07:19.308] [Netty Epoll Server IO #1/DEBUG] [net.minecraftforge.network.HandshakeHandler/FMLHANDSHAKE]: Received acknowledgement from client
[23Sep2025 04:07:19.707] [Netty Epoll Server IO #1/DEBUG] [net.minecraftforge.network.LoginWrapper/FMLHANDSHAKE]: Recieved login wrapper packet event for channel fml:handshake with index 13
[23Sep2025 04:07:19.707] [Netty Epoll Server IO #1/DEBUG] [net.minecraftforge.network.HandshakeHandler/FMLHANDSHAKE]: Received client indexed reply 13 of type net.minecraftforge.network.HandshakeMessages$C2SAcknowledge
[23Sep2025 04:07:19.707] [Netty Epoll Server IO #1/DEBUG] [net.minecraftforge.network.HandshakeHandler/FMLHANDSHAKE]: Received acknowledgement from client
[23Sep2025 04:07:19.707] [Netty Epoll Server IO #1/DEBUG] [net.minecraftforge.network.LoginWrapper/FMLHANDSHAKE]: Recieved login wrapper packet event for channel fml:handshake with index 14
[23Sep2025 04:07:19.707] [Netty Epoll Server IO #1/DEBUG] [net.minecraftforge.network.HandshakeHandler/FMLHANDSHAKE]: Received client indexed reply 14 of type net.minecraftforge.network.HandshakeMessages$C2SAcknowledge
[23Sep2025 04:07:19.707] [Netty Epoll Server IO #1/DEBUG] [net.minecraftforge.network.HandshakeHandler/FMLHANDSHAKE]: Received acknowledgement from client
[23Sep2025 04:07:19.708] [Netty Epoll Server IO #1/DEBUG] [net.minecraftforge.network.LoginWrapper/FMLHANDSHAKE]: Recieved login wrapper packet event for channel fml:handshake with index 15
[23Sep2025 04:07:19.708] [Netty Epoll Server IO #1/DEBUG] [net.minecraftforge.network.HandshakeHandler/FMLHANDSHAKE]: Received client indexed reply 15 of type net.minecraftforge.network.HandshakeMessages$C2SAcknowledge
[23Sep2025 04:07:19.708] [Netty Epoll Server IO #1/DEBUG] [net.minecraftforge.network.HandshakeHandler/FMLHANDSHAKE]: Received acknowledgement from client
[23Sep2025 04:07:19.708] [Netty Epoll Server IO #1/DEBUG] [net.minecraftforge.network.LoginWrapper/FMLHANDSHAKE]: Recieved login wrapper packet event for channel fml:handshake with index 16
[23Sep2025 04:07:19.708] [Netty Epoll Server IO #1/DEBUG] [net.minecraftforge.network.HandshakeHandler/FMLHANDSHAKE]: Received client indexed reply 16 of type net.minecraftforge.network.HandshakeMessages$C2SAcknowledge
[23Sep2025 04:07:19.708] [Netty Epoll Server IO #1/DEBUG] [net.minecraftforge.network.HandshakeHandler/FMLHANDSHAKE]: Received acknowledgement from client
[23Sep2025 04:07:19.708] [Netty Epoll Server IO #1/DEBUG] [net.minecraftforge.network.LoginWrapper/FMLHANDSHAKE]: Recieved login wrapper packet event for channel fml:handshake with index 17
[23Sep2025 04:07:19.708] [Netty Epoll Server IO #1/DEBUG] [net.minecraftforge.network.HandshakeHandler/FMLHANDSHAKE]: Received client indexed reply 17 of type net.minecraftforge.network.HandshakeMessages$C2SAcknowledge
[23Sep2025 04:07:19.708] [Netty Epoll Server IO #1/DEBUG] [net.minecraftforge.network.HandshakeHandler/FMLHANDSHAKE]: Received acknowledgement from client
[23Sep2025 04:07:19.708] [Netty Epoll Server IO #1/DEBUG] [net.minecraftforge.network.LoginWrapper/FMLHANDSHAKE]: Recieved login wrapper packet event for channel fml:handshake with index 18
[23Sep2025 04:07:19.708] [Netty Epoll Server IO #1/DEBUG] [net.minecraftforge.network.HandshakeHandler/FMLHANDSHAKE]: Received client indexed reply 18 of type net.minecraftforge.network.HandshakeMessages$C2SAcknowledge
[23Sep2025 04:07:19.708] [Netty Epoll Server IO #1/DEBUG] [net.minecraftforge.network.HandshakeHandler/FMLHANDSHAKE]: Received acknowledgement from client
[23Sep2025 04:07:19.816] [Netty Epoll Server IO #1/DEBUG] [net.minecraftforge.network.LoginWrapper/FMLHANDSHAKE]: Recieved login wrapper packet event for channel fml:handshake with index 19
[23Sep2025 04:07:19.816] [Netty Epoll Server IO #1/DEBUG] [net.minecraftforge.network.HandshakeHandler/FMLHANDSHAKE]: Received client indexed reply 19 of type net.minecraftforge.network.HandshakeMessages$C2SAcknowledge
[23Sep2025 04:07:19.816] [Netty Epoll Server IO #1/DEBUG] [net.minecraftforge.network.HandshakeHandler/FMLHANDSHAKE]: Received acknowledgement from client
[23Sep2025 04:07:19.817] [Netty Epoll Server IO #1/DEBUG] [net.minecraftforge.network.LoginWrapper/FMLHANDSHAKE]: Recieved login wrapper packet event for channel fml:handshake with index 20
[23Sep2025 04:07:19.817] [Netty Epoll Server IO #1/DEBUG] [net.minecraftforge.network.HandshakeHandler/FMLHANDSHAKE]: Received client indexed reply 20 of type net.minecraftforge.network.HandshakeMessages$C2SAcknowledge
[23Sep2025 04:07:19.817] [Netty Epoll Server IO #1/DEBUG] [net.minecraftforge.network.HandshakeHandler/FMLHANDSHAKE]: Received acknowledgement from client
[23Sep2025 04:07:19.817] [Netty Epoll Server IO #1/DEBUG] [net.minecraftforge.network.LoginWrapper/FMLHANDSHAKE]: Recieved login wrapper packet event for channel fml:handshake with index 21
[23Sep2025 04:07:19.817] [Netty Epoll Server IO #1/DEBUG] [net.minecraftforge.network.HandshakeHandler/FMLHANDSHAKE]: Received client indexed reply 21 of type net.minecraftforge.network.HandshakeMessages$C2SAcknowledge
[23Sep2025 04:07:19.817] [Netty Epoll Server IO #1/DEBUG] [net.minecraftforge.network.HandshakeHandler/FMLHANDSHAKE]: Received acknowledgement from client
[23Sep2025 04:07:19.817] [Netty Epoll Server IO #1/DEBUG] [net.minecraftforge.network.LoginWrapper/FMLHANDSHAKE]: Recieved login wrapper packet event for channel fml:handshake with index 22
[23Sep2025 04:07:19.817] [Netty Epoll Server IO #1/DEBUG] [net.minecraftforge.network.HandshakeHandler/FMLHANDSHAKE]: Received client indexed reply 22 of type net.minecraftforge.network.HandshakeMessages$C2SAcknowledge
[23Sep2025 04:07:19.817] [Netty Epoll Server IO #1/DEBUG] [net.minecraftforge.network.HandshakeHandler/FMLHANDSHAKE]: Received acknowledgement from client
[23Sep2025 04:07:19.817] [Netty Epoll Server IO #1/DEBUG] [net.minecraftforge.network.LoginWrapper/FMLHANDSHAKE]: Recieved login wrapper packet event for channel fml:handshake with index 23
[23Sep2025 04:07:19.817] [Netty Epoll Server IO #1/DEBUG] [net.minecraftforge.network.HandshakeHandler/FMLHANDSHAKE]: Received client indexed reply 23 of type net.minecraftforge.network.HandshakeMessages$C2SAcknowledge
[23Sep2025 04:07:19.817] [Netty Epoll Server IO #1/DEBUG] [net.minecraftforge.network.HandshakeHandler/FMLHANDSHAKE]: Received acknowledgement from client
[23Sep2025 04:07:23.462] [Netty Epoll Server IO #1/DEBUG] [net.minecraftforge.network.LoginWrapper/FMLHANDSHAKE]: Recieved login wrapper packet event for channel fml:handshake with index 24
[23Sep2025 04:07:23.462] [Netty Epoll Server IO #1/DEBUG] [net.minecraftforge.network.HandshakeHandler/FMLHANDSHAKE]: Received client indexed reply 24 of type net.minecraftforge.network.HandshakeMessages$C2SAcknowledge
[23Sep2025 04:07:23.462] [Netty Epoll Server IO #1/DEBUG] [net.minecraftforge.network.HandshakeHandler/FMLHANDSHAKE]: Received acknowledgement from client
[23Sep2025 04:07:23.468] [Netty Epoll Server IO #1/DEBUG] [net.minecraftforge.network.LoginWrapper/FMLHANDSHAKE]: Recieved login wrapper packet event for channel fml:handshake with index 25
[23Sep2025 04:07:23.468] [Netty Epoll Server IO #1/DEBUG] [net.minecraftforge.network.HandshakeHandler/FMLHANDSHAKE]: Received client indexed reply 25 of type net.minecraftforge.network.HandshakeMessages$C2SAcknowledge
[23Sep2025 04:07:23.469] [Netty Epoll Server IO #1/DEBUG] [net.minecraftforge.network.HandshakeHandler/FMLHANDSHAKE]: Received acknowledgement from client
[23Sep2025 04:07:23.473] [Netty Epoll Server IO #1/DEBUG] [net.minecraftforge.network.LoginWrapper/FMLHANDSHAKE]: Recieved login wrapper packet event for channel fml:handshake with index 26
[23Sep2025 04:07:23.473] [Netty Epoll Server IO #1/DEBUG] [net.minecraftforge.network.HandshakeHandler/FMLHANDSHAKE]: Received client indexed reply 26 of type net.minecraftforge.network.HandshakeMessages$C2SAcknowledge
[23Sep2025 04:07:23.473] [Netty Epoll Server IO #1/DEBUG] [net.minecraftforge.network.HandshakeHandler/FMLHANDSHAKE]: Received acknowledgement from client
[23Sep2025 04:07:23.478] [Netty Epoll Server IO #1/DEBUG] [net.minecraftforge.network.LoginWrapper/FMLHANDSHAKE]: Recieved login wrapper packet event for channel fml:handshake with index 27
[23Sep2025 04:07:23.478] [Netty Epoll Server IO #1/DEBUG] [net.minecraftforge.network.HandshakeHandler/FMLHANDSHAKE]: Received client indexed reply 27 of type net.minecraftforge.network.HandshakeMessages$C2SAcknowledge
[23Sep2025 04:07:23.478] [Netty Epoll Server IO #1/DEBUG] [net.minecraftforge.network.HandshakeHandler/FMLHANDSHAKE]: Received acknowledgement from client
[23Sep2025 04:07:23.478] [Netty Epoll Server IO #1/DEBUG] [net.minecraftforge.network.LoginWrapper/FMLHANDSHAKE]: Recieved login wrapper packet event for channel fml:handshake with index 28
[23Sep2025 04:07:23.478] [Netty Epoll Server IO #1/DEBUG] [net.minecraftforge.network.HandshakeHandler/FMLHANDSHAKE]: Received client indexed reply 28 of type net.minecraftforge.network.HandshakeMessages$C2SAcknowledge
[23Sep2025 04:07:23.478] [Netty Epoll Server IO #1/DEBUG] [net.minecraftforge.network.HandshakeHandler/FMLHANDSHAKE]: Received acknowledgement from client
[23Sep2025 04:07:23.489] [Netty Epoll Server IO #1/DEBUG] [net.minecraftforge.network.LoginWrapper/FMLHANDSHAKE]: Recieved login wrapper packet event for channel fml:handshake with index 29
[23Sep2025 04:07:23.490] [Netty Epoll Server IO #1/DEBUG] [net.minecraftforge.network.HandshakeHandler/FMLHANDSHAKE]: Received client indexed reply 29 of type net.minecraftforge.network.HandshakeMessages$C2SAcknowledge
[23Sep2025 04:07:23.490] [Netty Epoll Server IO #1/DEBUG] [net.minecraftforge.network.HandshakeHandler/FMLHANDSHAKE]: Received acknowledgement from client
[23Sep2025 04:07:23.490] [Netty Epoll Server IO #1/DEBUG] [net.minecraftforge.network.LoginWrapper/FMLHANDSHAKE]: Recieved login wrapper packet event for channel fml:handshake with index 30
[23Sep2025 04:07:23.490] [Netty Epoll Server IO #1/DEBUG] [net.minecraftforge.network.HandshakeHandler/FMLHANDSHAKE]: Received client indexed reply 30 of type net.minecraftforge.network.HandshakeMessages$C2SAcknowledge
[23Sep2025 04:07:23.490] [Netty Epoll Server IO #1/DEBUG] [net.minecraftforge.network.HandshakeHandler/FMLHANDSHAKE]: Received acknowledgement from client
[23Sep2025 04:07:23.490] [Netty Epoll Server IO #1/DEBUG] [net.minecraftforge.network.LoginWrapper/FMLHANDSHAKE]: Recieved login wrapper packet event for channel fml:handshake with index 31
[23Sep2025 04:07:23.490] [Netty Epoll Server IO #1/DEBUG] [net.minecraftforge.network.HandshakeHandler/FMLHANDSHAKE]: Received client indexed reply 31 of type net.minecraftforge.network.HandshakeMessages$C2SAcknowledge
[23Sep2025 04:07:23.490] [Netty Epoll Server IO #1/DEBUG] [net.minecraftforge.network.HandshakeHandler/FMLHANDSHAKE]: Received acknowledgement from client
[23Sep2025 04:07:23.494] [Netty Epoll Server IO #1/DEBUG] [net.minecraftforge.network.LoginWrapper/FMLHANDSHAKE]: Recieved login wrapper packet event for channel fml:handshake with index 32
[23Sep2025 04:07:23.495] [Netty Epoll Server IO #1/DEBUG] [net.minecraftforge.network.HandshakeHandler/FMLHANDSHAKE]: Received client indexed reply 32 of type net.minecraftforge.network.HandshakeMessages$C2SAcknowledge
[23Sep2025 04:07:23.495] [Netty Epoll Server IO #1/DEBUG] [net.minecraftforge.network.HandshakeHandler/FMLHANDSHAKE]: Received acknowledgement from client
[23Sep2025 04:07:23.523] [Server thread/DEBUG] [net.minecraftforge.network.HandshakeHandler/FMLHANDSHAKE]: Handshake complete!
[23Sep2025 04:07:23.600] [Server thread/INFO] [net.minecraft.server.players.PlayerList/]: elikernomamahuev[/127.67.145.104:57837] logged in with entity id 2572 at (-2561.561891630504, 67.9375, 2316.1452356712075)
[23Sep2025 04:07:23.600] [Server thread/DEBUG] [net.minecraftforge.network.filters.NetworkFilters/]: Injected net.minecraftforge.network.filters.ForgeConnectionNetworkFilter@7c0dbf92 into net.minecraft.network.Connection@ab11c84
[23Sep2025 04:07:23.628] [Server thread/INFO] [net.minecraft.server.MinecraftServer/]: elikernomamahuev joined the game
[23Sep2025 04:07:23.638] [Server thread/INFO] [Jade/]: Syncing config to elikernomamahuev (7e25e690-4f60-3c78-b7bc-fb82071b91d5)
[23Sep2025 04:07:25.228] [Server thread/WARN] [net.minecraft.server.network.ServerGamePacketListenerImpl/]: rexsel moved too quickly! -8.513407975522796,-0.8800391385729398,-5.699434352386334
[23Sep2025 04:07:37.653] [Netty Epoll Server IO #4/DEBUG] [net.minecraftforge.network.HandshakeHandler/FMLHANDSHAKE]: Starting new modded impl connection. Found 33 messages to dispatch.
[23Sep2025 04:07:37.693] [Server thread/DEBUG] [net.minecraftforge.network.HandshakeHandler/FMLHANDSHAKE]: Sending ticking packet info 'net.minecraftforge.network.HandshakeMessages$S2CModData' to 'fml:handshake' sequence 0
[23Sep2025 04:07:37.733] [Server thread/DEBUG] [net.minecraftforge.network.HandshakeHandler/FMLHANDSHAKE]: Sending ticking packet info 'net.minecraftforge.network.HandshakeMessages$S2CModList' to 'fml:handshake' sequence 1
[23Sep2025 04:07:37.782] [Server thread/DEBUG] [net.minecraftforge.network.HandshakeHandler/FMLHANDSHAKE]: Sending ticking packet info 'Registry minecraft:command_argument_type' to 'fml:handshake' sequence 2
[23Sep2025 04:07:37.845] [Server thread/DEBUG] [net.minecraftforge.network.HandshakeHandler/FMLHANDSHAKE]: Sending ticking packet info 'Registry minecraft:recipe_serializer' to 'fml:handshake' sequence 3
[23Sep2025 04:07:37.886] [Server thread/DEBUG] [net.minecraftforge.network.HandshakeHandler/FMLHANDSHAKE]: Sending ticking packet info 'Registry minecraft:sound_event' to 'fml:handshake' sequence 4
[23Sep2025 04:07:37.937] [Server thread/DEBUG] [net.minecraftforge.network.HandshakeHandler/FMLHANDSHAKE]: Sending ticking packet info 'Registry minecraft:particle_type' to 'fml:handshake' sequence 5
[23Sep2025 04:07:37.985] [Server thread/DEBUG] [net.minecraftforge.network.HandshakeHandler/FMLHANDSHAKE]: Sending ticking packet info 'Registry minecraft:villager_profession' to 'fml:handshake' sequence 6
[23Sep2025 04:07:38.000] [Netty Epoll Server IO #4/DEBUG] [net.minecraftforge.network.LoginWrapper/FMLHANDSHAKE]: Recieved login wrapper packet event for channel fml:handshake with index 1
[23Sep2025 04:07:38.000] [Netty Epoll Server IO #4/DEBUG] [net.minecraftforge.network.HandshakeHandler/FMLHANDSHAKE]: Received client indexed reply 1 of type net.minecraftforge.network.HandshakeMessages$C2SModListReply
[23Sep2025 04:07:38.000] [Netty Epoll Server IO #4/DEBUG] [net.minecraftforge.network.HandshakeHandler/FMLHANDSHAKE]: Received client connection with modlist [minecraft, farmersdelight, jade, butcher, geckolib, jei, goblintraders, kotlinforforge, sophisticatedcore, curios, spartanshields, journeymap, citadel, alexsmobs, securitycraft, mixinextras, tombstone, sophisticatedbackpacks, spartanweaponry, superbwarfare, pickupnotifier, iceandfire, puzzleslib, framework, fallingtree, puzzlesaccessapi, forge, ingotcraft, tlskincape]
[23Sep2025 04:07:38.000] [Netty Epoll Server IO #4/DEBUG] [net.minecraftforge.network.NetworkRegistry/NETREGISTRY]: Channel 'jei:channel' : Version test of '1.0.0' from client : ACCEPTED
[23Sep2025 04:07:38.000] [Netty Epoll Server IO #4/DEBUG] [net.minecraftforge.network.NetworkRegistry/NETREGISTRY]: Channel 'minecraft:unregister' : Version test of 'FML3' from client : ACCEPTED
[23Sep2025 04:07:38.000] [Netty Epoll Server IO #4/DEBUG] [net.minecraftforge.network.NetworkRegistry/NETREGISTRY]: Channel 'sophisticatedbackpacks:channel' : Version test of '1' from client : ACCEPTED
[23Sep2025 04:07:38.000] [Netty Epoll Server IO #4/DEBUG] [net.minecraftforge.network.NetworkRegistry/NETREGISTRY]: Channel 'citadel:main_channel' : Version test of '1' from client : ACCEPTED
[23Sep2025 04:07:38.000] [Netty Epoll Server IO #4/DEBUG] [net.minecraftforge.network.NetworkRegistry/NETREGISTRY]: Channel 'puzzleslib:1' : Version test of '1' from client : ACCEPTED
[23Sep2025 04:07:38.000] [Netty Epoll Server IO #4/DEBUG] [net.minecraftforge.network.NetworkRegistry/NETREGISTRY]: Channel 'securitycraft:securitycraft' : Version test of 'v1.10.0.1' from client : ACCEPTED
[23Sep2025 04:07:38.000] [Netty Epoll Server IO #4/DEBUG] [net.minecraftforge.network.NetworkRegistry/NETREGISTRY]: Channel 'iceandfire:main_channel' : Version test of '1' from client : ACCEPTED
[23Sep2025 04:07:38.000] [Netty Epoll Server IO #4/DEBUG] [net.minecraftforge.network.NetworkRegistry/NETREGISTRY]: Channel 'framework:play' : Version test of '1' from client : ACCEPTED
[23Sep2025 04:07:38.000] [Netty Epoll Server IO #4/DEBUG] [net.minecraftforge.network.NetworkRegistry/NETREGISTRY]: Channel 'fallingtree:main' : Version test of '1' from client : ACCEPTED
[23Sep2025 04:07:38.000] [Netty Epoll Server IO #4/DEBUG] [net.minecraftforge.network.NetworkRegistry/NETREGISTRY]: Channel 'curios:main' : Version test of '1' from client : ACCEPTED
[23Sep2025 04:07:38.000] [Netty Epoll Server IO #4/DEBUG] [net.minecraftforge.network.NetworkRegistry/NETREGISTRY]: Channel 'framework:handshake' : Version test of '1' from client : ACCEPTED
[23Sep2025 04:07:38.000] [Netty Epoll Server IO #4/DEBUG] [net.minecraftforge.network.NetworkRegistry/NETREGISTRY]: Channel 'fml:loginwrapper' : Version test of 'FML3' from client : ACCEPTED
[23Sep2025 04:07:38.000] [Netty Epoll Server IO #4/DEBUG] [net.minecraftforge.network.NetworkRegistry/NETREGISTRY]: Channel 'forge:tier_sorting' : Version test of '1.0' from client : ACCEPTED
[23Sep2025 04:07:38.000] [Netty Epoll Server IO #4/DEBUG] [net.minecraftforge.network.NetworkRegistry/NETREGISTRY]: Channel 'spartanshields:network' : Version test of '1' from client : ACCEPTED
[23Sep2025 04:07:38.000] [Netty Epoll Server IO #4/DEBUG] [net.minecraftforge.network.NetworkRegistry/NETREGISTRY]: Channel 'alexsmobs:main_channel' : Version test of '1' from client : ACCEPTED
[23Sep2025 04:07:38.001] [Netty Epoll Server IO #4/DEBUG] [net.minecraftforge.network.NetworkRegistry/NETREGISTRY]: Channel 'tombstone:tombstone_channel' : Version test of 'tombstone-9.0.9' from client : ACCEPTED
[23Sep2025 04:07:38.001] [Netty Epoll Server IO #4/DEBUG] [net.minecraftforge.network.NetworkRegistry/NETREGISTRY]: Channel 'fml:play' : Version test of 'FML3' from client : ACCEPTED
[23Sep2025 04:07:38.001] [Netty Epoll Server IO #4/DEBUG] [net.minecraftforge.network.NetworkRegistry/NETREGISTRY]: Channel 'pickupnotifier:1' : Version test of '1' from client : ACCEPTED
[23Sep2025 04:07:38.001] [Netty Epoll Server IO #4/DEBUG] [net.minecraftforge.network.NetworkRegistry/NETREGISTRY]: Channel 'sophisticatedcore:channel' : Version test of '1' from client : ACCEPTED
[23Sep2025 04:07:38.001] [Netty Epoll Server IO #4/DEBUG] [net.minecraftforge.network.NetworkRegistry/NETREGISTRY]: Channel 'fml:handshake' : Version test of 'FML3' from client : ACCEPTED
[23Sep2025 04:07:38.001] [Netty Epoll Server IO #4/DEBUG] [net.minecraftforge.network.NetworkRegistry/NETREGISTRY]: Channel 'spartanweaponry:network' : Version test of '1' from client : ACCEPTED
[23Sep2025 04:07:38.001] [Netty Epoll Server IO #4/DEBUG] [net.minecraftforge.network.NetworkRegistry/NETREGISTRY]: Channel 'minecraft:register' : Version test of 'FML3' from client : ACCEPTED
[23Sep2025 04:07:38.001] [Netty Epoll Server IO #4/DEBUG] [net.minecraftforge.network.NetworkRegistry/NETREGISTRY]: Channel 'forge:split' : Version test of '1.1' from client : ACCEPTED
[23Sep2025 04:07:38.001] [Netty Epoll Server IO #4/DEBUG] [net.minecraftforge.network.NetworkRegistry/NETREGISTRY]: Channel 'superbwarfare:superbwarfare' : Version test of '1' from client : ACCEPTED
[23Sep2025 04:07:38.001] [Netty Epoll Server IO #4/DEBUG] [net.minecraftforge.network.NetworkRegistry/NETREGISTRY]: Channel 'butcher:butcher' : Version test of '1' from client : ACCEPTED
[23Sep2025 04:07:38.001] [Netty Epoll Server IO #4/DEBUG] [net.minecraftforge.network.NetworkRegistry/NETREGISTRY]: Channel 'geckolib:main' : Version test of '1' from client : ACCEPTED
[23Sep2025 04:07:38.001] [Netty Epoll Server IO #4/DEBUG] [net.minecraftforge.network.NetworkRegistry/NETREGISTRY]: Channel 'jade:networking' : Version test of '2' from client : ACCEPTED
[23Sep2025 04:07:38.001] [Netty Epoll Server IO #4/DEBUG] [net.minecraftforge.network.NetworkRegistry/NETREGISTRY]: Accepting channel list from client
[23Sep2025 04:07:38.001] [Netty Epoll Server IO #4/DEBUG] [net.minecraftforge.network.HandshakeHandler/FMLHANDSHAKE]: Accepted client connection mod list
[23Sep2025 04:07:38.034] [Server thread/DEBUG] [net.minecraftforge.network.HandshakeHandler/FMLHANDSHAKE]: Sending ticking packet info 'Registry minecraft:item' to 'fml:handshake' sequence 7
[23Sep2025 04:07:38.045] [Netty Epoll Server IO #4/DEBUG] [net.minecraftforge.network.LoginWrapper/FMLHANDSHAKE]: Recieved login wrapper packet event for channel fml:handshake with index 2
[23Sep2025 04:07:38.045] [Netty Epoll Server IO #4/DEBUG] [net.minecraftforge.network.HandshakeHandler/FMLHANDSHAKE]: Received client indexed reply 2 of type net.minecraftforge.network.HandshakeMessages$C2SAcknowledge
[23Sep2025 04:07:38.045] [Netty Epoll Server IO #4/DEBUG] [net.minecraftforge.network.HandshakeHandler/FMLHANDSHAKE]: Received acknowledgement from client
[23Sep2025 04:07:38.085] [Server thread/DEBUG] [net.minecraftforge.network.HandshakeHandler/FMLHANDSHAKE]: Sending ticking packet info 'Registry minecraft:potion' to 'fml:handshake' sequence 8
[23Sep2025 04:07:38.104] [Netty Epoll Server IO #4/DEBUG] [net.minecraftforge.network.LoginWrapper/FMLHANDSHAKE]: Recieved login wrapper packet event for channel fml:handshake with index 3
[23Sep2025 04:07:38.104] [Netty Epoll Server IO #4/DEBUG] [net.minecraftforge.network.HandshakeHandler/FMLHANDSHAKE]: Received client indexed reply 3 of type net.minecraftforge.network.HandshakeMessages$C2SAcknowledge
[23Sep2025 04:07:38.104] [Netty Epoll Server IO #4/DEBUG] [net.minecraftforge.network.HandshakeHandler/FMLHANDSHAKE]: Received acknowledgement from client
[23Sep2025 04:07:38.136] [Server thread/DEBUG] [net.minecraftforge.network.HandshakeHandler/FMLHANDSHAKE]: Sending ticking packet info 'Registry minecraft:painting_variant' to 'fml:handshake' sequence 9
[23Sep2025 04:07:38.183] [Server thread/DEBUG] [net.minecraftforge.network.HandshakeHandler/FMLHANDSHAKE]: Sending ticking packet info 'Registry forge:fluid_type' to 'fml:handshake' sequence 10
[23Sep2025 04:07:38.239] [Server thread/DEBUG] [net.minecraftforge.network.HandshakeHandler/FMLHANDSHAKE]: Sending ticking packet info 'Registry minecraft:block_entity_type' to 'fml:handshake' sequence 11
[23Sep2025 04:07:38.292] [Server thread/DEBUG] [net.minecraftforge.network.HandshakeHandler/FMLHANDSHAKE]: Sending ticking packet info 'Registry forge:display_contexts' to 'fml:handshake' sequence 12
[23Sep2025 04:07:38.334] [Server thread/DEBUG] [net.minecraftforge.network.HandshakeHandler/FMLHANDSHAKE]: Sending ticking packet info 'Registry minecraft:block' to 'fml:handshake' sequence 13
[23Sep2025 04:07:38.384] [Server thread/DEBUG] [net.minecraftforge.network.HandshakeHandler/FMLHANDSHAKE]: Sending ticking packet info 'Registry spartanweaponry:oil_effects' to 'fml:handshake' sequence 14
[23Sep2025 04:07:38.437] [Server thread/DEBUG] [net.minecraftforge.network.HandshakeHandler/FMLHANDSHAKE]: Sending ticking packet info 'Registry forge:entity_data_serializers' to 'fml:handshake' sequence 15
[23Sep2025 04:07:38.484] [Server thread/DEBUG] [net.minecraftforge.network.HandshakeHandler/FMLHANDSHAKE]: Sending ticking packet info 'Registry spartanweaponry:weapon_traits' to 'fml:handshake' sequence 16
[23Sep2025 04:07:38.537] [Server thread/DEBUG] [net.minecraftforge.network.HandshakeHandler/FMLHANDSHAKE]: Sending ticking packet info 'Registry minecraft:mob_effect' to 'fml:handshake' sequence 17
[23Sep2025 04:07:38.585] [Server thread/DEBUG] [net.minecraftforge.network.HandshakeHandler/FMLHANDSHAKE]: Sending ticking packet info 'Registry minecraft:stat_type' to 'fml:handshake' sequence 18
[23Sep2025 04:07:38.636] [Server thread/DEBUG] [net.minecraftforge.network.HandshakeHandler/FMLHANDSHAKE]: Sending ticking packet info 'Registry superbwarfare:perk' to 'fml:handshake' sequence 19
[23Sep2025 04:07:38.686] [Server thread/DEBUG] [net.minecraftforge.network.HandshakeHandler/FMLHANDSHAKE]: Sending ticking packet info 'Registry tombstone:perks' to 'fml:handshake' sequence 20
[23Sep2025 04:07:38.737] [Server thread/DEBUG] [net.minecraftforge.network.HandshakeHandler/FMLHANDSHAKE]: Sending ticking packet info 'Registry minecraft:menu' to 'fml:handshake' sequence 21
[23Sep2025 04:07:38.786] [Server thread/DEBUG] [net.minecraftforge.network.HandshakeHandler/FMLHANDSHAKE]: Sending ticking packet info 'Registry minecraft:enchantment' to 'fml:handshake' sequence 22
[23Sep2025 04:07:38.832] [Server thread/DEBUG] [net.minecraftforge.network.HandshakeHandler/FMLHANDSHAKE]: Sending ticking packet info 'Registry minecraft:fluid' to 'fml:handshake' sequence 23
[23Sep2025 04:07:38.883] [Server thread/DEBUG] [net.minecraftforge.network.HandshakeHandler/FMLHANDSHAKE]: Sending ticking packet info 'Registry minecraft:entity_type' to 'fml:handshake' sequence 24
[23Sep2025 04:07:38.933] [Netty Epoll Server IO #4/DEBUG] [net.minecraftforge.network.LoginWrapper/FMLHANDSHAKE]: Recieved login wrapper packet event for channel fml:handshake with index 4
[23Sep2025 04:07:38.933] [Netty Epoll Server IO #4/DEBUG] [net.minecraftforge.network.HandshakeHandler/FMLHANDSHAKE]: Received client indexed reply 4 of type net.minecraftforge.network.HandshakeMessages$C2SAcknowledge
[23Sep2025 04:07:38.933] [Netty Epoll Server IO #4/DEBUG] [net.minecraftforge.network.HandshakeHandler/FMLHANDSHAKE]: Received acknowledgement from client
[23Sep2025 04:07:38.935] [Server thread/DEBUG] [net.minecraftforge.network.HandshakeHandler/FMLHANDSHAKE]: Sending ticking packet info 'Config securitycraft-server.toml' to 'fml:handshake' sequence 25
[23Sep2025 04:07:38.983] [Server thread/DEBUG] [net.minecraftforge.network.HandshakeHandler/FMLHANDSHAKE]: Sending ticking packet info 'Config superbwarfare-server.toml' to 'fml:handshake' sequence 26
[23Sep2025 04:07:39.036] [Server thread/DEBUG] [net.minecraftforge.network.HandshakeHandler/FMLHANDSHAKE]: Sending ticking packet info 'Config curios-server.toml' to 'fml:handshake' sequence 27
[23Sep2025 04:07:39.039] [Netty Epoll Server IO #4/DEBUG] [net.minecraftforge.network.LoginWrapper/FMLHANDSHAKE]: Recieved login wrapper packet event for channel fml:handshake with index 5
[23Sep2025 04:07:39.039] [Netty Epoll Server IO #4/DEBUG] [net.minecraftforge.network.HandshakeHandler/FMLHANDSHAKE]: Received client indexed reply 5 of type net.minecraftforge.network.HandshakeMessages$C2SAcknowledge
[23Sep2025 04:07:39.039] [Netty Epoll Server IO #4/DEBUG] [net.minecraftforge.network.HandshakeHandler/FMLHANDSHAKE]: Received acknowledgement from client
[23Sep2025 04:07:39.039] [Netty Epoll Server IO #4/DEBUG] [net.minecraftforge.network.LoginWrapper/FMLHANDSHAKE]: Recieved login wrapper packet event for channel fml:handshake with index 6
[23Sep2025 04:07:39.039] [Netty Epoll Server IO #4/DEBUG] [net.minecraftforge.network.HandshakeHandler/FMLHANDSHAKE]: Received client indexed reply 6 of type net.minecraftforge.network.HandshakeMessages$C2SAcknowledge
[23Sep2025 04:07:39.039] [Netty Epoll Server IO #4/DEBUG] [net.minecraftforge.network.HandshakeHandler/FMLHANDSHAKE]: Received acknowledgement from client
[23Sep2025 04:07:39.088] [Server thread/DEBUG] [net.minecraftforge.network.HandshakeHandler/FMLHANDSHAKE]: Sending ticking packet info 'Config tombstone-server.toml' to 'fml:handshake' sequence 28
[23Sep2025 04:07:39.136] [Server thread/DEBUG] [net.minecraftforge.network.HandshakeHandler/FMLHANDSHAKE]: Sending ticking packet info 'Config sophisticatedbackpacks-server.toml' to 'fml:handshake' sequence 29
[23Sep2025 04:07:39.187] [Server thread/DEBUG] [net.minecraftforge.network.HandshakeHandler/FMLHANDSHAKE]: Sending ticking packet info 'Config pickupnotifier/pickupnotifier-server.toml' to 'fml:handshake' sequence 30
[23Sep2025 04:07:39.235] [Server thread/DEBUG] [net.minecraftforge.network.HandshakeHandler/FMLHANDSHAKE]: Sending ticking packet info 'Config jei-server.toml' to 'fml:handshake' sequence 31
[23Sep2025 04:07:39.282] [Server thread/DEBUG] [net.minecraftforge.network.HandshakeHandler/FMLHANDSHAKE]: Sending ticking packet info 'Config forge-server.toml' to 'fml:handshake' sequence 32
[23Sep2025 04:07:40.095] [Netty Epoll Server IO #4/DEBUG] [net.minecraftforge.network.LoginWrapper/FMLHANDSHAKE]: Recieved login wrapper packet event for channel fml:handshake with index 7
[23Sep2025 04:07:40.095] [Netty Epoll Server IO #4/DEBUG] [net.minecraftforge.network.HandshakeHandler/FMLHANDSHAKE]: Received client indexed reply 7 of type net.minecraftforge.network.HandshakeMessages$C2SAcknowledge
[23Sep2025 04:07:40.095] [Netty Epoll Server IO #4/DEBUG] [net.minecraftforge.network.HandshakeHandler/FMLHANDSHAKE]: Received acknowledgement from client
[23Sep2025 04:07:40.325] [Netty Epoll Server IO #4/DEBUG] [net.minecraftforge.network.LoginWrapper/FMLHANDSHAKE]: Recieved login wrapper packet event for channel fml:handshake with index 8
[23Sep2025 04:07:40.325] [Netty Epoll Server IO #4/DEBUG] [net.minecraftforge.network.HandshakeHandler/FMLHANDSHAKE]: Received client indexed reply 8 of type net.minecraftforge.network.HandshakeMessages$C2SAcknowledge
[23Sep2025 04:07:40.325] [Netty Epoll Server IO #4/DEBUG] [net.minecraftforge.network.HandshakeHandler/FMLHANDSHAKE]: Received acknowledgement from client
[23Sep2025 04:07:40.329] [Netty Epoll Server IO #4/DEBUG] [net.minecraftforge.network.LoginWrapper/FMLHANDSHAKE]: Recieved login wrapper packet event for channel fml:handshake with index 9
[23Sep2025 04:07:40.329] [Netty Epoll Server IO #4/DEBUG] [net.minecraftforge.network.HandshakeHandler/FMLHANDSHAKE]: Received client indexed reply 9 of type net.minecraftforge.network.HandshakeMessages$C2SAcknowledge
[23Sep2025 04:07:40.329] [Netty Epoll Server IO #4/DEBUG] [net.minecraftforge.network.HandshakeHandler/FMLHANDSHAKE]: Received acknowledgement from client
[23Sep2025 04:07:40.333] [Netty Epoll Server IO #4/DEBUG] [net.minecraftforge.network.LoginWrapper/FMLHANDSHAKE]: Recieved login wrapper packet event for channel fml:handshake with index 10
[23Sep2025 04:07:40.333] [Netty Epoll Server IO #4/DEBUG] [net.minecraftforge.network.HandshakeHandler/FMLHANDSHAKE]: Received client indexed reply 10 of type net.minecraftforge.network.HandshakeMessages$C2SAcknowledge
[23Sep2025 04:07:40.333] [Netty Epoll Server IO #4/DEBUG] [net.minecraftforge.network.HandshakeHandler/FMLHANDSHAKE]: Received acknowledgement from client
[23Sep2025 04:07:40.336] [Netty Epoll Server IO #4/DEBUG] [net.minecraftforge.network.LoginWrapper/FMLHANDSHAKE]: Recieved login wrapper packet event for channel fml:handshake with index 11
[23Sep2025 04:07:40.336] [Netty Epoll Server IO #4/DEBUG] [net.minecraftforge.network.HandshakeHandler/FMLHANDSHAKE]: Received client indexed reply 11 of type net.minecraftforge.network.HandshakeMessages$C2SAcknowledge
[23Sep2025 04:07:40.336] [Netty Epoll Server IO #4/DEBUG] [net.minecraftforge.network.HandshakeHandler/FMLHANDSHAKE]: Received acknowledgement from client
[23Sep2025 04:07:40.339] [Netty Epoll Server IO #4/DEBUG] [net.minecraftforge.network.LoginWrapper/FMLHANDSHAKE]: Recieved login wrapper packet event for channel fml:handshake with index 12
[23Sep2025 04:07:40.339] [Netty Epoll Server IO #4/DEBUG] [net.minecraftforge.network.HandshakeHandler/FMLHANDSHAKE]: Received client indexed reply 12 of type net.minecraftforge.network.HandshakeMessages$C2SAcknowledge
[23Sep2025 04:07:40.339] [Netty Epoll Server IO #4/DEBUG] [net.minecraftforge.network.HandshakeHandler/FMLHANDSHAKE]: Received acknowledgement from client
[23Sep2025 04:07:42.671] [Netty Epoll Server IO #4/DEBUG] [net.minecraftforge.network.LoginWrapper/FMLHANDSHAKE]: Recieved login wrapper packet event for channel fml:handshake with index 13
[23Sep2025 04:07:42.671] [Netty Epoll Server IO #4/DEBUG] [net.minecraftforge.network.HandshakeHandler/FMLHANDSHAKE]: Received client indexed reply 13 of type net.minecraftforge.network.HandshakeMessages$C2SAcknowledge
[23Sep2025 04:07:42.671] [Netty Epoll Server IO #4/DEBUG] [net.minecraftforge.network.HandshakeHandler/FMLHANDSHAKE]: Received acknowledgement from client
[23Sep2025 04:07:42.672] [Netty Epoll Server IO #4/DEBUG] [net.minecraftforge.network.LoginWrapper/FMLHANDSHAKE]: Recieved login wrapper packet event for channel fml:handshake with index 14
[23Sep2025 04:07:42.672] [Netty Epoll Server IO #4/DEBUG] [net.minecraftforge.network.HandshakeHandler/FMLHANDSHAKE]: Received client indexed reply 14 of type net.minecraftforge.network.HandshakeMessages$C2SAcknowledge
[23Sep2025 04:07:42.672] [Netty Epoll Server IO #4/DEBUG] [net.minecraftforge.network.HandshakeHandler/FMLHANDSHAKE]: Received acknowledgement from client
[23Sep2025 04:07:42.674] [Netty Epoll Server IO #4/DEBUG] [net.minecraftforge.network.LoginWrapper/FMLHANDSHAKE]: Recieved login wrapper packet event for channel fml:handshake with index 15
[23Sep2025 04:07:42.674] [Netty Epoll Server IO #4/DEBUG] [net.minecraftforge.network.HandshakeHandler/FMLHANDSHAKE]: Received client indexed reply 15 of type net.minecraftforge.network.HandshakeMessages$C2SAcknowledge
[23Sep2025 04:07:42.674] [Netty Epoll Server IO #4/DEBUG] [net.minecraftforge.network.HandshakeHandler/FMLHANDSHAKE]: Received acknowledgement from client
[23Sep2025 04:07:42.924] [Netty Epoll Server IO #4/DEBUG] [net.minecraftforge.network.LoginWrapper/FMLHANDSHAKE]: Recieved login wrapper packet event for channel fml:handshake with index 16
[23Sep2025 04:07:42.924] [Netty Epoll Server IO #4/DEBUG] [net.minecraftforge.network.HandshakeHandler/FMLHANDSHAKE]: Received client indexed reply 16 of type net.minecraftforge.network.HandshakeMessages$C2SAcknowledge
[23Sep2025 04:07:42.924] [Netty Epoll Server IO #4/DEBUG] [net.minecraftforge.network.HandshakeHandler/FMLHANDSHAKE]: Received acknowledgement from client
[23Sep2025 04:07:42.934] [Netty Epoll Server IO #4/DEBUG] [net.minecraftforge.network.LoginWrapper/FMLHANDSHAKE]: Recieved login wrapper packet event for channel fml:handshake with index 17
[23Sep2025 04:07:42.934] [Netty Epoll Server IO #4/DEBUG] [net.minecraftforge.network.HandshakeHandler/FMLHANDSHAKE]: Received client indexed reply 17 of type net.minecraftforge.network.HandshakeMessages$C2SAcknowledge
[23Sep2025 04:07:42.935] [Netty Epoll Server IO #4/DEBUG] [net.minecraftforge.network.HandshakeHandler/FMLHANDSHAKE]: Received acknowledgement from client
[23Sep2025 04:07:42.935] [Netty Epoll Server IO #4/DEBUG] [net.minecraftforge.network.LoginWrapper/FMLHANDSHAKE]: Recieved login wrapper packet event for channel fml:handshake with index 18
[23Sep2025 04:07:42.935] [Netty Epoll Server IO #4/DEBUG] [net.minecraftforge.network.HandshakeHandler/FMLHANDSHAKE]: Received client indexed reply 18 of type net.minecraftforge.network.HandshakeMessages$C2SAcknowledge
[23Sep2025 04:07:42.935] [Netty Epoll Server IO #4/DEBUG] [net.minecraftforge.network.HandshakeHandler/FMLHANDSHAKE]: Received acknowledgement from client
[23Sep2025 04:07:42.936] [Netty Epoll Server IO #4/DEBUG] [net.minecraftforge.network.LoginWrapper/FMLHANDSHAKE]: Recieved login wrapper packet event for channel fml:handshake with index 19
[23Sep2025 04:07:42.936] [Netty Epoll Server IO #4/DEBUG] [net.minecraftforge.network.HandshakeHandler/FMLHANDSHAKE]: Received client indexed reply 19 of type net.minecraftforge.network.HandshakeMessages$C2SAcknowledge
[23Sep2025 04:07:42.936] [Netty Epoll Server IO #4/DEBUG] [net.minecraftforge.network.HandshakeHandler/FMLHANDSHAKE]: Received acknowledgement from client
[23Sep2025 04:07:42.936] [Netty Epoll Server IO #4/DEBUG] [net.minecraftforge.network.LoginWrapper/FMLHANDSHAKE]: Recieved login wrapper packet event for channel fml:handshake with index 20
[23Sep2025 04:07:42.936] [Netty Epoll Server IO #4/DEBUG] [net.minecraftforge.network.HandshakeHandler/FMLHANDSHAKE]: Received client indexed reply 20 of type net.minecraftforge.network.HandshakeMessages$C2SAcknowledge
[23Sep2025 04:07:42.936] [Netty Epoll Server IO #4/DEBUG] [net.minecraftforge.network.HandshakeHandler/FMLHANDSHAKE]: Received acknowledgement from client
[23Sep2025 04:07:43.177] [Netty Epoll Server IO #4/DEBUG] [net.minecraftforge.network.LoginWrapper/FMLHANDSHAKE]: Recieved login wrapper packet event for channel fml:handshake with index 21
[23Sep2025 04:07:43.177] [Netty Epoll Server IO #4/DEBUG] [net.minecraftforge.network.HandshakeHandler/FMLHANDSHAKE]: Received client indexed reply 21 of type net.minecraftforge.network.HandshakeMessages$C2SAcknowledge
[23Sep2025 04:07:43.177] [Netty Epoll Server IO #4/DEBUG] [net.minecraftforge.network.HandshakeHandler/FMLHANDSHAKE]: Received acknowledgement from client
[23Sep2025 04:07:43.179] [Netty Epoll Server IO #4/DEBUG] [net.minecraftforge.network.LoginWrapper/FMLHANDSHAKE]: Recieved login wrapper packet event for channel fml:handshake with index 22
[23Sep2025 04:07:43.179] [Netty Epoll Server IO #4/DEBUG] [net.minecraftforge.network.HandshakeHandler/FMLHANDSHAKE]: Received client indexed reply 22 of type net.minecraftforge.network.HandshakeMessages$C2SAcknowledge
[23Sep2025 04:07:43.180] [Netty Epoll Server IO #4/DEBUG] [net.minecraftforge.network.HandshakeHandler/FMLHANDSHAKE]: Received acknowledgement from client
[23Sep2025 04:07:43.180] [Netty Epoll Server IO #4/DEBUG] [net.minecraftforge.network.LoginWrapper/FMLHANDSHAKE]: Recieved login wrapper packet event for channel fml:handshake with index 23
[23Sep2025 04:07:43.180] [Netty Epoll Server IO #4/DEBUG] [net.minecraftforge.network.HandshakeHandler/FMLHANDSHAKE]: Received client indexed reply 23 of type net.minecraftforge.network.HandshakeMessages$C2SAcknowledge
[23Sep2025 04:07:43.180] [Netty Epoll Server IO #4/DEBUG] [net.minecraftforge.network.HandshakeHandler/FMLHANDSHAKE]: Received acknowledgement from client
[23Sep2025 04:07:47.118] [Netty Epoll Server IO #4/DEBUG] [net.minecraftforge.network.LoginWrapper/FMLHANDSHAKE]: Recieved login wrapper packet event for channel fml:handshake with index 24
[23Sep2025 04:07:47.118] [Netty Epoll Server IO #4/DEBUG] [net.minecraftforge.network.HandshakeHandler/FMLHANDSHAKE]: Received client indexed reply 24 of type net.minecraftforge.network.HandshakeMessages$C2SAcknowledge
[23Sep2025 04:07:47.118] [Netty Epoll Server IO #4/DEBUG] [net.minecraftforge.network.HandshakeHandler/FMLHANDSHAKE]: Received acknowledgement from client
[23Sep2025 04:07:47.171] [Netty Epoll Server IO #4/DEBUG] [net.minecraftforge.network.LoginWrapper/FMLHANDSHAKE]: Recieved login wrapper packet event for channel fml:handshake with index 25
[23Sep2025 04:07:47.172] [Netty Epoll Server IO #4/DEBUG] [net.minecraftforge.network.HandshakeHandler/FMLHANDSHAKE]: Received client indexed reply 25 of type net.minecraftforge.network.HandshakeMessages$C2SAcknowledge
[23Sep2025 04:07:47.172] [Netty Epoll Server IO #4/DEBUG] [net.minecraftforge.network.HandshakeHandler/FMLHANDSHAKE]: Received acknowledgement from client
[23Sep2025 04:07:47.182] [Netty Epoll Server IO #4/DEBUG] [net.minecraftforge.network.LoginWrapper/FMLHANDSHAKE]: Recieved login wrapper packet event for channel fml:handshake with index 26
[23Sep2025 04:07:47.182] [Netty Epoll Server IO #4/DEBUG] [net.minecraftforge.network.HandshakeHandler/FMLHANDSHAKE]: Received client indexed reply 26 of type net.minecraftforge.network.HandshakeMessages$C2SAcknowledge
[23Sep2025 04:07:47.182] [Netty Epoll Server IO #4/DEBUG] [net.minecraftforge.network.HandshakeHandler/FMLHANDSHAKE]: Received acknowledgement from client
[23Sep2025 04:07:47.185] [Netty Epoll Server IO #4/DEBUG] [net.minecraftforge.network.LoginWrapper/FMLHANDSHAKE]: Recieved login wrapper packet event for channel fml:handshake with index 27
[23Sep2025 04:07:47.185] [Netty Epoll Server IO #4/DEBUG] [net.minecraftforge.network.HandshakeHandler/FMLHANDSHAKE]: Received client indexed reply 27 of type net.minecraftforge.network.HandshakeMessages$C2SAcknowledge
[23Sep2025 04:07:47.185] [Netty Epoll Server IO #4/DEBUG] [net.minecraftforge.network.HandshakeHandler/FMLHANDSHAKE]: Received acknowledgement from client
[23Sep2025 04:07:47.192] [Netty Epoll Server IO #4/DEBUG] [net.minecraftforge.network.LoginWrapper/FMLHANDSHAKE]: Recieved login wrapper packet event for channel fml:handshake with index 28
[23Sep2025 04:07:47.192] [Netty Epoll Server IO #4/DEBUG] [net.minecraftforge.network.HandshakeHandler/FMLHANDSHAKE]: Received client indexed reply 28 of type net.minecraftforge.network.HandshakeMessages$C2SAcknowledge
[23Sep2025 04:07:47.192] [Netty Epoll Server IO #4/DEBUG] [net.minecraftforge.network.HandshakeHandler/FMLHANDSHAKE]: Received acknowledgement from client
[23Sep2025 04:07:47.221] [Netty Epoll Server IO #4/DEBUG] [net.minecraftforge.network.LoginWrapper/FMLHANDSHAKE]: Recieved login wrapper packet event for channel fml:handshake with index 29
[23Sep2025 04:07:47.221] [Netty Epoll Server IO #4/DEBUG] [net.minecraftforge.network.HandshakeHandler/FMLHANDSHAKE]: Received client indexed reply 29 of type net.minecraftforge.network.HandshakeMessages$C2SAcknowledge
[23Sep2025 04:07:47.221] [Netty Epoll Server IO #4/DEBUG] [net.minecraftforge.network.HandshakeHandler/FMLHANDSHAKE]: Received acknowledgement from client
[23Sep2025 04:07:47.221] [Netty Epoll Server IO #4/DEBUG] [net.minecraftforge.network.LoginWrapper/FMLHANDSHAKE]: Recieved login wrapper packet event for channel fml:handshake with index 30
[23Sep2025 04:07:47.221] [Netty Epoll Server IO #4/DEBUG] [net.minecraftforge.network.HandshakeHandler/FMLHANDSHAKE]: Received client indexed reply 30 of type net.minecraftforge.network.HandshakeMessages$C2SAcknowledge
[23Sep2025 04:07:47.221] [Netty Epoll Server IO #4/DEBUG] [net.minecraftforge.network.HandshakeHandler/FMLHANDSHAKE]: Received acknowledgement from client
[23Sep2025 04:07:47.221] [Netty Epoll Server IO #4/DEBUG] [net.minecraftforge.network.LoginWrapper/FMLHANDSHAKE]: Recieved login wrapper packet event for channel fml:handshake with index 31
[23Sep2025 04:07:47.221] [Netty Epoll Server IO #4/DEBUG] [net.minecraftforge.network.HandshakeHandler/FMLHANDSHAKE]: Received client indexed reply 31 of type net.minecraftforge.network.HandshakeMessages$C2SAcknowledge
[23Sep2025 04:07:47.222] [Netty Epoll Server IO #4/DEBUG] [net.minecraftforge.network.HandshakeHandler/FMLHANDSHAKE]: Received acknowledgement from client
[23Sep2025 04:07:47.231] [Netty Epoll Server IO #4/DEBUG] [net.minecraftforge.network.LoginWrapper/FMLHANDSHAKE]: Recieved login wrapper packet event for channel fml:handshake with index 32
[23Sep2025 04:07:47.231] [Netty Epoll Server IO #4/DEBUG] [net.minecraftforge.network.HandshakeHandler/FMLHANDSHAKE]: Received client indexed reply 32 of type net.minecraftforge.network.HandshakeMessages$C2SAcknowledge
[23Sep2025 04:07:47.231] [Netty Epoll Server IO #4/DEBUG] [net.minecraftforge.network.HandshakeHandler/FMLHANDSHAKE]: Received acknowledgement from client
[23Sep2025 04:07:47.232] [Server thread/DEBUG] [net.minecraftforge.network.HandshakeHandler/FMLHANDSHAKE]: Handshake complete!
[23Sep2025 04:07:47.339] [Server thread/INFO] [net.minecraft.server.players.PlayerList/]: abi3mael[/127.152.24.121:59481] logged in with entity id 3023 at (-1439.699999988079, -14.718884083748943, -260.51249998807907)
[23Sep2025 04:07:47.339] [Server thread/DEBUG] [net.minecraftforge.network.filters.NetworkFilters/]: Injected net.minecraftforge.network.filters.ForgeConnectionNetworkFilter@1ffe1f83 into net.minecraft.network.Connection@193e0150
[23Sep2025 04:07:47.369] [Server thread/INFO] [net.minecraft.server.MinecraftServer/]: abi3mael joined the game
[23Sep2025 04:07:47.424] [Server thread/INFO] [Jade/]: Syncing config to abi3mael (8f03ef64-8c74-3517-aa25-f6082e876e8b)
[23Sep2025 04:08:17.431] [Server thread/INFO] [net.minecraft.server.network.ServerGamePacketListenerImpl/]: abi3mael lost connection: Disconnected
[23Sep2025 04:08:17.431] [Server thread/INFO] [net.minecraft.server.MinecraftServer/]: abi3mael left the game
[23Sep2025 04:08:17.493] [Server thread/WARN] [net.minecraft.network.Connection/]: handleDisconnection() called twice
[23Sep2025 04:09:41.938] [Server thread/DEBUG] [Spartan Weaponry/]: Intercepted DamageSource.playerAttack() method!
[23Sep2025 04:10:25.842] [Server thread/DEBUG] [net.minecraftforge.common.ForgeHooks/WP]: Gathering id map for writing to world save world
[23Sep2025 04:10:25.861] [Server thread/DEBUG] [net.minecraftforge.common.ForgeHooks/WP]: ID Map collection complete world
[23Sep2025 04:10:29.676] [Netty Epoll Server IO #7/DEBUG] [net.minecraftforge.network.HandshakeHandler/FMLHANDSHAKE]: Starting new modded impl connection. Found 33 messages to dispatch.
[23Sep2025 04:10:29.688] [Server thread/DEBUG] [net.minecraftforge.network.HandshakeHandler/FMLHANDSHAKE]: Sending ticking packet info 'net.minecraftforge.network.HandshakeMessages$S2CModData' to 'fml:handshake' sequence 0
[23Sep2025 04:10:29.739] [Server thread/DEBUG] [net.minecraftforge.network.HandshakeHandler/FMLHANDSHAKE]: Sending ticking packet info 'net.minecraftforge.network.HandshakeMessages$S2CModList' to 'fml:handshake' sequence 1
[23Sep2025 04:10:29.796] [Server thread/DEBUG] [net.minecraftforge.network.HandshakeHandler/FMLHANDSHAKE]: Sending ticking packet info 'Registry minecraft:command_argument_type' to 'fml:handshake' sequence 2
[23Sep2025 04:10:29.836] [Server thread/DEBUG] [net.minecraftforge.network.HandshakeHandler/FMLHANDSHAKE]: Sending ticking packet info 'Registry minecraft:recipe_serializer' to 'fml:handshake' sequence 3
[23Sep2025 04:10:29.885] [Server thread/DEBUG] [net.minecraftforge.network.HandshakeHandler/FMLHANDSHAKE]: Sending ticking packet info 'Registry minecraft:sound_event' to 'fml:handshake' sequence 4
[23Sep2025 04:10:29.937] [Server thread/DEBUG] [net.minecraftforge.network.HandshakeHandler/FMLHANDSHAKE]: Sending ticking packet info 'Registry minecraft:particle_type' to 'fml:handshake' sequence 5
[23Sep2025 04:10:29.987] [Server thread/DEBUG] [net.minecraftforge.network.HandshakeHandler/FMLHANDSHAKE]: Sending ticking packet info 'Registry minecraft:villager_profession' to 'fml:handshake' sequence 6
[23Sep2025 04:10:30.042] [Server thread/DEBUG] [net.minecraftforge.network.HandshakeHandler/FMLHANDSHAKE]: Sending ticking packet info 'Registry minecraft:item' to 'fml:handshake' sequence 7
[23Sep2025 04:10:30.086] [Server thread/DEBUG] [net.minecraftforge.network.HandshakeHandler/FMLHANDSHAKE]: Sending ticking packet info 'Registry minecraft:potion' to 'fml:handshake' sequence 8
[23Sep2025 04:10:30.134] [Server thread/DEBUG] [net.minecraftforge.network.HandshakeHandler/FMLHANDSHAKE]: Sending ticking packet info 'Registry minecraft:painting_variant' to 'fml:handshake' sequence 9
[23Sep2025 04:10:30.187] [Server thread/DEBUG] [net.minecraftforge.network.HandshakeHandler/FMLHANDSHAKE]: Sending ticking packet info 'Registry forge:fluid_type' to 'fml:handshake' sequence 10
[23Sep2025 04:10:30.228] [Server thread/DEBUG] [net.minecraftforge.network.HandshakeHandler/FMLHANDSHAKE]: Sending ticking packet info 'Registry minecraft:block_entity_type' to 'fml:handshake' sequence 11
[23Sep2025 04:10:30.286] [Server thread/DEBUG] [net.minecraftforge.network.HandshakeHandler/FMLHANDSHAKE]: Sending ticking packet info 'Registry forge:display_contexts' to 'fml:handshake' sequence 12
[23Sep2025 04:10:30.336] [Server thread/DEBUG] [net.minecraftforge.network.HandshakeHandler/FMLHANDSHAKE]: Sending ticking packet info 'Registry minecraft:block' to 'fml:handshake' sequence 13
[23Sep2025 04:10:30.388] [Server thread/DEBUG] [net.minecraftforge.network.HandshakeHandler/FMLHANDSHAKE]: Sending ticking packet info 'Registry spartanweaponry:oil_effects' to 'fml:handshake' sequence 14
[23Sep2025 04:10:30.429] [Server thread/DEBUG] [net.minecraftforge.network.HandshakeHandler/FMLHANDSHAKE]: Sending ticking packet info 'Registry forge:entity_data_serializers' to 'fml:handshake' sequence 15
[23Sep2025 04:10:30.486] [Server thread/DEBUG] [net.minecraftforge.network.HandshakeHandler/FMLHANDSHAKE]: Sending ticking packet info 'Registry spartanweaponry:weapon_traits' to 'fml:handshake' sequence 16
[23Sep2025 04:10:30.531] [Server thread/DEBUG] [net.minecraftforge.network.HandshakeHandler/FMLHANDSHAKE]: Sending ticking packet info 'Registry minecraft:mob_effect' to 'fml:handshake' sequence 17
[23Sep2025 04:10:30.582] [Server thread/DEBUG] [net.minecraftforge.network.HandshakeHandler/FMLHANDSHAKE]: Sending ticking packet info 'Registry minecraft:stat_type' to 'fml:handshake' sequence 18
[23Sep2025 04:10:30.635] [Server thread/DEBUG] [net.minecraftforge.network.HandshakeHandler/FMLHANDSHAKE]: Sending ticking packet info 'Registry superbwarfare:perk' to 'fml:handshake' sequence 19
[23Sep2025 04:10:30.660] [Netty Epoll Server IO #7/DEBUG] [net.minecraftforge.network.LoginWrapper/FMLHANDSHAKE]: Recieved login wrapper packet event for channel fml:handshake with index 1
[23Sep2025 04:10:30.661] [Netty Epoll Server IO #7/DEBUG] [net.minecraftforge.network.HandshakeHandler/FMLHANDSHAKE]: Received client indexed reply 1 of type net.minecraftforge.network.HandshakeMessages$C2SModListReply
[23Sep2025 04:10:30.661] [Netty Epoll Server IO #7/DEBUG] [net.minecraftforge.network.HandshakeHandler/FMLHANDSHAKE]: Received client connection with modlist [minecraft, farmersdelight, jade, butcher, geckolib, jei, goblintraders, kotlinforforge, sophisticatedcore, curios, spartanshields, journeymap, citadel, alexsmobs, securitycraft, mixinextras, tombstone, sophisticatedbackpacks, spartanweaponry, superbwarfare, pickupnotifier, iceandfire, puzzleslib, framework, fallingtree, puzzlesaccessapi, forge, ingotcraft, tlskincape]
[23Sep2025 04:10:30.661] [Netty Epoll Server IO #7/DEBUG] [net.minecraftforge.network.NetworkRegistry/NETREGISTRY]: Channel 'jei:channel' : Version test of '1.0.0' from client : ACCEPTED
[23Sep2025 04:10:30.661] [Netty Epoll Server IO #7/DEBUG] [net.minecraftforge.network.NetworkRegistry/NETREGISTRY]: Channel 'minecraft:unregister' : Version test of 'FML3' from client : ACCEPTED
[23Sep2025 04:10:30.661] [Netty Epoll Server IO #7/DEBUG] [net.minecraftforge.network.NetworkRegistry/NETREGISTRY]: Channel 'sophisticatedbackpacks:channel' : Version test of '1' from client : ACCEPTED
[23Sep2025 04:10:30.661] [Netty Epoll Server IO #7/DEBUG] [net.minecraftforge.network.NetworkRegistry/NETREGISTRY]: Channel 'citadel:main_channel' : Version test of '1' from client : ACCEPTED
[23Sep2025 04:10:30.661] [Netty Epoll Server IO #7/DEBUG] [net.minecraftforge.network.NetworkRegistry/NETREGISTRY]: Channel 'puzzleslib:1' : Version test of '1' from client : ACCEPTED
[23Sep2025 04:10:30.661] [Netty Epoll Server IO #7/DEBUG] [net.minecraftforge.network.NetworkRegistry/NETREGISTRY]: Channel 'securitycraft:securitycraft' : Version test of 'v1.10.0.1' from client : ACCEPTED
[23Sep2025 04:10:30.661] [Netty Epoll Server IO #7/DEBUG] [net.minecraftforge.network.NetworkRegistry/NETREGISTRY]: Channel 'iceandfire:main_channel' : Version test of '1' from client : ACCEPTED
[23Sep2025 04:10:30.661] [Netty Epoll Server IO #7/DEBUG] [net.minecraftforge.network.NetworkRegistry/NETREGISTRY]: Channel 'framework:play' : Version test of '1' from client : ACCEPTED
[23Sep2025 04:10:30.661] [Netty Epoll Server IO #7/DEBUG] [net.minecraftforge.network.NetworkRegistry/NETREGISTRY]: Channel 'fallingtree:main' : Version test of '1' from client : ACCEPTED
[23Sep2025 04:10:30.661] [Netty Epoll Server IO #7/DEBUG] [net.minecraftforge.network.NetworkRegistry/NETREGISTRY]: Channel 'curios:main' : Version test of '1' from client : ACCEPTED
[23Sep2025 04:10:30.661] [Netty Epoll Server IO #7/DEBUG] [net.minecraftforge.network.NetworkRegistry/NETREGISTRY]: Channel 'framework:handshake' : Version test of '1' from client : ACCEPTED
[23Sep2025 04:10:30.661] [Netty Epoll Server IO #7/DEBUG] [net.minecraftforge.network.NetworkRegistry/NETREGISTRY]: Channel 'fml:loginwrapper' : Version test of 'FML3' from client : ACCEPTED
[23Sep2025 04:10:30.661] [Netty Epoll Server IO #7/DEBUG] [net.minecraftforge.network.NetworkRegistry/NETREGISTRY]: Channel 'forge:tier_sorting' : Version test of '1.0' from client : ACCEPTED
[23Sep2025 04:10:30.661] [Netty Epoll Server IO #7/DEBUG] [net.minecraftforge.network.NetworkRegistry/NETREGISTRY]: Channel 'spartanshields:network' : Version test of '1' from client : ACCEPTED
[23Sep2025 04:10:30.661] [Netty Epoll Server IO #7/DEBUG] [net.minecraftforge.network.NetworkRegistry/NETREGISTRY]: Channel 'alexsmobs:main_channel' : Version test of '1' from client : ACCEPTED
[23Sep2025 04:10:30.661] [Netty Epoll Server IO #7/DEBUG] [net.minecraftforge.network.NetworkRegistry/NETREGISTRY]: Channel 'tombstone:tombstone_channel' : Version test of 'tombstone-9.0.9' from client : ACCEPTED
[23Sep2025 04:10:30.661] [Netty Epoll Server IO #7/DEBUG] [net.minecraftforge.network.NetworkRegistry/NETREGISTRY]: Channel 'fml:play' : Version test of 'FML3' from client : ACCEPTED
[23Sep2025 04:10:30.661] [Netty Epoll Server IO #7/DEBUG] [net.minecraftforge.network.NetworkRegistry/NETREGISTRY]: Channel 'pickupnotifier:1' : Version test of '1' from client : ACCEPTED
[23Sep2025 04:10:30.661] [Netty Epoll Server IO #7/DEBUG] [net.minecraftforge.network.NetworkRegistry/NETREGISTRY]: Channel 'sophisticatedcore:channel' : Version test of '1' from client : ACCEPTED
[23Sep2025 04:10:30.661] [Netty Epoll Server IO #7/DEBUG] [net.minecraftforge.network.NetworkRegistry/NETREGISTRY]: Channel 'fml:handshake' : Version test of 'FML3' from client : ACCEPTED
[23Sep2025 04:10:30.661] [Netty Epoll Server IO #7/DEBUG] [net.minecraftforge.network.NetworkRegistry/NETREGISTRY]: Channel 'spartanweaponry:network' : Version test of '1' from client : ACCEPTED
[23Sep2025 04:10:30.661] [Netty Epoll Server IO #7/DEBUG] [net.minecraftforge.network.NetworkRegistry/NETREGISTRY]: Channel 'minecraft:register' : Version test of 'FML3' from client : ACCEPTED
[23Sep2025 04:10:30.661] [Netty Epoll Server IO #7/DEBUG] [net.minecraftforge.network.NetworkRegistry/NETREGISTRY]: Channel 'forge:split' : Version test of '1.1' from client : ACCEPTED
[23Sep2025 04:10:30.661] [Netty Epoll Server IO #7/DEBUG] [net.minecraftforge.network.NetworkRegistry/NETREGISTRY]: Channel 'superbwarfare:superbwarfare' : Version test of '1' from client : ACCEPTED
[23Sep2025 04:10:30.661] [Netty Epoll Server IO #7/DEBUG] [net.minecraftforge.network.NetworkRegistry/NETREGISTRY]: Channel 'butcher:butcher' : Version test of '1' from client : ACCEPTED
[23Sep2025 04:10:30.661] [Netty Epoll Server IO #7/DEBUG] [net.minecraftforge.network.NetworkRegistry/NETREGISTRY]: Channel 'geckolib:main' : Version test of '1' from client : ACCEPTED
[23Sep2025 04:10:30.661] [Netty Epoll Server IO #7/DEBUG] [net.minecraftforge.network.NetworkRegistry/NETREGISTRY]: Channel 'jade:networking' : Version test of '2' from client : ACCEPTED
[23Sep2025 04:10:30.661] [Netty Epoll Server IO #7/DEBUG] [net.minecraftforge.network.NetworkRegistry/NETREGISTRY]: Accepting channel list from client
[23Sep2025 04:10:30.661] [Netty Epoll Server IO #7/DEBUG] [net.minecraftforge.network.HandshakeHandler/FMLHANDSHAKE]: Accepted client connection mod list
[23Sep2025 04:10:30.684] [Server thread/DEBUG] [net.minecraftforge.network.HandshakeHandler/FMLHANDSHAKE]: Sending ticking packet info 'Registry tombstone:perks' to 'fml:handshake' sequence 20
[23Sep2025 04:10:30.733] [Server thread/DEBUG] [net.minecraftforge.network.HandshakeHandler/FMLHANDSHAKE]: Sending ticking packet info 'Registry minecraft:menu' to 'fml:handshake' sequence 21
[23Sep2025 04:10:30.780] [Server thread/DEBUG] [net.minecraftforge.network.HandshakeHandler/FMLHANDSHAKE]: Sending ticking packet info 'Registry minecraft:enchantment' to 'fml:handshake' sequence 22
[23Sep2025 04:10:30.836] [Server thread/DEBUG] [net.minecraftforge.network.HandshakeHandler/FMLHANDSHAKE]: Sending ticking packet info 'Registry minecraft:fluid' to 'fml:handshake' sequence 23
[23Sep2025 04:10:30.882] [Server thread/DEBUG] [net.minecraftforge.network.HandshakeHandler/FMLHANDSHAKE]: Sending ticking packet info 'Registry minecraft:entity_type' to 'fml:handshake' sequence 24
[23Sep2025 04:10:30.935] [Server thread/DEBUG] [net.minecraftforge.network.HandshakeHandler/FMLHANDSHAKE]: Sending ticking packet info 'Config securitycraft-server.toml' to 'fml:handshake' sequence 25
[23Sep2025 04:10:30.984] [Server thread/DEBUG] [net.minecraftforge.network.HandshakeHandler/FMLHANDSHAKE]: Sending ticking packet info 'Config superbwarfare-server.toml' to 'fml:handshake' sequence 26
[23Sep2025 04:10:31.033] [Server thread/DEBUG] [net.minecraftforge.network.HandshakeHandler/FMLHANDSHAKE]: Sending ticking packet info 'Config curios-server.toml' to 'fml:handshake' sequence 27
[23Sep2025 04:10:31.084] [Server thread/DEBUG] [net.minecraftforge.network.HandshakeHandler/FMLHANDSHAKE]: Sending ticking packet info 'Config tombstone-server.toml' to 'fml:handshake' sequence 28
[23Sep2025 04:10:31.133] [Server thread/DEBUG] [net.minecraftforge.network.HandshakeHandler/FMLHANDSHAKE]: Sending ticking packet info 'Config sophisticatedbackpacks-server.toml' to 'fml:handshake' sequence 29
[23Sep2025 04:10:31.185] [Server thread/DEBUG] [net.minecraftforge.network.HandshakeHandler/FMLHANDSHAKE]: Sending ticking packet info 'Config pickupnotifier/pickupnotifier-server.toml' to 'fml:handshake' sequence 30
[23Sep2025 04:10:31.232] [Server thread/DEBUG] [net.minecraftforge.network.HandshakeHandler/FMLHANDSHAKE]: Sending ticking packet info 'Config jei-server.toml' to 'fml:handshake' sequence 31
[23Sep2025 04:10:31.285] [Server thread/DEBUG] [net.minecraftforge.network.HandshakeHandler/FMLHANDSHAKE]: Sending ticking packet info 'Config forge-server.toml' to 'fml:handshake' sequence 32
[23Sep2025 04:10:31.787] [Netty Epoll Server IO #7/DEBUG] [net.minecraftforge.network.LoginWrapper/FMLHANDSHAKE]: Recieved login wrapper packet event for channel fml:handshake with index 2
[23Sep2025 04:10:31.787] [Netty Epoll Server IO #7/DEBUG] [net.minecraftforge.network.HandshakeHandler/FMLHANDSHAKE]: Received client indexed reply 2 of type net.minecraftforge.network.HandshakeMessages$C2SAcknowledge
[23Sep2025 04:10:31.787] [Netty Epoll Server IO #7/DEBUG] [net.minecraftforge.network.HandshakeHandler/FMLHANDSHAKE]: Received acknowledgement from client
[23Sep2025 04:10:31.787] [Netty Epoll Server IO #7/DEBUG] [net.minecraftforge.network.LoginWrapper/FMLHANDSHAKE]: Recieved login wrapper packet event for channel fml:handshake with index 3
[23Sep2025 04:10:31.787] [Netty Epoll Server IO #7/DEBUG] [net.minecraftforge.network.HandshakeHandler/FMLHANDSHAKE]: Received client indexed reply 3 of type net.minecraftforge.network.HandshakeMessages$C2SAcknowledge
[23Sep2025 04:10:31.787] [Netty Epoll Server IO #7/DEBUG] [net.minecraftforge.network.HandshakeHandler/FMLHANDSHAKE]: Received acknowledgement from client
[23Sep2025 04:10:47.673] [Netty Epoll Server IO #7/DEBUG] [net.minecraftforge.network.LoginWrapper/FMLHANDSHAKE]: Recieved login wrapper packet event for channel fml:handshake with index 4
[23Sep2025 04:10:47.673] [Netty Epoll Server IO #7/DEBUG] [net.minecraftforge.network.HandshakeHandler/FMLHANDSHAKE]: Received client indexed reply 4 of type net.minecraftforge.network.HandshakeMessages$C2SAcknowledge
[23Sep2025 04:10:47.673] [Netty Epoll Server IO #7/DEBUG] [net.minecraftforge.network.HandshakeHandler/FMLHANDSHAKE]: Received acknowledgement from client
[23Sep2025 04:10:48.046] [Netty Epoll Server IO #7/DEBUG] [net.minecraftforge.network.LoginWrapper/FMLHANDSHAKE]: Recieved login wrapper packet event for channel fml:handshake with index 5
[23Sep2025 04:10:48.047] [Netty Epoll Server IO #7/DEBUG] [net.minecraftforge.network.HandshakeHandler/FMLHANDSHAKE]: Received client indexed reply 5 of type net.minecraftforge.network.HandshakeMessages$C2SAcknowledge
[23Sep2025 04:10:48.047] [Netty Epoll Server IO #7/DEBUG] [net.minecraftforge.network.HandshakeHandler/FMLHANDSHAKE]: Received acknowledgement from client
[23Sep2025 04:10:48.047] [Netty Epoll Server IO #7/DEBUG] [net.minecraftforge.network.LoginWrapper/FMLHANDSHAKE]: Recieved login wrapper packet event for channel fml:handshake with index 6
[23Sep2025 04:10:48.047] [Netty Epoll Server IO #7/DEBUG] [net.minecraftforge.network.HandshakeHandler/FMLHANDSHAKE]: Received client indexed reply 6 of type net.minecraftforge.network.HandshakeMessages$C2SAcknowledge
[23Sep2025 04:10:48.047] [Netty Epoll Server IO #7/DEBUG] [net.minecraftforge.network.HandshakeHandler/FMLHANDSHAKE]: Received acknowledgement from client
[23Sep2025 04:10:59.682] [Server thread/INFO] [net.minecraft.server.network.ServerLoginPacketListenerImpl/]: Disconnecting com.mojang.authlib.GameProfile@3b85640e[id=<null>,name=abi3mael,properties={},legacy=false] (/127.152.24.121:48277): Took too long to log in
[23Sep2025 04:10:59.683] [Server thread/INFO] [net.minecraft.server.network.ServerLoginPacketListenerImpl/]: com.mojang.authlib.GameProfile@3b85640e[id=<null>,name=abi3mael,properties={},legacy=false] (/127.152.24.121:48277) lost connection: Took too long to log in
[23Sep2025 04:10:59.733] [Server thread/WARN] [net.minecraft.network.Connection/]: handleDisconnection() called twice
[23Sep2025 04:11:28.161] [Netty Epoll Server IO #1/DEBUG] [net.minecraftforge.network.HandshakeHandler/FMLHANDSHAKE]: Starting new modded impl connection. Found 33 messages to dispatch.
[23Sep2025 04:11:28.185] [Server thread/DEBUG] [net.minecraftforge.network.HandshakeHandler/FMLHANDSHAKE]: Sending ticking packet info 'net.minecraftforge.network.HandshakeMessages$S2CModData' to 'fml:handshake' sequence 0
[23Sep2025 04:11:28.231] [Server thread/DEBUG] [net.minecraftforge.network.HandshakeHandler/FMLHANDSHAKE]: Sending ticking packet info 'net.minecraftforge.network.HandshakeMessages$S2CModList' to 'fml:handshake' sequence 1
[23Sep2025 04:11:28.285] [Server thread/DEBUG] [net.minecraftforge.network.HandshakeHandler/FMLHANDSHAKE]: Sending ticking packet info 'Registry minecraft:command_argument_type' to 'fml:handshake' sequence 2
[23Sep2025 04:11:28.336] [Server thread/DEBUG] [net.minecraftforge.network.HandshakeHandler/FMLHANDSHAKE]: Sending ticking packet info 'Registry minecraft:recipe_serializer' to 'fml:handshake' sequence 3
[23Sep2025 04:11:28.408] [Server thread/DEBUG] [net.minecraftforge.network.HandshakeHandler/FMLHANDSHAKE]: Sending ticking packet info 'Registry minecraft:sound_event' to 'fml:handshake' sequence 4
[23Sep2025 04:11:28.439] [Server thread/DEBUG] [net.minecraftforge.network.HandshakeHandler/FMLHANDSHAKE]: Sending ticking packet info 'Registry minecraft:particle_type' to 'fml:handshake' sequence 5
[23Sep2025 04:11:28.486] [Server thread/DEBUG] [net.minecraftforge.network.HandshakeHandler/FMLHANDSHAKE]: Sending ticking packet info 'Registry minecraft:villager_profession' to 'fml:handshake' sequence 6
[23Sep2025 04:11:28.531] [Server thread/DEBUG] [net.minecraftforge.network.HandshakeHandler/FMLHANDSHAKE]: Sending ticking packet info 'Registry minecraft:item' to 'fml:handshake' sequence 7
[23Sep2025 04:11:28.563] [Netty Epoll Server IO #1/DEBUG] [net.minecraftforge.network.LoginWrapper/FMLHANDSHAKE]: Recieved login wrapper packet event for channel fml:handshake with index 1
[23Sep2025 04:11:28.563] [Netty Epoll Server IO #1/DEBUG] [net.minecraftforge.network.HandshakeHandler/FMLHANDSHAKE]: Received client indexed reply 1 of type net.minecraftforge.network.HandshakeMessages$C2SModListReply
[23Sep2025 04:11:28.563] [Netty Epoll Server IO #1/DEBUG] [net.minecraftforge.network.HandshakeHandler/FMLHANDSHAKE]: Received client connection with modlist [minecraft, farmersdelight, jade, butcher, geckolib, jei, goblintraders, kotlinforforge, sophisticatedcore, curios, spartanshields, journeymap, citadel, alexsmobs, securitycraft, mixinextras, tombstone, sophisticatedbackpacks, spartanweaponry, superbwarfare, pickupnotifier, iceandfire, puzzleslib, framework, fallingtree, puzzlesaccessapi, forge, ingotcraft, tlskincape]
[23Sep2025 04:11:28.563] [Netty Epoll Server IO #1/DEBUG] [net.minecraftforge.network.NetworkRegistry/NETREGISTRY]: Channel 'jei:channel' : Version test of '1.0.0' from client : ACCEPTED
[23Sep2025 04:11:28.563] [Netty Epoll Server IO #1/DEBUG] [net.minecraftforge.network.NetworkRegistry/NETREGISTRY]: Channel 'minecraft:unregister' : Version test of 'FML3' from client : ACCEPTED
[23Sep2025 04:11:28.564] [Netty Epoll Server IO #1/DEBUG] [net.minecraftforge.network.NetworkRegistry/NETREGISTRY]: Channel 'sophisticatedbackpacks:channel' : Version test of '1' from client : ACCEPTED
[23Sep2025 04:11:28.564] [Netty Epoll Server IO #1/DEBUG] [net.minecraftforge.network.NetworkRegistry/NETREGISTRY]: Channel 'citadel:main_channel' : Version test of '1' from client : ACCEPTED
[23Sep2025 04:11:28.564] [Netty Epoll Server IO #1/DEBUG] [net.minecraftforge.network.NetworkRegistry/NETREGISTRY]: Channel 'puzzleslib:1' : Version test of '1' from client : ACCEPTED
[23Sep2025 04:11:28.564] [Netty Epoll Server IO #1/DEBUG] [net.minecraftforge.network.NetworkRegistry/NETREGISTRY]: Channel 'securitycraft:securitycraft' : Version test of 'v1.10.0.1' from client : ACCEPTED
[23Sep2025 04:11:28.564] [Netty Epoll Server IO #1/DEBUG] [net.minecraftforge.network.NetworkRegistry/NETREGISTRY]: Channel 'iceandfire:main_channel' : Version test of '1' from client : ACCEPTED
[23Sep2025 04:11:28.564] [Netty Epoll Server IO #1/DEBUG] [net.minecraftforge.network.NetworkRegistry/NETREGISTRY]: Channel 'framework:play' : Version test of '1' from client : ACCEPTED
[23Sep2025 04:11:28.564] [Netty Epoll Server IO #1/DEBUG] [net.minecraftforge.network.NetworkRegistry/NETREGISTRY]: Channel 'fallingtree:main' : Version test of '1' from client : ACCEPTED
[23Sep2025 04:11:28.564] [Netty Epoll Server IO #1/DEBUG] [net.minecraftforge.network.NetworkRegistry/NETREGISTRY]: Channel 'curios:main' : Version test of '1' from client : ACCEPTED
[23Sep2025 04:11:28.564] [Netty Epoll Server IO #1/DEBUG] [net.minecraftforge.network.NetworkRegistry/NETREGISTRY]: Channel 'framework:handshake' : Version test of '1' from client : ACCEPTED
[23Sep2025 04:11:28.564] [Netty Epoll Server IO #1/DEBUG] [net.minecraftforge.network.NetworkRegistry/NETREGISTRY]: Channel 'fml:loginwrapper' : Version test of 'FML3' from client : ACCEPTED
[23Sep2025 04:11:28.564] [Netty Epoll Server IO #1/DEBUG] [net.minecraftforge.network.NetworkRegistry/NETREGISTRY]: Channel 'forge:tier_sorting' : Version test of '1.0' from client : ACCEPTED
[23Sep2025 04:11:28.564] [Netty Epoll Server IO #1/DEBUG] [net.minecraftforge.network.NetworkRegistry/NETREGISTRY]: Channel 'spartanshields:network' : Version test of '1' from client : ACCEPTED
[23Sep2025 04:11:28.564] [Netty Epoll Server IO #1/DEBUG] [net.minecraftforge.network.NetworkRegistry/NETREGISTRY]: Channel 'alexsmobs:main_channel' : Version test of '1' from client : ACCEPTED
[23Sep2025 04:11:28.564] [Netty Epoll Server IO #1/DEBUG] [net.minecraftforge.network.NetworkRegistry/NETREGISTRY]: Channel 'tombstone:tombstone_channel' : Version test of 'tombstone-9.0.9' from client : ACCEPTED
[23Sep2025 04:11:28.564] [Netty Epoll Server IO #1/DEBUG] [net.minecraftforge.network.NetworkRegistry/NETREGISTRY]: Channel 'fml:play' : Version test of 'FML3' from client : ACCEPTED
[23Sep2025 04:11:28.564] [Netty Epoll Server IO #1/DEBUG] [net.minecraftforge.network.NetworkRegistry/NETREGISTRY]: Channel 'pickupnotifier:1' : Version test of '1' from client : ACCEPTED
[23Sep2025 04:11:28.564] [Netty Epoll Server IO #1/DEBUG] [net.minecraftforge.network.NetworkRegistry/NETREGISTRY]: Channel 'sophisticatedcore:channel' : Version test of '1' from client : ACCEPTED
[23Sep2025 04:11:28.564] [Netty Epoll Server IO #1/DEBUG] [net.minecraftforge.network.NetworkRegistry/NETREGISTRY]: Channel 'fml:handshake' : Version test of 'FML3' from client : ACCEPTED
[23Sep2025 04:11:28.564] [Netty Epoll Server IO #1/DEBUG] [net.minecraftforge.network.NetworkRegistry/NETREGISTRY]: Channel 'spartanweaponry:network' : Version test of '1' from client : ACCEPTED
[23Sep2025 04:11:28.564] [Netty Epoll Server IO #1/DEBUG] [net.minecraftforge.network.NetworkRegistry/NETREGISTRY]: Channel 'minecraft:register' : Version test of 'FML3' from client : ACCEPTED
[23Sep2025 04:11:28.564] [Netty Epoll Server IO #1/DEBUG] [net.minecraftforge.network.NetworkRegistry/NETREGISTRY]: Channel 'forge:split' : Version test of '1.1' from client : ACCEPTED
[23Sep2025 04:11:28.564] [Netty Epoll Server IO #1/DEBUG] [net.minecraftforge.network.NetworkRegistry/NETREGISTRY]: Channel 'superbwarfare:superbwarfare' : Version test of '1' from client : ACCEPTED
[23Sep2025 04:11:28.564] [Netty Epoll Server IO #1/DEBUG] [net.minecraftforge.network.NetworkRegistry/NETREGISTRY]: Channel 'butcher:butcher' : Version test of '1' from client : ACCEPTED
[23Sep2025 04:11:28.564] [Netty Epoll Server IO #1/DEBUG] [net.minecraftforge.network.NetworkRegistry/NETREGISTRY]: Channel 'geckolib:main' : Version test of '1' from client : ACCEPTED
[23Sep2025 04:11:28.564] [Netty Epoll Server IO #1/DEBUG] [net.minecraftforge.network.NetworkRegistry/NETREGISTRY]: Channel 'jade:networking' : Version test of '2' from client : ACCEPTED
[23Sep2025 04:11:28.564] [Netty Epoll Server IO #1/DEBUG] [net.minecraftforge.network.NetworkRegistry/NETREGISTRY]: Accepting channel list from client
[23Sep2025 04:11:28.564] [Netty Epoll Server IO #1/DEBUG] [net.minecraftforge.network.HandshakeHandler/FMLHANDSHAKE]: Accepted client connection mod list
[23Sep2025 04:11:28.564] [Netty Epoll Server IO #1/DEBUG] [net.minecraftforge.network.LoginWrapper/FMLHANDSHAKE]: Recieved login wrapper packet event for channel fml:handshake with index 2
[23Sep2025 04:11:28.564] [Netty Epoll Server IO #1/DEBUG] [net.minecraftforge.network.HandshakeHandler/FMLHANDSHAKE]: Received client indexed reply 2 of type net.minecraftforge.network.HandshakeMessages$C2SAcknowledge
[23Sep2025 04:11:28.564] [Netty Epoll Server IO #1/DEBUG] [net.minecraftforge.network.HandshakeHandler/FMLHANDSHAKE]: Received acknowledgement from client
[23Sep2025 04:11:28.589] [Server thread/DEBUG] [net.minecraftforge.network.HandshakeHandler/FMLHANDSHAKE]: Sending ticking packet info 'Registry minecraft:potion' to 'fml:handshake' sequence 8
[23Sep2025 04:11:28.636] [Server thread/DEBUG] [net.minecraftforge.network.HandshakeHandler/FMLHANDSHAKE]: Sending ticking packet info 'Registry minecraft:painting_variant' to 'fml:handshake' sequence 9
[23Sep2025 04:11:28.683] [Server thread/DEBUG] [net.minecraftforge.network.HandshakeHandler/FMLHANDSHAKE]: Sending ticking packet info 'Registry forge:fluid_type' to 'fml:handshake' sequence 10
[23Sep2025 04:11:28.732] [Server thread/DEBUG] [net.minecraftforge.network.HandshakeHandler/FMLHANDSHAKE]: Sending ticking packet info 'Registry minecraft:block_entity_type' to 'fml:handshake' sequence 11
[23Sep2025 04:11:28.782] [Server thread/DEBUG] [net.minecraftforge.network.HandshakeHandler/FMLHANDSHAKE]: Sending ticking packet info 'Registry forge:display_contexts' to 'fml:handshake' sequence 12
[23Sep2025 04:11:28.835] [Server thread/DEBUG] [net.minecraftforge.network.HandshakeHandler/FMLHANDSHAKE]: Sending ticking packet info 'Registry minecraft:block' to 'fml:handshake' sequence 13
[23Sep2025 04:11:28.868] [Netty Epoll Server IO #1/DEBUG] [net.minecraftforge.network.LoginWrapper/FMLHANDSHAKE]: Recieved login wrapper packet event for channel fml:handshake with index 3
[23Sep2025 04:11:28.868] [Netty Epoll Server IO #1/DEBUG] [net.minecraftforge.network.HandshakeHandler/FMLHANDSHAKE]: Received client indexed reply 3 of type net.minecraftforge.network.HandshakeMessages$C2SAcknowledge
[23Sep2025 04:11:28.868] [Netty Epoll Server IO #1/DEBUG] [net.minecraftforge.network.HandshakeHandler/FMLHANDSHAKE]: Received acknowledgement from client
[23Sep2025 04:11:28.882] [Server thread/DEBUG] [net.minecraftforge.network.HandshakeHandler/FMLHANDSHAKE]: Sending ticking packet info 'Registry spartanweaponry:oil_effects' to 'fml:handshake' sequence 14
[23Sep2025 04:11:28.933] [Server thread/DEBUG] [net.minecraftforge.network.HandshakeHandler/FMLHANDSHAKE]: Sending ticking packet info 'Registry forge:entity_data_serializers' to 'fml:handshake' sequence 15
[23Sep2025 04:11:28.980] [Server thread/DEBUG] [net.minecraftforge.network.HandshakeHandler/FMLHANDSHAKE]: Sending ticking packet info 'Registry spartanweaponry:weapon_traits' to 'fml:handshake' sequence 16
[23Sep2025 04:11:29.032] [Server thread/DEBUG] [net.minecraftforge.network.HandshakeHandler/FMLHANDSHAKE]: Sending ticking packet info 'Registry minecraft:mob_effect' to 'fml:handshake' sequence 17
[23Sep2025 04:11:29.086] [Server thread/DEBUG] [net.minecraftforge.network.HandshakeHandler/FMLHANDSHAKE]: Sending ticking packet info 'Registry minecraft:stat_type' to 'fml:handshake' sequence 18
[23Sep2025 04:11:29.131] [Server thread/DEBUG] [net.minecraftforge.network.HandshakeHandler/FMLHANDSHAKE]: Sending ticking packet info 'Registry superbwarfare:perk' to 'fml:handshake' sequence 19
[23Sep2025 04:11:29.184] [Server thread/DEBUG] [net.minecraftforge.network.HandshakeHandler/FMLHANDSHAKE]: Sending ticking packet info 'Registry tombstone:perks' to 'fml:handshake' sequence 20
[23Sep2025 04:11:29.229] [Server thread/DEBUG] [net.minecraftforge.network.HandshakeHandler/FMLHANDSHAKE]: Sending ticking packet info 'Registry minecraft:menu' to 'fml:handshake' sequence 21
[23Sep2025 04:11:29.284] [Server thread/DEBUG] [net.minecraftforge.network.HandshakeHandler/FMLHANDSHAKE]: Sending ticking packet info 'Registry minecraft:enchantment' to 'fml:handshake' sequence 22
[23Sep2025 04:11:29.332] [Server thread/DEBUG] [net.minecraftforge.network.HandshakeHandler/FMLHANDSHAKE]: Sending ticking packet info 'Registry minecraft:fluid' to 'fml:handshake' sequence 23
[23Sep2025 04:11:29.381] [Server thread/DEBUG] [net.minecraftforge.network.HandshakeHandler/FMLHANDSHAKE]: Sending ticking packet info 'Registry minecraft:entity_type' to 'fml:handshake' sequence 24
[23Sep2025 04:11:29.434] [Server thread/DEBUG] [net.minecraftforge.network.HandshakeHandler/FMLHANDSHAKE]: Sending ticking packet info 'Config securitycraft-server.toml' to 'fml:handshake' sequence 25
[23Sep2025 04:11:29.495] [Server thread/DEBUG] [net.minecraftforge.network.HandshakeHandler/FMLHANDSHAKE]: Sending ticking packet info 'Config superbwarfare-server.toml' to 'fml:handshake' sequence 26
[23Sep2025 04:11:29.545] [Server thread/DEBUG] [net.minecraftforge.network.HandshakeHandler/FMLHANDSHAKE]: Sending ticking packet info 'Config curios-server.toml' to 'fml:handshake' sequence 27
[23Sep2025 04:11:29.594] [Server thread/DEBUG] [net.minecraftforge.network.HandshakeHandler/FMLHANDSHAKE]: Sending ticking packet info 'Config tombstone-server.toml' to 'fml:handshake' sequence 28
[23Sep2025 04:11:29.640] [Server thread/DEBUG] [net.minecraftforge.network.HandshakeHandler/FMLHANDSHAKE]: Sending ticking packet info 'Config sophisticatedbackpacks-server.toml' to 'fml:handshake' sequence 29
[23Sep2025 04:11:29.688] [Server thread/DEBUG] [net.minecraftforge.network.HandshakeHandler/FMLHANDSHAKE]: Sending ticking packet info 'Config pickupnotifier/pickupnotifier-server.toml' to 'fml:handshake' sequence 30
[23Sep2025 04:11:29.736] [Server thread/DEBUG] [net.minecraftforge.network.HandshakeHandler/FMLHANDSHAKE]: Sending ticking packet info 'Config jei-server.toml' to 'fml:handshake' sequence 31
[23Sep2025 04:11:29.785] [Server thread/DEBUG] [net.minecraftforge.network.HandshakeHandler/FMLHANDSHAKE]: Sending ticking packet info 'Config forge-server.toml' to 'fml:handshake' sequence 32
[23Sep2025 04:11:29.796] [Netty Epoll Server IO #1/DEBUG] [net.minecraftforge.network.LoginWrapper/FMLHANDSHAKE]: Recieved login wrapper packet event for channel fml:handshake with index 4
[23Sep2025 04:11:29.796] [Netty Epoll Server IO #1/DEBUG] [net.minecraftforge.network.HandshakeHandler/FMLHANDSHAKE]: Received client indexed reply 4 of type net.minecraftforge.network.HandshakeMessages$C2SAcknowledge
[23Sep2025 04:11:29.796] [Netty Epoll Server IO #1/DEBUG] [net.minecraftforge.network.HandshakeHandler/FMLHANDSHAKE]: Received acknowledgement from client
[23Sep2025 04:11:29.796] [Netty Epoll Server IO #1/DEBUG] [net.minecraftforge.network.LoginWrapper/FMLHANDSHAKE]: Recieved login wrapper packet event for channel fml:handshake with index 5
[23Sep2025 04:11:29.796] [Netty Epoll Server IO #1/DEBUG] [net.minecraftforge.network.HandshakeHandler/FMLHANDSHAKE]: Received client indexed reply 5 of type net.minecraftforge.network.HandshakeMessages$C2SAcknowledge
[23Sep2025 04:11:29.796] [Netty Epoll Server IO #1/DEBUG] [net.minecraftforge.network.HandshakeHandler/FMLHANDSHAKE]: Received acknowledgement from client
[23Sep2025 04:11:29.796] [Netty Epoll Server IO #1/DEBUG] [net.minecraftforge.network.LoginWrapper/FMLHANDSHAKE]: Recieved login wrapper packet event for channel fml:handshake with index 6
[23Sep2025 04:11:29.796] [Netty Epoll Server IO #1/DEBUG] [net.minecraftforge.network.HandshakeHandler/FMLHANDSHAKE]: Received client indexed reply 6 of type net.minecraftforge.network.HandshakeMessages$C2SAcknowledge
[23Sep2025 04:11:29.796] [Netty Epoll Server IO #1/DEBUG] [net.minecraftforge.network.HandshakeHandler/FMLHANDSHAKE]: Received acknowledgement from client
[23Sep2025 04:11:31.278] [Netty Epoll Server IO #1/DEBUG] [net.minecraftforge.network.LoginWrapper/FMLHANDSHAKE]: Recieved login wrapper packet event for channel fml:handshake with index 7
[23Sep2025 04:11:31.278] [Netty Epoll Server IO #1/DEBUG] [net.minecraftforge.network.HandshakeHandler/FMLHANDSHAKE]: Received client indexed reply 7 of type net.minecraftforge.network.HandshakeMessages$C2SAcknowledge
[23Sep2025 04:11:31.278] [Netty Epoll Server IO #1/DEBUG] [net.minecraftforge.network.HandshakeHandler/FMLHANDSHAKE]: Received acknowledgement from client
[23Sep2025 04:11:31.278] [Netty Epoll Server IO #1/DEBUG] [net.minecraftforge.network.LoginWrapper/FMLHANDSHAKE]: Recieved login wrapper packet event for channel fml:handshake with index 8
[23Sep2025 04:11:31.278] [Netty Epoll Server IO #1/DEBUG] [net.minecraftforge.network.HandshakeHandler/FMLHANDSHAKE]: Received client indexed reply 8 of type net.minecraftforge.network.HandshakeMessages$C2SAcknowledge
[23Sep2025 04:11:31.278] [Netty Epoll Server IO #1/DEBUG] [net.minecraftforge.network.HandshakeHandler/FMLHANDSHAKE]: Received acknowledgement from client
[23Sep2025 04:11:31.278] [Netty Epoll Server IO #1/DEBUG] [net.minecraftforge.network.LoginWrapper/FMLHANDSHAKE]: Recieved login wrapper packet event for channel fml:handshake with index 9
[23Sep2025 04:11:31.278] [Netty Epoll Server IO #1/DEBUG] [net.minecraftforge.network.HandshakeHandler/FMLHANDSHAKE]: Received client indexed reply 9 of type net.minecraftforge.network.HandshakeMessages$C2SAcknowledge
[23Sep2025 04:11:31.278] [Netty Epoll Server IO #1/DEBUG] [net.minecraftforge.network.HandshakeHandler/FMLHANDSHAKE]: Received acknowledgement from client
[23Sep2025 04:11:31.278] [Netty Epoll Server IO #1/DEBUG] [net.minecraftforge.network.LoginWrapper/FMLHANDSHAKE]: Recieved login wrapper packet event for channel fml:handshake with index 10
[23Sep2025 04:11:31.278] [Netty Epoll Server IO #1/DEBUG] [net.minecraftforge.network.HandshakeHandler/FMLHANDSHAKE]: Received client indexed reply 10 of type net.minecraftforge.network.HandshakeMessages$C2SAcknowledge
[23Sep2025 04:11:31.278] [Netty Epoll Server IO #1/DEBUG] [net.minecraftforge.network.HandshakeHandler/FMLHANDSHAKE]: Received acknowledgement from client
[23Sep2025 04:11:31.518] [Netty Epoll Server IO #1/DEBUG] [net.minecraftforge.network.LoginWrapper/FMLHANDSHAKE]: Recieved login wrapper packet event for channel fml:handshake with index 11
[23Sep2025 04:11:31.518] [Netty Epoll Server IO #1/DEBUG] [net.minecraftforge.network.HandshakeHandler/FMLHANDSHAKE]: Received client indexed reply 11 of type net.minecraftforge.network.HandshakeMessages$C2SAcknowledge
[23Sep2025 04:11:31.518] [Netty Epoll Server IO #1/DEBUG] [net.minecraftforge.network.HandshakeHandler/FMLHANDSHAKE]: Received acknowledgement from client
[23Sep2025 04:11:31.519] [Netty Epoll Server IO #1/DEBUG] [net.minecraftforge.network.LoginWrapper/FMLHANDSHAKE]: Recieved login wrapper packet event for channel fml:handshake with index 12
[23Sep2025 04:11:31.519] [Netty Epoll Server IO #1/DEBUG] [net.minecraftforge.network.HandshakeHandler/FMLHANDSHAKE]: Received client indexed reply 12 of type net.minecraftforge.network.HandshakeMessages$C2SAcknowledge
[23Sep2025 04:11:31.519] [Netty Epoll Server IO #1/DEBUG] [net.minecraftforge.network.HandshakeHandler/FMLHANDSHAKE]: Received acknowledgement from client
[23Sep2025 04:11:33.052] [Netty Epoll Server IO #1/DEBUG] [net.minecraftforge.network.LoginWrapper/FMLHANDSHAKE]: Recieved login wrapper packet event for channel fml:handshake with index 13
[23Sep2025 04:11:33.052] [Netty Epoll Server IO #1/DEBUG] [net.minecraftforge.network.HandshakeHandler/FMLHANDSHAKE]: Received client indexed reply 13 of type net.minecraftforge.network.HandshakeMessages$C2SAcknowledge
[23Sep2025 04:11:33.052] [Netty Epoll Server IO #1/DEBUG] [net.minecraftforge.network.HandshakeHandler/FMLHANDSHAKE]: Received acknowledgement from client
[23Sep2025 04:11:33.093] [Netty Epoll Server IO #1/DEBUG] [net.minecraftforge.network.LoginWrapper/FMLHANDSHAKE]: Recieved login wrapper packet event for channel fml:handshake with index 14
[23Sep2025 04:11:33.093] [Netty Epoll Server IO #1/DEBUG] [net.minecraftforge.network.HandshakeHandler/FMLHANDSHAKE]: Received client indexed reply 14 of type net.minecraftforge.network.HandshakeMessages$C2SAcknowledge
[23Sep2025 04:11:33.093] [Netty Epoll Server IO #1/DEBUG] [net.minecraftforge.network.HandshakeHandler/FMLHANDSHAKE]: Received acknowledgement from client
[23Sep2025 04:11:33.093] [Netty Epoll Server IO #1/DEBUG] [net.minecraftforge.network.LoginWrapper/FMLHANDSHAKE]: Recieved login wrapper packet event for channel fml:handshake with index 15
[23Sep2025 04:11:33.093] [Netty Epoll Server IO #1/DEBUG] [net.minecraftforge.network.HandshakeHandler/FMLHANDSHAKE]: Received client indexed reply 15 of type net.minecraftforge.network.HandshakeMessages$C2SAcknowledge
[23Sep2025 04:11:33.093] [Netty Epoll Server IO #1/DEBUG] [net.minecraftforge.network.HandshakeHandler/FMLHANDSHAKE]: Received acknowledgement from client
[23Sep2025 04:11:33.369] [Netty Epoll Server IO #1/DEBUG] [net.minecraftforge.network.LoginWrapper/FMLHANDSHAKE]: Recieved login wrapper packet event for channel fml:handshake with index 16
[23Sep2025 04:11:33.369] [Netty Epoll Server IO #1/DEBUG] [net.minecraftforge.network.HandshakeHandler/FMLHANDSHAKE]: Received client indexed reply 16 of type net.minecraftforge.network.HandshakeMessages$C2SAcknowledge
[23Sep2025 04:11:33.369] [Netty Epoll Server IO #1/DEBUG] [net.minecraftforge.network.HandshakeHandler/FMLHANDSHAKE]: Received acknowledgement from client
[23Sep2025 04:11:33.372] [Netty Epoll Server IO #1/DEBUG] [net.minecraftforge.network.LoginWrapper/FMLHANDSHAKE]: Recieved login wrapper packet event for channel fml:handshake with index 17
[23Sep2025 04:11:33.372] [Netty Epoll Server IO #1/DEBUG] [net.minecraftforge.network.HandshakeHandler/FMLHANDSHAKE]: Received client indexed reply 17 of type net.minecraftforge.network.HandshakeMessages$C2SAcknowledge
[23Sep2025 04:11:33.372] [Netty Epoll Server IO #1/DEBUG] [net.minecraftforge.network.HandshakeHandler/FMLHANDSHAKE]: Received acknowledgement from client
[23Sep2025 04:11:33.372] [Netty Epoll Server IO #1/DEBUG] [net.minecraftforge.network.LoginWrapper/FMLHANDSHAKE]: Recieved login wrapper packet event for channel fml:handshake with index 18
[23Sep2025 04:11:33.372] [Netty Epoll Server IO #1/DEBUG] [net.minecraftforge.network.HandshakeHandler/FMLHANDSHAKE]: Received client indexed reply 18 of type net.minecraftforge.network.HandshakeMessages$C2SAcknowledge
[23Sep2025 04:11:33.372] [Netty Epoll Server IO #1/DEBUG] [net.minecraftforge.network.HandshakeHandler/FMLHANDSHAKE]: Received acknowledgement from client
[23Sep2025 04:11:33.372] [Netty Epoll Server IO #1/DEBUG] [net.minecraftforge.network.LoginWrapper/FMLHANDSHAKE]: Recieved login wrapper packet event for channel fml:handshake with index 19
[23Sep2025 04:11:33.372] [Netty Epoll Server IO #1/DEBUG] [net.minecraftforge.network.HandshakeHandler/FMLHANDSHAKE]: Received client indexed reply 19 of type net.minecraftforge.network.HandshakeMessages$C2SAcknowledge
[23Sep2025 04:11:33.372] [Netty Epoll Server IO #1/DEBUG] [net.minecraftforge.network.HandshakeHandler/FMLHANDSHAKE]: Received acknowledgement from client
[23Sep2025 04:11:33.372] [Netty Epoll Server IO #1/DEBUG] [net.minecraftforge.network.LoginWrapper/FMLHANDSHAKE]: Recieved login wrapper packet event for channel fml:handshake with index 20
[23Sep2025 04:11:33.372] [Netty Epoll Server IO #1/DEBUG] [net.minecraftforge.network.HandshakeHandler/FMLHANDSHAKE]: Received client indexed reply 20 of type net.minecraftforge.network.HandshakeMessages$C2SAcknowledge
[23Sep2025 04:11:33.372] [Netty Epoll Server IO #1/DEBUG] [net.minecraftforge.network.HandshakeHandler/FMLHANDSHAKE]: Received acknowledgement from client
[23Sep2025 04:11:33.372] [Netty Epoll Server IO #1/DEBUG] [net.minecraftforge.network.LoginWrapper/FMLHANDSHAKE]: Recieved login wrapper packet event for channel fml:handshake with index 21
[23Sep2025 04:11:33.372] [Netty Epoll Server IO #1/DEBUG] [net.minecraftforge.network.HandshakeHandler/FMLHANDSHAKE]: Received client indexed reply 21 of type net.minecraftforge.network.HandshakeMessages$C2SAcknowledge
[23Sep2025 04:11:33.372] [Netty Epoll Server IO #1/DEBUG] [net.minecraftforge.network.HandshakeHandler/FMLHANDSHAKE]: Received acknowledgement from client
[23Sep2025 04:11:33.372] [Netty Epoll Server IO #1/DEBUG] [net.minecraftforge.network.LoginWrapper/FMLHANDSHAKE]: Recieved login wrapper packet event for channel fml:handshake with index 22
[23Sep2025 04:11:33.372] [Netty Epoll Server IO #1/DEBUG] [net.minecraftforge.network.HandshakeHandler/FMLHANDSHAKE]: Received client indexed reply 22 of type net.minecraftforge.network.HandshakeMessages$C2SAcknowledge
[23Sep2025 04:11:33.372] [Netty Epoll Server IO #1/DEBUG] [net.minecraftforge.network.HandshakeHandler/FMLHANDSHAKE]: Received acknowledgement from client
[23Sep2025 04:11:33.372] [Netty Epoll Server IO #1/DEBUG] [net.minecraftforge.network.LoginWrapper/FMLHANDSHAKE]: Recieved login wrapper packet event for channel fml:handshake with index 23
[23Sep2025 04:11:33.372] [Netty Epoll Server IO #1/DEBUG] [net.minecraftforge.network.HandshakeHandler/FMLHANDSHAKE]: Received client indexed reply 23 of type net.minecraftforge.network.HandshakeMessages$C2SAcknowledge
[23Sep2025 04:11:33.372] [Netty Epoll Server IO #1/DEBUG] [net.minecraftforge.network.HandshakeHandler/FMLHANDSHAKE]: Received acknowledgement from client
[23Sep2025 04:11:34.287] [Server thread/INFO] [net.minecraft.server.MinecraftServer/]: [Eduardo171: Set own game mode to Creative Mode]
[23Sep2025 04:11:35.787] [Netty Epoll Server IO #1/DEBUG] [net.minecraftforge.network.LoginWrapper/FMLHANDSHAKE]: Recieved login wrapper packet event for channel fml:handshake with index 24
[23Sep2025 04:11:35.788] [Netty Epoll Server IO #1/DEBUG] [net.minecraftforge.network.HandshakeHandler/FMLHANDSHAKE]: Received client indexed reply 24 of type net.minecraftforge.network.HandshakeMessages$C2SAcknowledge
[23Sep2025 04:11:35.788] [Netty Epoll Server IO #1/DEBUG] [net.minecraftforge.network.HandshakeHandler/FMLHANDSHAKE]: Received acknowledgement from client
[23Sep2025 04:11:35.797] [Netty Epoll Server IO #1/DEBUG] [net.minecraftforge.network.LoginWrapper/FMLHANDSHAKE]: Recieved login wrapper packet event for channel fml:handshake with index 25
[23Sep2025 04:11:35.797] [Netty Epoll Server IO #1/DEBUG] [net.minecraftforge.network.HandshakeHandler/FMLHANDSHAKE]: Received client indexed reply 25 of type net.minecraftforge.network.HandshakeMessages$C2SAcknowledge
[23Sep2025 04:11:35.797] [Netty Epoll Server IO #1/DEBUG] [net.minecraftforge.network.HandshakeHandler/FMLHANDSHAKE]: Received acknowledgement from client
[23Sep2025 04:11:35.894] [Server thread/INFO] [net.minecraft.server.MinecraftServer/]: [Eduardo171: Set own game mode to Survival Mode]
[23Sep2025 04:11:43.730] [Netty Epoll Server IO #6/DEBUG] [net.minecraftforge.network.HandshakeHandler/FMLHANDSHAKE]: Starting new modded impl connection. Found 33 messages to dispatch.
[23Sep2025 04:11:43.738] [Server thread/DEBUG] [net.minecraftforge.network.HandshakeHandler/FMLHANDSHAKE]: Sending ticking packet info 'net.minecraftforge.network.HandshakeMessages$S2CModData' to 'fml:handshake' sequence 0
[23Sep2025 04:11:43.786] [Server thread/DEBUG] [net.minecraftforge.network.HandshakeHandler/FMLHANDSHAKE]: Sending ticking packet info 'net.minecraftforge.network.HandshakeMessages$S2CModList' to 'fml:handshake' sequence 1
[23Sep2025 04:11:43.834] [Server thread/DEBUG] [net.minecraftforge.network.HandshakeHandler/FMLHANDSHAKE]: Sending ticking packet info 'Registry minecraft:command_argument_type' to 'fml:handshake' sequence 2
[23Sep2025 04:11:43.888] [Server thread/DEBUG] [net.minecraftforge.network.HandshakeHandler/FMLHANDSHAKE]: Sending ticking packet info 'Registry minecraft:recipe_serializer' to 'fml:handshake' sequence 3
[23Sep2025 04:11:43.930] [Server thread/DEBUG] [net.minecraftforge.network.HandshakeHandler/FMLHANDSHAKE]: Sending ticking packet info 'Registry minecraft:sound_event' to 'fml:handshake' sequence 4
[23Sep2025 04:11:43.986] [Server thread/DEBUG] [net.minecraftforge.network.HandshakeHandler/FMLHANDSHAKE]: Sending ticking packet info 'Registry minecraft:particle_type' to 'fml:handshake' sequence 5
[23Sep2025 04:11:44.031] [Server thread/DEBUG] [net.minecraftforge.network.HandshakeHandler/FMLHANDSHAKE]: Sending ticking packet info 'Registry minecraft:villager_profession' to 'fml:handshake' sequence 6
[23Sep2025 04:11:44.091] [Server thread/DEBUG] [net.minecraftforge.network.HandshakeHandler/FMLHANDSHAKE]: Sending ticking packet info 'Registry minecraft:item' to 'fml:handshake' sequence 7
[23Sep2025 04:11:44.135] [Server thread/DEBUG] [net.minecraftforge.network.HandshakeHandler/FMLHANDSHAKE]: Sending ticking packet info 'Registry minecraft:potion' to 'fml:handshake' sequence 8
[23Sep2025 04:11:44.184] [Server thread/DEBUG] [net.minecraftforge.network.HandshakeHandler/FMLHANDSHAKE]: Sending ticking packet info 'Registry minecraft:painting_variant' to 'fml:handshake' sequence 9
[23Sep2025 04:11:44.236] [Server thread/DEBUG] [net.minecraftforge.network.HandshakeHandler/FMLHANDSHAKE]: Sending ticking packet info 'Registry forge:fluid_type' to 'fml:handshake' sequence 10
[23Sep2025 04:11:44.282] [Server thread/DEBUG] [net.minecraftforge.network.HandshakeHandler/FMLHANDSHAKE]: Sending ticking packet info 'Registry minecraft:block_entity_type' to 'fml:handshake' sequence 11
[23Sep2025 04:11:44.339] [Server thread/DEBUG] [net.minecraftforge.network.HandshakeHandler/FMLHANDSHAKE]: Sending ticking packet info 'Registry forge:display_contexts' to 'fml:handshake' sequence 12
[23Sep2025 04:11:44.389] [Server thread/DEBUG] [net.minecraftforge.network.HandshakeHandler/FMLHANDSHAKE]: Sending ticking packet info 'Registry minecraft:block' to 'fml:handshake' sequence 13
[23Sep2025 04:11:44.430] [Netty Epoll Server IO #6/DEBUG] [net.minecraftforge.network.LoginWrapper/FMLHANDSHAKE]: Recieved login wrapper packet event for channel fml:handshake with index 1
[23Sep2025 04:11:44.431] [Netty Epoll Server IO #6/DEBUG] [net.minecraftforge.network.HandshakeHandler/FMLHANDSHAKE]: Received client indexed reply 1 of type net.minecraftforge.network.HandshakeMessages$C2SModListReply
[23Sep2025 04:11:44.431] [Netty Epoll Server IO #6/DEBUG] [net.minecraftforge.network.HandshakeHandler/FMLHANDSHAKE]: Received client connection with modlist [minecraft, farmersdelight, jade, butcher, geckolib, jei, goblintraders, kotlinforforge, sophisticatedcore, curios, spartanshields, journeymap, citadel, alexsmobs, securitycraft, mixinextras, tombstone, sophisticatedbackpacks, spartanweaponry, superbwarfare, pickupnotifier, iceandfire, puzzleslib, framework, fallingtree, puzzlesaccessapi, forge, ingotcraft, tlskincape]
[23Sep2025 04:11:44.431] [Netty Epoll Server IO #6/DEBUG] [net.minecraftforge.network.NetworkRegistry/NETREGISTRY]: Channel 'jei:channel' : Version test of '1.0.0' from client : ACCEPTED
[23Sep2025 04:11:44.431] [Netty Epoll Server IO #6/DEBUG] [net.minecraftforge.network.NetworkRegistry/NETREGISTRY]: Channel 'minecraft:unregister' : Version test of 'FML3' from client : ACCEPTED
[23Sep2025 04:11:44.431] [Netty Epoll Server IO #6/DEBUG] [net.minecraftforge.network.NetworkRegistry/NETREGISTRY]: Channel 'sophisticatedbackpacks:channel' : Version test of '1' from client : ACCEPTED
[23Sep2025 04:11:44.431] [Netty Epoll Server IO #6/DEBUG] [net.minecraftforge.network.NetworkRegistry/NETREGISTRY]: Channel 'citadel:main_channel' : Version test of '1' from client : ACCEPTED
[23Sep2025 04:11:44.431] [Netty Epoll Server IO #6/DEBUG] [net.minecraftforge.network.NetworkRegistry/NETREGISTRY]: Channel 'puzzleslib:1' : Version test of '1' from client : ACCEPTED
[23Sep2025 04:11:44.431] [Netty Epoll Server IO #6/DEBUG] [net.minecraftforge.network.NetworkRegistry/NETREGISTRY]: Channel 'securitycraft:securitycraft' : Version test of 'v1.10.0.1' from client : ACCEPTED
[23Sep2025 04:11:44.431] [Netty Epoll Server IO #6/DEBUG] [net.minecraftforge.network.NetworkRegistry/NETREGISTRY]: Channel 'iceandfire:main_channel' : Version test of '1' from client : ACCEPTED
[23Sep2025 04:11:44.431] [Netty Epoll Server IO #6/DEBUG] [net.minecraftforge.network.NetworkRegistry/NETREGISTRY]: Channel 'framework:play' : Version test of '1' from client : ACCEPTED
[23Sep2025 04:11:44.431] [Netty Epoll Server IO #6/DEBUG] [net.minecraftforge.network.NetworkRegistry/NETREGISTRY]: Channel 'fallingtree:main' : Version test of '1' from client : ACCEPTED
[23Sep2025 04:11:44.431] [Netty Epoll Server IO #6/DEBUG] [net.minecraftforge.network.NetworkRegistry/NETREGISTRY]: Channel 'curios:main' : Version test of '1' from client : ACCEPTED
[23Sep2025 04:11:44.431] [Netty Epoll Server IO #6/DEBUG] [net.minecraftforge.network.NetworkRegistry/NETREGISTRY]: Channel 'framework:handshake' : Version test of '1' from client : ACCEPTED
[23Sep2025 04:11:44.431] [Netty Epoll Server IO #6/DEBUG] [net.minecraftforge.network.NetworkRegistry/NETREGISTRY]: Channel 'fml:loginwrapper' : Version test of 'FML3' from client : ACCEPTED
[23Sep2025 04:11:44.431] [Netty Epoll Server IO #6/DEBUG] [net.minecraftforge.network.NetworkRegistry/NETREGISTRY]: Channel 'forge:tier_sorting' : Version test of '1.0' from client : ACCEPTED
[23Sep2025 04:11:44.431] [Netty Epoll Server IO #6/DEBUG] [net.minecraftforge.network.NetworkRegistry/NETREGISTRY]: Channel 'spartanshields:network' : Version test of '1' from client : ACCEPTED
[23Sep2025 04:11:44.431] [Netty Epoll Server IO #6/DEBUG] [net.minecraftforge.network.NetworkRegistry/NETREGISTRY]: Channel 'alexsmobs:main_channel' : Version test of '1' from client : ACCEPTED
[23Sep2025 04:11:44.431] [Netty Epoll Server IO #6/DEBUG] [net.minecraftforge.network.NetworkRegistry/NETREGISTRY]: Channel 'tombstone:tombstone_channel' : Version test of 'tombstone-9.0.9' from client : ACCEPTED
[23Sep2025 04:11:44.431] [Netty Epoll Server IO #6/DEBUG] [net.minecraftforge.network.NetworkRegistry/NETREGISTRY]: Channel 'fml:play' : Version test of 'FML3' from client : ACCEPTED
[23Sep2025 04:11:44.431] [Netty Epoll Server IO #6/DEBUG] [net.minecraftforge.network.NetworkRegistry/NETREGISTRY]: Channel 'pickupnotifier:1' : Version test of '1' from client : ACCEPTED
[23Sep2025 04:11:44.431] [Netty Epoll Server IO #6/DEBUG] [net.minecraftforge.network.NetworkRegistry/NETREGISTRY]: Channel 'sophisticatedcore:channel' : Version test of '1' from client : ACCEPTED
[23Sep2025 04:11:44.431] [Netty Epoll Server IO #6/DEBUG] [net.minecraftforge.network.NetworkRegistry/NETREGISTRY]: Channel 'fml:handshake' : Version test of 'FML3' from client : ACCEPTED
[23Sep2025 04:11:44.431] [Netty Epoll Server IO #6/DEBUG] [net.minecraftforge.network.NetworkRegistry/NETREGISTRY]: Channel 'spartanweaponry:network' : Version test of '1' from client : ACCEPTED
[23Sep2025 04:11:44.431] [Netty Epoll Server IO #6/DEBUG] [net.minecraftforge.network.NetworkRegistry/NETREGISTRY]: Channel 'minecraft:register' : Version test of 'FML3' from client : ACCEPTED
[23Sep2025 04:11:44.431] [Netty Epoll Server IO #6/DEBUG] [net.minecraftforge.network.NetworkRegistry/NETREGISTRY]: Channel 'forge:split' : Version test of '1.1' from client : ACCEPTED
[23Sep2025 04:11:44.431] [Netty Epoll Server IO #6/DEBUG] [net.minecraftforge.network.NetworkRegistry/NETREGISTRY]: Channel 'superbwarfare:superbwarfare' : Version test of '1' from client : ACCEPTED
[23Sep2025 04:11:44.431] [Netty Epoll Server IO #6/DEBUG] [net.minecraftforge.network.NetworkRegistry/NETREGISTRY]: Channel 'butcher:butcher' : Version test of '1' from client : ACCEPTED
[23Sep2025 04:11:44.431] [Netty Epoll Server IO #6/DEBUG] [net.minecraftforge.network.NetworkRegistry/NETREGISTRY]: Channel 'geckolib:main' : Version test of '1' from client : ACCEPTED
[23Sep2025 04:11:44.431] [Netty Epoll Server IO #6/DEBUG] [net.minecraftforge.network.NetworkRegistry/NETREGISTRY]: Channel 'jade:networking' : Version test of '2' from client : ACCEPTED
[23Sep2025 04:11:44.431] [Netty Epoll Server IO #6/DEBUG] [net.minecraftforge.network.NetworkRegistry/NETREGISTRY]: Accepting channel list from client
[23Sep2025 04:11:44.431] [Netty Epoll Server IO #6/DEBUG] [net.minecraftforge.network.HandshakeHandler/FMLHANDSHAKE]: Accepted client connection mod list
[23Sep2025 04:11:44.431] [Netty Epoll Server IO #6/DEBUG] [net.minecraftforge.network.LoginWrapper/FMLHANDSHAKE]: Recieved login wrapper packet event for channel fml:handshake with index 2
[23Sep2025 04:11:44.431] [Netty Epoll Server IO #6/DEBUG] [net.minecraftforge.network.HandshakeHandler/FMLHANDSHAKE]: Received client indexed reply 2 of type net.minecraftforge.network.HandshakeMessages$C2SAcknowledge
[23Sep2025 04:11:44.432] [Netty Epoll Server IO #6/DEBUG] [net.minecraftforge.network.HandshakeHandler/FMLHANDSHAKE]: Received acknowledgement from client
[23Sep2025 04:11:44.433] [Netty Epoll Server IO #6/DEBUG] [net.minecraftforge.network.LoginWrapper/FMLHANDSHAKE]: Recieved login wrapper packet event for channel fml:handshake with index 3
[23Sep2025 04:11:44.433] [Netty Epoll Server IO #6/DEBUG] [net.minecraftforge.network.HandshakeHandler/FMLHANDSHAKE]: Received client indexed reply 3 of type net.minecraftforge.network.HandshakeMessages$C2SAcknowledge
[23Sep2025 04:11:44.433] [Netty Epoll Server IO #6/DEBUG] [net.minecraftforge.network.HandshakeHandler/FMLHANDSHAKE]: Received acknowledgement from client
[23Sep2025 04:11:44.440] [Server thread/DEBUG] [net.minecraftforge.network.HandshakeHandler/FMLHANDSHAKE]: Sending ticking packet info 'Registry spartanweaponry:oil_effects' to 'fml:handshake' sequence 14
[23Sep2025 04:11:44.489] [Server thread/DEBUG] [net.minecraftforge.network.HandshakeHandler/FMLHANDSHAKE]: Sending ticking packet info 'Registry forge:entity_data_serializers' to 'fml:handshake' sequence 15
[23Sep2025 04:11:44.535] [Server thread/DEBUG] [net.minecraftforge.network.HandshakeHandler/FMLHANDSHAKE]: Sending ticking packet info 'Registry spartanweaponry:weapon_traits' to 'fml:handshake' sequence 16
[23Sep2025 04:11:44.580] [Server thread/DEBUG] [net.minecraftforge.network.HandshakeHandler/FMLHANDSHAKE]: Sending ticking packet info 'Registry minecraft:mob_effect' to 'fml:handshake' sequence 17
[23Sep2025 04:11:44.638] [Server thread/DEBUG] [net.minecraftforge.network.HandshakeHandler/FMLHANDSHAKE]: Sending ticking packet info 'Registry minecraft:stat_type' to 'fml:handshake' sequence 18
[23Sep2025 04:11:44.679] [Server thread/DEBUG] [net.minecraftforge.network.HandshakeHandler/FMLHANDSHAKE]: Sending ticking packet info 'Registry superbwarfare:perk' to 'fml:handshake' sequence 19
[23Sep2025 04:11:44.732] [Server thread/DEBUG] [net.minecraftforge.network.HandshakeHandler/FMLHANDSHAKE]: Sending ticking packet info 'Registry tombstone:perks' to 'fml:handshake' sequence 20
[23Sep2025 04:11:44.793] [Server thread/DEBUG] [net.minecraftforge.network.HandshakeHandler/FMLHANDSHAKE]: Sending ticking packet info 'Registry minecraft:menu' to 'fml:handshake' sequence 21
[23Sep2025 04:11:44.835] [Server thread/DEBUG] [net.minecraftforge.network.HandshakeHandler/FMLHANDSHAKE]: Sending ticking packet info 'Registry minecraft:enchantment' to 'fml:handshake' sequence 22
[23Sep2025 04:11:44.884] [Server thread/DEBUG] [net.minecraftforge.network.HandshakeHandler/FMLHANDSHAKE]: Sending ticking packet info 'Registry minecraft:fluid' to 'fml:handshake' sequence 23
[23Sep2025 04:11:44.933] [Server thread/DEBUG] [net.minecraftforge.network.HandshakeHandler/FMLHANDSHAKE]: Sending ticking packet info 'Registry minecraft:entity_type' to 'fml:handshake' sequence 24
[23Sep2025 04:11:44.988] [Server thread/DEBUG] [net.minecraftforge.network.HandshakeHandler/FMLHANDSHAKE]: Sending ticking packet info 'Config securitycraft-server.toml' to 'fml:handshake' sequence 25
[23Sep2025 04:11:45.033] [Server thread/DEBUG] [net.minecraftforge.network.HandshakeHandler/FMLHANDSHAKE]: Sending ticking packet info 'Config superbwarfare-server.toml' to 'fml:handshake' sequence 26
[23Sep2025 04:11:45.082] [Server thread/DEBUG] [net.minecraftforge.network.HandshakeHandler/FMLHANDSHAKE]: Sending ticking packet info 'Config curios-server.toml' to 'fml:handshake' sequence 27
[23Sep2025 04:11:45.138] [Server thread/DEBUG] [net.minecraftforge.network.HandshakeHandler/FMLHANDSHAKE]: Sending ticking packet info 'Config tombstone-server.toml' to 'fml:handshake' sequence 28
[23Sep2025 04:11:45.139] [Server thread/INFO] [net.minecraft.server.MinecraftServer/]: [Eduardo171: Set own game mode to Spectator Mode]
[23Sep2025 04:11:45.185] [Server thread/DEBUG] [net.minecraftforge.network.HandshakeHandler/FMLHANDSHAKE]: Sending ticking packet info 'Config sophisticatedbackpacks-server.toml' to 'fml:handshake' sequence 29
[23Sep2025 04:11:45.237] [Server thread/DEBUG] [net.minecraftforge.network.HandshakeHandler/FMLHANDSHAKE]: Sending ticking packet info 'Config pickupnotifier/pickupnotifier-server.toml' to 'fml:handshake' sequence 30
[23Sep2025 04:11:45.293] [Server thread/DEBUG] [net.minecraftforge.network.HandshakeHandler/FMLHANDSHAKE]: Sending ticking packet info 'Config jei-server.toml' to 'fml:handshake' sequence 31
[23Sep2025 04:11:45.332] [Server thread/DEBUG] [net.minecraftforge.network.HandshakeHandler/FMLHANDSHAKE]: Sending ticking packet info 'Config forge-server.toml' to 'fml:handshake' sequence 32
[23Sep2025 04:11:51.036] [Netty Epoll Server IO #6/DEBUG] [net.minecraftforge.network.LoginWrapper/FMLHANDSHAKE]: Recieved login wrapper packet event for channel fml:handshake with index 4
[23Sep2025 04:11:51.037] [Netty Epoll Server IO #6/DEBUG] [net.minecraftforge.network.HandshakeHandler/FMLHANDSHAKE]: Received client indexed reply 4 of type net.minecraftforge.network.HandshakeMessages$C2SAcknowledge
[23Sep2025 04:11:51.037] [Netty Epoll Server IO #6/DEBUG] [net.minecraftforge.network.HandshakeHandler/FMLHANDSHAKE]: Received acknowledgement from client
[23Sep2025 04:11:51.790] [Netty Epoll Server IO #6/DEBUG] [net.minecraftforge.network.LoginWrapper/FMLHANDSHAKE]: Recieved login wrapper packet event for channel fml:handshake with index 5
[23Sep2025 04:11:51.790] [Netty Epoll Server IO #6/DEBUG] [net.minecraftforge.network.HandshakeHandler/FMLHANDSHAKE]: Received client indexed reply 5 of type net.minecraftforge.network.HandshakeMessages$C2SAcknowledge
[23Sep2025 04:11:51.790] [Netty Epoll Server IO #6/DEBUG] [net.minecraftforge.network.HandshakeHandler/FMLHANDSHAKE]: Received acknowledgement from client
[23Sep2025 04:11:51.790] [Netty Epoll Server IO #6/DEBUG] [net.minecraftforge.network.LoginWrapper/FMLHANDSHAKE]: Recieved login wrapper packet event for channel fml:handshake with index 6
[23Sep2025 04:11:51.790] [Netty Epoll Server IO #6/DEBUG] [net.minecraftforge.network.HandshakeHandler/FMLHANDSHAKE]: Received client indexed reply 6 of type net.minecraftforge.network.HandshakeMessages$C2SAcknowledge
[23Sep2025 04:11:51.790] [Netty Epoll Server IO #6/DEBUG] [net.minecraftforge.network.HandshakeHandler/FMLHANDSHAKE]: Received acknowledgement from client
[23Sep2025 04:11:52.331] [Server thread/INFO] [net.minecraft.server.network.ServerLoginPacketListenerImpl/]: com.mojang.authlib.GameProfile@33f29398[id=<null>,name=abi3mael,properties={},legacy=false] (/127.152.24.121:41547) lost connection: Disconnected
[23Sep2025 04:11:58.183] [Server thread/INFO] [net.minecraft.server.network.ServerLoginPacketListenerImpl/]: Disconnecting com.mojang.authlib.GameProfile@ea18b66[id=<null>,name=abi3mael,properties={},legacy=false] (/127.152.24.121:55329): Took too long to log in
[23Sep2025 04:11:58.184] [Server thread/INFO] [net.minecraft.server.network.ServerLoginPacketListenerImpl/]: com.mojang.authlib.GameProfile@ea18b66[id=<null>,name=abi3mael,properties={},legacy=false] (/127.152.24.121:55329) lost connection: Took too long to log in
[23Sep2025 04:11:58.233] [Server thread/WARN] [net.minecraft.network.Connection/]: handleDisconnection() called twice
[23Sep2025 04:12:19.294] [Server thread/INFO] [net.minecraft.server.MinecraftServer/]: [Eduardo171: Set own game mode to Survival Mode]
[23Sep2025 04:12:34.688] [Netty Epoll Server IO #0/DEBUG] [net.minecraftforge.network.HandshakeHandler/FMLHANDSHAKE]: Starting new modded impl connection. Found 33 messages to dispatch.
[23Sep2025 04:12:34.690] [Server thread/DEBUG] [net.minecraftforge.network.HandshakeHandler/FMLHANDSHAKE]: Sending ticking packet info 'net.minecraftforge.network.HandshakeMessages$S2CModData' to 'fml:handshake' sequence 0
[23Sep2025 04:12:34.735] [Server thread/DEBUG] [net.minecraftforge.network.HandshakeHandler/FMLHANDSHAKE]: Sending ticking packet info 'net.minecraftforge.network.HandshakeMessages$S2CModList' to 'fml:handshake' sequence 1
[23Sep2025 04:12:34.790] [Server thread/DEBUG] [net.minecraftforge.network.HandshakeHandler/FMLHANDSHAKE]: Sending ticking packet info 'Registry minecraft:command_argument_type' to 'fml:handshake' sequence 2
[23Sep2025 04:12:34.796] [Server thread/INFO] [net.minecraft.server.MinecraftServer/]: [Eduardo171: Set own game mode to Creative Mode]
[23Sep2025 04:12:34.834] [Server thread/DEBUG] [net.minecraftforge.network.HandshakeHandler/FMLHANDSHAKE]: Sending ticking packet info 'Registry minecraft:recipe_serializer' to 'fml:handshake' sequence 3
[23Sep2025 04:12:34.890] [Server thread/DEBUG] [net.minecraftforge.network.HandshakeHandler/FMLHANDSHAKE]: Sending ticking packet info 'Registry minecraft:sound_event' to 'fml:handshake' sequence 4
[23Sep2025 04:12:34.936] [Server thread/DEBUG] [net.minecraftforge.network.HandshakeHandler/FMLHANDSHAKE]: Sending ticking packet info 'Registry minecraft:particle_type' to 'fml:handshake' sequence 5
[23Sep2025 04:12:34.984] [Server thread/DEBUG] [net.minecraftforge.network.HandshakeHandler/FMLHANDSHAKE]: Sending ticking packet info 'Registry minecraft:villager_profession' to 'fml:handshake' sequence 6
[23Sep2025 04:12:35.037] [Server thread/DEBUG] [net.minecraftforge.network.HandshakeHandler/FMLHANDSHAKE]: Sending ticking packet info 'Registry minecraft:item' to 'fml:handshake' sequence 7
[23Sep2025 04:12:35.074] [Netty Epoll Server IO #0/DEBUG] [net.minecraftforge.network.LoginWrapper/FMLHANDSHAKE]: Recieved login wrapper packet event for channel fml:handshake with index 1
[23Sep2025 04:12:35.074] [Netty Epoll Server IO #0/DEBUG] [net.minecraftforge.network.HandshakeHandler/FMLHANDSHAKE]: Received client indexed reply 1 of type net.minecraftforge.network.HandshakeMessages$C2SModListReply
[23Sep2025 04:12:35.074] [Netty Epoll Server IO #0/DEBUG] [net.minecraftforge.network.HandshakeHandler/FMLHANDSHAKE]: Received client connection with modlist [minecraft, farmersdelight, jade, butcher, geckolib, jei, goblintraders, kotlinforforge, sophisticatedcore, curios, spartanshields, journeymap, citadel, alexsmobs, securitycraft, mixinextras, tombstone, sophisticatedbackpacks, spartanweaponry, superbwarfare, pickupnotifier, iceandfire, puzzleslib, framework, fallingtree, puzzlesaccessapi, forge, ingotcraft, tlskincape]
[23Sep2025 04:12:35.075] [Netty Epoll Server IO #0/DEBUG] [net.minecraftforge.network.NetworkRegistry/NETREGISTRY]: Channel 'jei:channel' : Version test of '1.0.0' from client : ACCEPTED
[23Sep2025 04:12:35.075] [Netty Epoll Server IO #0/DEBUG] [net.minecraftforge.network.NetworkRegistry/NETREGISTRY]: Channel 'minecraft:unregister' : Version test of 'FML3' from client : ACCEPTED
[23Sep2025 04:12:35.075] [Netty Epoll Server IO #0/DEBUG] [net.minecraftforge.network.NetworkRegistry/NETREGISTRY]: Channel 'sophisticatedbackpacks:channel' : Version test of '1' from client : ACCEPTED
[23Sep2025 04:12:35.075] [Netty Epoll Server IO #0/DEBUG] [net.minecraftforge.network.NetworkRegistry/NETREGISTRY]: Channel 'citadel:main_channel' : Version test of '1' from client : ACCEPTED
[23Sep2025 04:12:35.075] [Netty Epoll Server IO #0/DEBUG] [net.minecraftforge.network.NetworkRegistry/NETREGISTRY]: Channel 'puzzleslib:1' : Version test of '1' from client : ACCEPTED
[23Sep2025 04:12:35.075] [Netty Epoll Server IO #0/DEBUG] [net.minecraftforge.network.NetworkRegistry/NETREGISTRY]: Channel 'securitycraft:securitycraft' : Version test of 'v1.10.0.1' from client : ACCEPTED
[23Sep2025 04:12:35.075] [Netty Epoll Server IO #0/DEBUG] [net.minecraftforge.network.NetworkRegistry/NETREGISTRY]: Channel 'iceandfire:main_channel' : Version test of '1' from client : ACCEPTED
[23Sep2025 04:12:35.075] [Netty Epoll Server IO #0/DEBUG] [net.minecraftforge.network.NetworkRegistry/NETREGISTRY]: Channel 'framework:play' : Version test of '1' from client : ACCEPTED
[23Sep2025 04:12:35.075] [Netty Epoll Server IO #0/DEBUG] [net.minecraftforge.network.NetworkRegistry/NETREGISTRY]: Channel 'fallingtree:main' : Version test of '1' from client : ACCEPTED
[23Sep2025 04:12:35.075] [Netty Epoll Server IO #0/DEBUG] [net.minecraftforge.network.NetworkRegistry/NETREGISTRY]: Channel 'curios:main' : Version test of '1' from client : ACCEPTED
[23Sep2025 04:12:35.075] [Netty Epoll Server IO #0/DEBUG] [net.minecraftforge.network.NetworkRegistry/NETREGISTRY]: Channel 'framework:handshake' : Version test of '1' from client : ACCEPTED
[23Sep2025 04:12:35.075] [Netty Epoll Server IO #0/DEBUG] [net.minecraftforge.network.NetworkRegistry/NETREGISTRY]: Channel 'fml:loginwrapper' : Version test of 'FML3' from client : ACCEPTED
[23Sep2025 04:12:35.075] [Netty Epoll Server IO #0/DEBUG] [net.minecraftforge.network.NetworkRegistry/NETREGISTRY]: Channel 'forge:tier_sorting' : Version test of '1.0' from client : ACCEPTED
[23Sep2025 04:12:35.075] [Netty Epoll Server IO #0/DEBUG] [net.minecraftforge.network.NetworkRegistry/NETREGISTRY]: Channel 'spartanshields:network' : Version test of '1' from client : ACCEPTED
[23Sep2025 04:12:35.075] [Netty Epoll Server IO #0/DEBUG] [net.minecraftforge.network.NetworkRegistry/NETREGISTRY]: Channel 'alexsmobs:main_channel' : Version test of '1' from client : ACCEPTED
[23Sep2025 04:12:35.075] [Netty Epoll Server IO #0/DEBUG] [net.minecraftforge.network.NetworkRegistry/NETREGISTRY]: Channel 'tombstone:tombstone_channel' : Version test of 'tombstone-9.0.9' from client : ACCEPTED
[23Sep2025 04:12:35.075] [Netty Epoll Server IO #0/DEBUG] [net.minecraftforge.network.NetworkRegistry/NETREGISTRY]: Channel 'fml:play' : Version test of 'FML3' from client : ACCEPTED
[23Sep2025 04:12:35.075] [Netty Epoll Server IO #0/DEBUG] [net.minecraftforge.network.NetworkRegistry/NETREGISTRY]: Channel 'pickupnotifier:1' : Version test of '1' from client : ACCEPTED
[23Sep2025 04:12:35.075] [Netty Epoll Server IO #0/DEBUG] [net.minecraftforge.network.NetworkRegistry/NETREGISTRY]: Channel 'sophisticatedcore:channel' : Version test of '1' from client : ACCEPTED
[23Sep2025 04:12:35.075] [Netty Epoll Server IO #0/DEBUG] [net.minecraftforge.network.NetworkRegistry/NETREGISTRY]: Channel 'fml:handshake' : Version test of 'FML3' from client : ACCEPTED
[23Sep2025 04:12:35.075] [Netty Epoll Server IO #0/DEBUG] [net.minecraftforge.network.NetworkRegistry/NETREGISTRY]: Channel 'spartanweaponry:network' : Version test of '1' from client : ACCEPTED
[23Sep2025 04:12:35.075] [Netty Epoll Server IO #0/DEBUG] [net.minecraftforge.network.NetworkRegistry/NETREGISTRY]: Channel 'minecraft:register' : Version test of 'FML3' from client : ACCEPTED
[23Sep2025 04:12:35.075] [Netty Epoll Server IO #0/DEBUG] [net.minecraftforge.network.NetworkRegistry/NETREGISTRY]: Channel 'forge:split' : Version test of '1.1' from client : ACCEPTED
[23Sep2025 04:12:35.075] [Netty Epoll Server IO #0/DEBUG] [net.minecraftforge.network.NetworkRegistry/NETREGISTRY]: Channel 'superbwarfare:superbwarfare' : Version test of '1' from client : ACCEPTED
[23Sep2025 04:12:35.075] [Netty Epoll Server IO #0/DEBUG] [net.minecraftforge.network.NetworkRegistry/NETREGISTRY]: Channel 'butcher:butcher' : Version test of '1' from client : ACCEPTED
[23Sep2025 04:12:35.075] [Netty Epoll Server IO #0/DEBUG] [net.minecraftforge.network.NetworkRegistry/NETREGISTRY]: Channel 'geckolib:main' : Version test of '1' from client : ACCEPTED
[23Sep2025 04:12:35.075] [Netty Epoll Server IO #0/DEBUG] [net.minecraftforge.network.NetworkRegistry/NETREGISTRY]: Channel 'jade:networking' : Version test of '2' from client : ACCEPTED
[23Sep2025 04:12:35.075] [Netty Epoll Server IO #0/DEBUG] [net.minecraftforge.network.NetworkRegistry/NETREGISTRY]: Accepting channel list from client
[23Sep2025 04:12:35.075] [Netty Epoll Server IO #0/DEBUG] [net.minecraftforge.network.HandshakeHandler/FMLHANDSHAKE]: Accepted client connection mod list
[23Sep2025 04:12:35.077] [Netty Epoll Server IO #0/DEBUG] [net.minecraftforge.network.LoginWrapper/FMLHANDSHAKE]: Recieved login wrapper packet event for channel fml:handshake with index 2
[23Sep2025 04:12:35.077] [Netty Epoll Server IO #0/DEBUG] [net.minecraftforge.network.HandshakeHandler/FMLHANDSHAKE]: Received client indexed reply 2 of type net.minecraftforge.network.HandshakeMessages$C2SAcknowledge
[23Sep2025 04:12:35.077] [Netty Epoll Server IO #0/DEBUG] [net.minecraftforge.network.HandshakeHandler/FMLHANDSHAKE]: Received acknowledgement from client
[23Sep2025 04:12:35.098] [Server thread/DEBUG] [net.minecraftforge.network.HandshakeHandler/FMLHANDSHAKE]: Sending ticking packet info 'Registry minecraft:potion' to 'fml:handshake' sequence 8
[23Sep2025 04:12:35.134] [Server thread/DEBUG] [net.minecraftforge.network.HandshakeHandler/FMLHANDSHAKE]: Sending ticking packet info 'Registry minecraft:painting_variant' to 'fml:handshake' sequence 9
[23Sep2025 04:12:35.186] [Server thread/DEBUG] [net.minecraftforge.network.HandshakeHandler/FMLHANDSHAKE]: Sending ticking packet info 'Registry forge:fluid_type' to 'fml:handshake' sequence 10
[23Sep2025 04:12:35.232] [Server thread/DEBUG] [net.minecraftforge.network.HandshakeHandler/FMLHANDSHAKE]: Sending ticking packet info 'Registry minecraft:block_entity_type' to 'fml:handshake' sequence 11
[23Sep2025 04:12:35.261] [Netty Epoll Server IO #0/DEBUG] [net.minecraftforge.network.LoginWrapper/FMLHANDSHAKE]: Recieved login wrapper packet event for channel fml:handshake with index 3
[23Sep2025 04:12:35.262] [Netty Epoll Server IO #0/DEBUG] [net.minecraftforge.network.HandshakeHandler/FMLHANDSHAKE]: Received client indexed reply 3 of type net.minecraftforge.network.HandshakeMessages$C2SAcknowledge
[23Sep2025 04:12:35.262] [Netty Epoll Server IO #0/DEBUG] [net.minecraftforge.network.HandshakeHandler/FMLHANDSHAKE]: Received acknowledgement from client
[23Sep2025 04:12:35.287] [Server thread/DEBUG] [net.minecraftforge.network.HandshakeHandler/FMLHANDSHAKE]: Sending ticking packet info 'Registry forge:display_contexts' to 'fml:handshake' sequence 12
[23Sep2025 04:12:35.333] [Server thread/DEBUG] [net.minecraftforge.network.HandshakeHandler/FMLHANDSHAKE]: Sending ticking packet info 'Registry minecraft:block' to 'fml:handshake' sequence 13
[23Sep2025 04:12:35.385] [Server thread/DEBUG] [net.minecraftforge.network.HandshakeHandler/FMLHANDSHAKE]: Sending ticking packet info 'Registry spartanweaponry:oil_effects' to 'fml:handshake' sequence 14
[23Sep2025 04:12:35.432] [Server thread/DEBUG] [net.minecraftforge.network.HandshakeHandler/FMLHANDSHAKE]: Sending ticking packet info 'Registry forge:entity_data_serializers' to 'fml:handshake' sequence 15
[23Sep2025 04:12:35.488] [Server thread/DEBUG] [net.minecraftforge.network.HandshakeHandler/FMLHANDSHAKE]: Sending ticking packet info 'Registry spartanweaponry:weapon_traits' to 'fml:handshake' sequence 16
[23Sep2025 04:12:35.534] [Server thread/DEBUG] [net.minecraftforge.network.HandshakeHandler/FMLHANDSHAKE]: Sending ticking packet info 'Registry minecraft:mob_effect' to 'fml:handshake' sequence 17
[23Sep2025 04:12:35.584] [Server thread/DEBUG] [net.minecraftforge.network.HandshakeHandler/FMLHANDSHAKE]: Sending ticking packet info 'Registry minecraft:stat_type' to 'fml:handshake' sequence 18
[23Sep2025 04:12:35.637] [Server thread/DEBUG] [net.minecraftforge.network.HandshakeHandler/FMLHANDSHAKE]: Sending ticking packet info 'Registry superbwarfare:perk' to 'fml:handshake' sequence 19
[23Sep2025 04:12:35.687] [Server thread/DEBUG] [net.minecraftforge.network.HandshakeHandler/FMLHANDSHAKE]: Sending ticking packet info 'Registry tombstone:perks' to 'fml:handshake' sequence 20
[23Sep2025 04:12:35.733] [Server thread/DEBUG] [net.minecraftforge.network.HandshakeHandler/FMLHANDSHAKE]: Sending ticking packet info 'Registry minecraft:menu' to 'fml:handshake' sequence 21
[23Sep2025 04:12:35.790] [Server thread/DEBUG] [net.minecraftforge.network.HandshakeHandler/FMLHANDSHAKE]: Sending ticking packet info 'Registry minecraft:enchantment' to 'fml:handshake' sequence 22
[23Sep2025 04:12:35.841] [Server thread/DEBUG] [net.minecraftforge.network.HandshakeHandler/FMLHANDSHAKE]: Sending ticking packet info 'Registry minecraft:fluid' to 'fml:handshake' sequence 23
[23Sep2025 04:12:35.885] [Server thread/DEBUG] [net.minecraftforge.network.HandshakeHandler/FMLHANDSHAKE]: Sending ticking packet info 'Registry minecraft:entity_type' to 'fml:handshake' sequence 24
[23Sep2025 04:12:35.935] [Server thread/DEBUG] [net.minecraftforge.network.HandshakeHandler/FMLHANDSHAKE]: Sending ticking packet info 'Config securitycraft-server.toml' to 'fml:handshake' sequence 25
[23Sep2025 04:12:35.986] [Server thread/DEBUG] [net.minecraftforge.network.HandshakeHandler/FMLHANDSHAKE]: Sending ticking packet info 'Config superbwarfare-server.toml' to 'fml:handshake' sequence 26
[23Sep2025 04:12:36.036] [Server thread/DEBUG] [net.minecraftforge.network.HandshakeHandler/FMLHANDSHAKE]: Sending ticking packet info 'Config curios-server.toml' to 'fml:handshake' sequence 27
[23Sep2025 04:12:36.085] [Server thread/DEBUG] [net.minecraftforge.network.HandshakeHandler/FMLHANDSHAKE]: Sending ticking packet info 'Config tombstone-server.toml' to 'fml:handshake' sequence 28
[23Sep2025 04:12:36.135] [Server thread/DEBUG] [net.minecraftforge.network.HandshakeHandler/FMLHANDSHAKE]: Sending ticking packet info 'Config sophisticatedbackpacks-server.toml' to 'fml:handshake' sequence 29
[23Sep2025 04:12:36.190] [Server thread/DEBUG] [net.minecraftforge.network.HandshakeHandler/FMLHANDSHAKE]: Sending ticking packet info 'Config pickupnotifier/pickupnotifier-server.toml' to 'fml:handshake' sequence 30
[23Sep2025 04:12:36.236] [Server thread/DEBUG] [net.minecraftforge.network.HandshakeHandler/FMLHANDSHAKE]: Sending ticking packet info 'Config jei-server.toml' to 'fml:handshake' sequence 31
[23Sep2025 04:12:36.294] [Server thread/DEBUG] [net.minecraftforge.network.HandshakeHandler/FMLHANDSHAKE]: Sending ticking packet info 'Config forge-server.toml' to 'fml:handshake' sequence 32
[23Sep2025 04:12:36.539] [Netty Epoll Server IO #0/DEBUG] [net.minecraftforge.network.LoginWrapper/FMLHANDSHAKE]: Recieved login wrapper packet event for channel fml:handshake with index 4
[23Sep2025 04:12:36.539] [Netty Epoll Server IO #0/DEBUG] [net.minecraftforge.network.HandshakeHandler/FMLHANDSHAKE]: Received client indexed reply 4 of type net.minecraftforge.network.HandshakeMessages$C2SAcknowledge
[23Sep2025 04:12:36.539] [Netty Epoll Server IO #0/DEBUG] [net.minecraftforge.network.HandshakeHandler/FMLHANDSHAKE]: Received acknowledgement from client
[23Sep2025 04:12:36.542] [Netty Epoll Server IO #0/DEBUG] [net.minecraftforge.network.LoginWrapper/FMLHANDSHAKE]: Recieved login wrapper packet event for channel fml:handshake with index 5
[23Sep2025 04:12:36.542] [Netty Epoll Server IO #0/DEBUG] [net.minecraftforge.network.HandshakeHandler/FMLHANDSHAKE]: Received client indexed reply 5 of type net.minecraftforge.network.HandshakeMessages$C2SAcknowledge
[23Sep2025 04:12:36.542] [Netty Epoll Server IO #0/DEBUG] [net.minecraftforge.network.HandshakeHandler/FMLHANDSHAKE]: Received acknowledgement from client
[23Sep2025 04:12:36.542] [Netty Epoll Server IO #0/DEBUG] [net.minecraftforge.network.LoginWrapper/FMLHANDSHAKE]: Recieved login wrapper packet event for channel fml:handshake with index 6
[23Sep2025 04:12:36.542] [Netty Epoll Server IO #0/DEBUG] [net.minecraftforge.network.HandshakeHandler/FMLHANDSHAKE]: Received client indexed reply 6 of type net.minecraftforge.network.HandshakeMessages$C2SAcknowledge
[23Sep2025 04:12:36.542] [Netty Epoll Server IO #0/DEBUG] [net.minecraftforge.network.HandshakeHandler/FMLHANDSHAKE]: Received acknowledgement from client
[23Sep2025 04:12:43.996] [Server thread/INFO] [net.minecraft.server.MinecraftServer/]: [rexsel: Set Eduardo171's game mode to Survival Mode]
[23Sep2025 04:12:51.589] [Netty Epoll Server IO #0/DEBUG] [net.minecraftforge.network.LoginWrapper/FMLHANDSHAKE]: Recieved login wrapper packet event for channel fml:handshake with index 7
[23Sep2025 04:12:51.589] [Netty Epoll Server IO #0/DEBUG] [net.minecraftforge.network.HandshakeHandler/FMLHANDSHAKE]: Received client indexed reply 7 of type net.minecraftforge.network.HandshakeMessages$C2SAcknowledge
[23Sep2025 04:12:51.589] [Netty Epoll Server IO #0/DEBUG] [net.minecraftforge.network.HandshakeHandler/FMLHANDSHAKE]: Received acknowledgement from client
[23Sep2025 04:12:51.593] [Netty Epoll Server IO #0/DEBUG] [net.minecraftforge.network.LoginWrapper/FMLHANDSHAKE]: Recieved login wrapper packet event for channel fml:handshake with index 8
[23Sep2025 04:12:51.593] [Netty Epoll Server IO #0/DEBUG] [net.minecraftforge.network.HandshakeHandler/FMLHANDSHAKE]: Received client indexed reply 8 of type net.minecraftforge.network.HandshakeMessages$C2SAcknowledge
[23Sep2025 04:12:51.593] [Netty Epoll Server IO #0/DEBUG] [net.minecraftforge.network.HandshakeHandler/FMLHANDSHAKE]: Received acknowledgement from client
[23Sep2025 04:12:51.593] [Netty Epoll Server IO #0/DEBUG] [net.minecraftforge.network.LoginWrapper/FMLHANDSHAKE]: Recieved login wrapper packet event for channel fml:handshake with index 9
[23Sep2025 04:12:51.593] [Netty Epoll Server IO #0/DEBUG] [net.minecraftforge.network.HandshakeHandler/FMLHANDSHAKE]: Received client indexed reply 9 of type net.minecraftforge.network.HandshakeMessages$C2SAcknowledge
[23Sep2025 04:12:51.593] [Netty Epoll Server IO #0/DEBUG] [net.minecraftforge.network.HandshakeHandler/FMLHANDSHAKE]: Received acknowledgement from client
[23Sep2025 04:12:52.115] [Netty Epoll Server IO #0/DEBUG] [net.minecraftforge.network.LoginWrapper/FMLHANDSHAKE]: Recieved login wrapper packet event for channel fml:handshake with index 10
[23Sep2025 04:12:52.115] [Netty Epoll Server IO #0/DEBUG] [net.minecraftforge.network.HandshakeHandler/FMLHANDSHAKE]: Received client indexed reply 10 of type net.minecraftforge.network.HandshakeMessages$C2SAcknowledge
[23Sep2025 04:12:52.116] [Netty Epoll Server IO #0/DEBUG] [net.minecraftforge.network.HandshakeHandler/FMLHANDSHAKE]: Received acknowledgement from client
[23Sep2025 04:12:53.683] [Server thread/INFO] [net.minecraft.server.network.ServerGamePacketListenerImpl/]: Eduardo171 lost connection: Disconnected
[23Sep2025 04:12:53.684] [Server thread/INFO] [net.minecraft.server.MinecraftServer/]: Eduardo171 left the game
[23Sep2025 04:12:54.365] [Netty Epoll Server IO #0/DEBUG] [net.minecraftforge.network.LoginWrapper/FMLHANDSHAKE]: Recieved login wrapper packet event for channel fml:handshake with index 11
[23Sep2025 04:12:54.365] [Netty Epoll Server IO #0/DEBUG] [net.minecraftforge.network.HandshakeHandler/FMLHANDSHAKE]: Received client indexed reply 11 of type net.minecraftforge.network.HandshakeMessages$C2SAcknowledge
[23Sep2025 04:12:54.365] [Netty Epoll Server IO #0/DEBUG] [net.minecraftforge.network.HandshakeHandler/FMLHANDSHAKE]: Received acknowledgement from client
[23Sep2025 04:12:54.368] [Netty Epoll Server IO #0/DEBUG] [net.minecraftforge.network.LoginWrapper/FMLHANDSHAKE]: Recieved login wrapper packet event for channel fml:handshake with index 12
[23Sep2025 04:12:54.368] [Netty Epoll Server IO #0/DEBUG] [net.minecraftforge.network.HandshakeHandler/FMLHANDSHAKE]: Received client indexed reply 12 of type net.minecraftforge.network.HandshakeMessages$C2SAcknowledge
[23Sep2025 04:12:54.368] [Netty Epoll Server IO #0/DEBUG] [net.minecraftforge.network.HandshakeHandler/FMLHANDSHAKE]: Received acknowledgement from client
[23Sep2025 04:12:57.645] [Server thread/INFO] [net.minecraft.server.MinecraftServer/]: [rexsel: The difficulty has been set to Hard]
[23Sep2025 04:13:04.682] [Server thread/INFO] [net.minecraft.server.network.ServerLoginPacketListenerImpl/]: Disconnecting com.mojang.authlib.GameProfile@76bd49b5[id=<null>,name=abi3mael,properties={},legacy=false] (/127.152.24.121:59599): Took too long to log in
[23Sep2025 04:13:04.683] [Server thread/INFO] [net.minecraft.server.network.ServerLoginPacketListenerImpl/]: com.mojang.authlib.GameProfile@76bd49b5[id=<null>,name=abi3mael,properties={},legacy=false] (/127.152.24.121:59599) lost connection: Took too long to log in
[23Sep2025 04:13:04.737] [Server thread/WARN] [net.minecraft.network.Connection/]: handleDisconnection() called twice
[23Sep2025 04:14:02.534] [Server thread/DEBUG] [Spartan Weaponry/]: Intercepted DamageSource.playerAttack() method!
[23Sep2025 04:14:02.534] [Server thread/DEBUG] [Spartan Weaponry/]: Intercepted EnchantmentHelper.getSweepingDamageRatio() method!
[23Sep2025 04:14:02.534] [Server thread/DEBUG] [Spartan Weaponry/]: Intercepted DamageSource.playerAttack() method!
[23Sep2025 04:14:02.534] [Server thread/DEBUG] [Spartan Weaponry/]: Intercepted DamageSource.playerAttack() method!
[23Sep2025 04:14:02.534] [Server thread/DEBUG] [Spartan Weaponry/]: Intercepted DamageSource.playerAttack() method!
[23Sep2025 04:14:02.535] [Server thread/DEBUG] [Spartan Weaponry/]: Intercepted DamageSource.playerAttack() method!
[23Sep2025 04:14:02.535] [Server thread/DEBUG] [Spartan Weaponry/]: Intercepted DamageSource.playerAttack() method!
[23Sep2025 04:14:02.535] [Server thread/DEBUG] [Spartan Weaponry/]: Intercepted DamageSource.playerAttack() method!
[23Sep2025 04:14:02.535] [Server thread/DEBUG] [Spartan Weaponry/]: Intercepted DamageSource.playerAttack() method!
[23Sep2025 04:14:03.484] [Server thread/DEBUG] [Spartan Weaponry/]: Intercepted DamageSource.playerAttack() method!
[23Sep2025 04:14:03.484] [Server thread/DEBUG] [Spartan Weaponry/]: Intercepted EnchantmentHelper.getSweepingDamageRatio() method!
[23Sep2025 04:14:03.484] [Server thread/DEBUG] [Spartan Weaponry/]: Intercepted DamageSource.playerAttack() method!
[23Sep2025 04:14:03.484] [Server thread/DEBUG] [Spartan Weaponry/]: Intercepted DamageSource.playerAttack() method!
[23Sep2025 04:14:03.484] [Server thread/DEBUG] [Spartan Weaponry/]: Intercepted DamageSource.playerAttack() method!
[23Sep2025 04:14:03.484] [Server thread/DEBUG] [Spartan Weaponry/]: Intercepted DamageSource.playerAttack() method!
[23Sep2025 04:14:03.485] [Server thread/DEBUG] [Spartan Weaponry/]: Intercepted DamageSource.playerAttack() method!
[23Sep2025 04:14:03.485] [Server thread/DEBUG] [Spartan Weaponry/]: Intercepted DamageSource.playerAttack() method!
[23Sep2025 04:14:03.485] [Server thread/DEBUG] [Spartan Weaponry/]: Intercepted DamageSource.playerAttack() method!
[23Sep2025 04:14:04.334] [Server thread/DEBUG] [Spartan Weaponry/]: Intercepted DamageSource.playerAttack() method!
[23Sep2025 04:14:04.336] [Server thread/DEBUG] [Spartan Weaponry/]: Intercepted EnchantmentHelper.getSweepingDamageRatio() method!
[23Sep2025 04:14:04.336] [Server thread/DEBUG] [Spartan Weaponry/]: Intercepted DamageSource.playerAttack() method!
[23Sep2025 04:14:04.336] [Server thread/DEBUG] [Spartan Weaponry/]: Intercepted DamageSource.playerAttack() method!
[23Sep2025 04:14:04.336] [Server thread/DEBUG] [Spartan Weaponry/]: Intercepted DamageSource.playerAttack() method!
[23Sep2025 04:14:04.336] [Server thread/DEBUG] [Spartan Weaponry/]: Intercepted DamageSource.playerAttack() method!
[23Sep2025 04:14:04.336] [Server thread/DEBUG] [Spartan Weaponry/]: Intercepted DamageSource.playerAttack() method!
[23Sep2025 04:14:04.337] [Server thread/DEBUG] [Spartan Weaponry/]: Intercepted DamageSource.playerAttack() method!
[23Sep2025 04:14:04.337] [Server thread/DEBUG] [Spartan Weaponry/]: Intercepted DamageSource.playerAttack() method!
[23Sep2025 04:14:05.193] [Server thread/DEBUG] [Spartan Weaponry/]: Intercepted DamageSource.playerAttack() method!
[23Sep2025 04:14:05.194] [Server thread/DEBUG] [Spartan Weaponry/]: Intercepted EnchantmentHelper.getSweepingDamageRatio() method!
[23Sep2025 04:14:05.195] [Server thread/DEBUG] [Spartan Weaponry/]: Intercepted DamageSource.playerAttack() method!
[23Sep2025 04:14:05.195] [Server thread/DEBUG] [Spartan Weaponry/]: Intercepted DamageSource.playerAttack() method!
[23Sep2025 04:14:05.196] [Server thread/DEBUG] [Spartan Weaponry/]: Intercepted DamageSource.playerAttack() method!
[23Sep2025 04:14:05.196] [Server thread/DEBUG] [Spartan Weaponry/]: Intercepted DamageSource.playerAttack() method!
[23Sep2025 04:14:05.196] [Server thread/DEBUG] [Spartan Weaponry/]: Intercepted DamageSource.playerAttack() method!
[23Sep2025 04:14:05.196] [Server thread/DEBUG] [Spartan Weaponry/]: Intercepted DamageSource.playerAttack() method!
[23Sep2025 04:14:05.196] [Server thread/DEBUG] [Spartan Weaponry/]: Intercepted DamageSource.playerAttack() method!
[23Sep2025 04:14:06.185] [Server thread/DEBUG] [Spartan Weaponry/]: Intercepted DamageSource.playerAttack() method!
[23Sep2025 04:14:06.187] [Server thread/DEBUG] [Spartan Weaponry/]: Intercepted EnchantmentHelper.getSweepingDamageRatio() method!
[23Sep2025 04:14:06.187] [Server thread/DEBUG] [Spartan Weaponry/]: Intercepted DamageSource.playerAttack() method!
[23Sep2025 04:14:06.187] [Server thread/DEBUG] [Spartan Weaponry/]: Intercepted DamageSource.playerAttack() method!
[23Sep2025 04:14:06.187] [Server thread/DEBUG] [Spartan Weaponry/]: Intercepted DamageSource.playerAttack() method!
[23Sep2025 04:14:06.187] [Server thread/DEBUG] [Spartan Weaponry/]: Intercepted DamageSource.playerAttack() method!
[23Sep2025 04:14:07.085] [Server thread/DEBUG] [Spartan Weaponry/]: Intercepted DamageSource.playerAttack() method!
[23Sep2025 04:14:07.088] [Server thread/DEBUG] [Spartan Weaponry/]: Intercepted EnchantmentHelper.getSweepingDamageRatio() method!
[23Sep2025 04:14:07.088] [Server thread/DEBUG] [Spartan Weaponry/]: Intercepted DamageSource.playerAttack() method!
[23Sep2025 04:14:07.088] [Server thread/DEBUG] [Spartan Weaponry/]: Intercepted DamageSource.playerAttack() method!
[23Sep2025 04:14:07.088] [Server thread/DEBUG] [Spartan Weaponry/]: Intercepted DamageSource.playerAttack() method!
[23Sep2025 04:14:07.088] [Server thread/DEBUG] [Spartan Weaponry/]: Intercepted DamageSource.playerAttack() method!
[23Sep2025 04:14:07.883] [Server thread/DEBUG] [Spartan Weaponry/]: Intercepted DamageSource.playerAttack() method!
[23Sep2025 04:14:07.884] [Server thread/DEBUG] [Spartan Weaponry/]: Intercepted EnchantmentHelper.getSweepingDamageRatio() method!
[23Sep2025 04:14:07.884] [Server thread/DEBUG] [Spartan Weaponry/]: Intercepted DamageSource.playerAttack() method!
[23Sep2025 04:14:07.884] [Server thread/DEBUG] [Spartan Weaponry/]: Intercepted DamageSource.playerAttack() method!
[23Sep2025 04:14:07.884] [Server thread/DEBUG] [Spartan Weaponry/]: Intercepted DamageSource.playerAttack() method!
[23Sep2025 04:14:08.683] [Server thread/DEBUG] [Spartan Weaponry/]: Intercepted DamageSource.playerAttack() method!
[23Sep2025 04:14:09.331] [Server thread/DEBUG] [Spartan Weaponry/]: Intercepted DamageSource.playerAttack() method!
[23Sep2025 04:14:09.332] [Server thread/DEBUG] [Spartan Weaponry/]: Intercepted EnchantmentHelper.getSweepingDamageRatio() method!
[23Sep2025 04:14:09.332] [Server thread/DEBUG] [Spartan Weaponry/]: Intercepted DamageSource.playerAttack() method!
[23Sep2025 04:14:17.082] [Server thread/DEBUG] [Spartan Weaponry/]: Intercepted DamageSource.playerAttack() method!
[23Sep2025 04:14:17.083] [Server thread/DEBUG] [Spartan Weaponry/]: Intercepted EnchantmentHelper.getSweepingDamageRatio() method!
[23Sep2025 04:14:43.761] [Netty Epoll Server IO #3/DEBUG] [net.minecraftforge.network.HandshakeHandler/FMLHANDSHAKE]: Starting new modded impl connection. Found 33 messages to dispatch.
[23Sep2025 04:14:43.782] [Server thread/DEBUG] [net.minecraftforge.network.HandshakeHandler/FMLHANDSHAKE]: Sending ticking packet info 'net.minecraftforge.network.HandshakeMessages$S2CModData' to 'fml:handshake' sequence 0
[23Sep2025 04:14:43.829] [Server thread/DEBUG] [net.minecraftforge.network.HandshakeHandler/FMLHANDSHAKE]: Sending ticking packet info 'net.minecraftforge.network.HandshakeMessages$S2CModList' to 'fml:handshake' sequence 1
[23Sep2025 04:14:43.882] [Server thread/DEBUG] [net.minecraftforge.network.HandshakeHandler/FMLHANDSHAKE]: Sending ticking packet info 'Registry minecraft:command_argument_type' to 'fml:handshake' sequence 2
[23Sep2025 04:14:43.932] [Server thread/DEBUG] [net.minecraftforge.network.HandshakeHandler/FMLHANDSHAKE]: Sending ticking packet info 'Registry minecraft:recipe_serializer' to 'fml:handshake' sequence 3
[23Sep2025 04:14:43.980] [Server thread/DEBUG] [net.minecraftforge.network.HandshakeHandler/FMLHANDSHAKE]: Sending ticking packet info 'Registry minecraft:sound_event' to 'fml:handshake' sequence 4
[23Sep2025 04:14:44.033] [Server thread/DEBUG] [net.minecraftforge.network.HandshakeHandler/FMLHANDSHAKE]: Sending ticking packet info 'Registry minecraft:particle_type' to 'fml:handshake' sequence 5
[23Sep2025 04:14:44.076] [Server thread/DEBUG] [net.minecraftforge.network.HandshakeHandler/FMLHANDSHAKE]: Sending ticking packet info 'Registry minecraft:villager_profession' to 'fml:handshake' sequence 6
[23Sep2025 04:14:44.132] [Server thread/DEBUG] [net.minecraftforge.network.HandshakeHandler/FMLHANDSHAKE]: Sending ticking packet info 'Registry minecraft:item' to 'fml:handshake' sequence 7
[23Sep2025 04:14:44.175] [Netty Epoll Server IO #3/DEBUG] [net.minecraftforge.network.LoginWrapper/FMLHANDSHAKE]: Recieved login wrapper packet event for channel fml:handshake with index 1
[23Sep2025 04:14:44.175] [Netty Epoll Server IO #3/DEBUG] [net.minecraftforge.network.HandshakeHandler/FMLHANDSHAKE]: Received client indexed reply 1 of type net.minecraftforge.network.HandshakeMessages$C2SModListReply
[23Sep2025 04:14:44.175] [Netty Epoll Server IO #3/DEBUG] [net.minecraftforge.network.HandshakeHandler/FMLHANDSHAKE]: Received client connection with modlist [minecraft, farmersdelight, jade, butcher, geckolib, jei, goblintraders, kotlinforforge, sophisticatedcore, curios, spartanshields, xaerominimap, xaeroworldmap, citadel, alexsmobs, securitycraft, mixinextras, tombstone, sophisticatedbackpacks, spartanweaponry, superbwarfare, pickupnotifier, iceandfire, puzzleslib, framework, fallingtree, puzzlesaccessapi, forge, appleskin, ingotcraft, tlskincape]
[23Sep2025 04:14:44.175] [Netty Epoll Server IO #3/DEBUG] [net.minecraftforge.network.NetworkRegistry/NETREGISTRY]: Channel 'jei:channel' : Version test of '1.0.0' from client : ACCEPTED
[23Sep2025 04:14:44.175] [Netty Epoll Server IO #3/DEBUG] [net.minecraftforge.network.NetworkRegistry/NETREGISTRY]: Channel 'minecraft:unregister' : Version test of 'FML3' from client : ACCEPTED
[23Sep2025 04:14:44.175] [Netty Epoll Server IO #3/DEBUG] [net.minecraftforge.network.NetworkRegistry/NETREGISTRY]: Channel 'sophisticatedbackpacks:channel' : Version test of '1' from client : ACCEPTED
[23Sep2025 04:14:44.175] [Netty Epoll Server IO #3/DEBUG] [net.minecraftforge.network.NetworkRegistry/NETREGISTRY]: Channel 'citadel:main_channel' : Version test of '1' from client : ACCEPTED
[23Sep2025 04:14:44.175] [Netty Epoll Server IO #3/DEBUG] [net.minecraftforge.network.NetworkRegistry/NETREGISTRY]: Channel 'puzzleslib:1' : Version test of '1' from client : ACCEPTED
[23Sep2025 04:14:44.176] [Netty Epoll Server IO #3/DEBUG] [net.minecraftforge.network.NetworkRegistry/NETREGISTRY]: Channel 'securitycraft:securitycraft' : Version test of 'v1.10.0.1' from client : ACCEPTED
[23Sep2025 04:14:44.176] [Netty Epoll Server IO #3/DEBUG] [net.minecraftforge.network.NetworkRegistry/NETREGISTRY]: Channel 'iceandfire:main_channel' : Version test of '1' from client : ACCEPTED
[23Sep2025 04:14:44.176] [Netty Epoll Server IO #3/DEBUG] [net.minecraftforge.network.NetworkRegistry/NETREGISTRY]: Channel 'framework:play' : Version test of '1' from client : ACCEPTED
[23Sep2025 04:14:44.176] [Netty Epoll Server IO #3/DEBUG] [net.minecraftforge.network.NetworkRegistry/NETREGISTRY]: Channel 'fallingtree:main' : Version test of '1' from client : ACCEPTED
[23Sep2025 04:14:44.176] [Netty Epoll Server IO #3/DEBUG] [net.minecraftforge.network.NetworkRegistry/NETREGISTRY]: Channel 'curios:main' : Version test of '1' from client : ACCEPTED
[23Sep2025 04:14:44.176] [Netty Epoll Server IO #3/DEBUG] [net.minecraftforge.network.NetworkRegistry/NETREGISTRY]: Channel 'framework:handshake' : Version test of '1' from client : ACCEPTED
[23Sep2025 04:14:44.176] [Netty Epoll Server IO #3/DEBUG] [net.minecraftforge.network.NetworkRegistry/NETREGISTRY]: Channel 'fml:loginwrapper' : Version test of 'FML3' from client : ACCEPTED
[23Sep2025 04:14:44.176] [Netty Epoll Server IO #3/DEBUG] [net.minecraftforge.network.NetworkRegistry/NETREGISTRY]: Channel 'forge:tier_sorting' : Version test of '1.0' from client : ACCEPTED
[23Sep2025 04:14:44.176] [Netty Epoll Server IO #3/DEBUG] [net.minecraftforge.network.NetworkRegistry/NETREGISTRY]: Channel 'spartanshields:network' : Version test of '1' from client : ACCEPTED
[23Sep2025 04:14:44.176] [Netty Epoll Server IO #3/DEBUG] [net.minecraftforge.network.NetworkRegistry/NETREGISTRY]: Channel 'alexsmobs:main_channel' : Version test of '1' from client : ACCEPTED
[23Sep2025 04:14:44.176] [Netty Epoll Server IO #3/DEBUG] [net.minecraftforge.network.NetworkRegistry/NETREGISTRY]: Channel 'tombstone:tombstone_channel' : Version test of 'tombstone-9.0.9' from client : ACCEPTED
[23Sep2025 04:14:44.176] [Netty Epoll Server IO #3/DEBUG] [net.minecraftforge.network.NetworkRegistry/NETREGISTRY]: Channel 'fml:play' : Version test of 'FML3' from client : ACCEPTED
[23Sep2025 04:14:44.176] [Netty Epoll Server IO #3/DEBUG] [net.minecraftforge.network.NetworkRegistry/NETREGISTRY]: Channel 'pickupnotifier:1' : Version test of '1' from client : ACCEPTED
[23Sep2025 04:14:44.176] [Netty Epoll Server IO #3/DEBUG] [net.minecraftforge.network.NetworkRegistry/NETREGISTRY]: Channel 'sophisticatedcore:channel' : Version test of '1' from client : ACCEPTED
[23Sep2025 04:14:44.176] [Netty Epoll Server IO #3/DEBUG] [net.minecraftforge.network.NetworkRegistry/NETREGISTRY]: Channel 'fml:handshake' : Version test of 'FML3' from client : ACCEPTED
[23Sep2025 04:14:44.176] [Netty Epoll Server IO #3/DEBUG] [net.minecraftforge.network.NetworkRegistry/NETREGISTRY]: Channel 'spartanweaponry:network' : Version test of '1' from client : ACCEPTED
[23Sep2025 04:14:44.176] [Netty Epoll Server IO #3/DEBUG] [net.minecraftforge.network.NetworkRegistry/NETREGISTRY]: Channel 'minecraft:register' : Version test of 'FML3' from client : ACCEPTED
[23Sep2025 04:14:44.176] [Netty Epoll Server IO #3/DEBUG] [net.minecraftforge.network.NetworkRegistry/NETREGISTRY]: Channel 'forge:split' : Version test of '1.1' from client : ACCEPTED
[23Sep2025 04:14:44.176] [Netty Epoll Server IO #3/DEBUG] [net.minecraftforge.network.NetworkRegistry/NETREGISTRY]: Channel 'superbwarfare:superbwarfare' : Version test of '1' from client : ACCEPTED
[23Sep2025 04:14:44.176] [Netty Epoll Server IO #3/DEBUG] [net.minecraftforge.network.NetworkRegistry/NETREGISTRY]: Channel 'butcher:butcher' : Version test of '1' from client : ACCEPTED
[23Sep2025 04:14:44.176] [Netty Epoll Server IO #3/DEBUG] [net.minecraftforge.network.NetworkRegistry/NETREGISTRY]: Channel 'geckolib:main' : Version test of '1' from client : ACCEPTED
[23Sep2025 04:14:44.176] [Netty Epoll Server IO #3/DEBUG] [net.minecraftforge.network.NetworkRegistry/NETREGISTRY]: Channel 'jade:networking' : Version test of '2' from client : ACCEPTED
[23Sep2025 04:14:44.176] [Netty Epoll Server IO #3/DEBUG] [net.minecraftforge.network.NetworkRegistry/NETREGISTRY]: Accepting channel list from client
[23Sep2025 04:14:44.176] [Netty Epoll Server IO #3/DEBUG] [net.minecraftforge.network.HandshakeHandler/FMLHANDSHAKE]: Accepted client connection mod list
[23Sep2025 04:14:44.180] [Server thread/DEBUG] [net.minecraftforge.network.HandshakeHandler/FMLHANDSHAKE]: Sending ticking packet info 'Registry minecraft:potion' to 'fml:handshake' sequence 8
[23Sep2025 04:14:44.232] [Netty Epoll Server IO #3/DEBUG] [net.minecraftforge.network.LoginWrapper/FMLHANDSHAKE]: Recieved login wrapper packet event for channel fml:handshake with index 2
[23Sep2025 04:14:44.232] [Netty Epoll Server IO #3/DEBUG] [net.minecraftforge.network.HandshakeHandler/FMLHANDSHAKE]: Received client indexed reply 2 of type net.minecraftforge.network.HandshakeMessages$C2SAcknowledge
[23Sep2025 04:14:44.232] [Netty Epoll Server IO #3/DEBUG] [net.minecraftforge.network.HandshakeHandler/FMLHANDSHAKE]: Received acknowledgement from client
[23Sep2025 04:14:44.232] [Server thread/DEBUG] [net.minecraftforge.network.HandshakeHandler/FMLHANDSHAKE]: Sending ticking packet info 'Registry minecraft:painting_variant' to 'fml:handshake' sequence 9
[23Sep2025 04:14:44.272] [Netty Epoll Server IO #3/DEBUG] [net.minecraftforge.network.LoginWrapper/FMLHANDSHAKE]: Recieved login wrapper packet event for channel fml:handshake with index 3
[23Sep2025 04:14:44.272] [Netty Epoll Server IO #3/DEBUG] [net.minecraftforge.network.HandshakeHandler/FMLHANDSHAKE]: Received client indexed reply 3 of type net.minecraftforge.network.HandshakeMessages$C2SAcknowledge
[23Sep2025 04:14:44.272] [Netty Epoll Server IO #3/DEBUG] [net.minecraftforge.network.HandshakeHandler/FMLHANDSHAKE]: Received acknowledgement from client
[23Sep2025 04:14:44.279] [Server thread/DEBUG] [net.minecraftforge.network.HandshakeHandler/FMLHANDSHAKE]: Sending ticking packet info 'Registry forge:fluid_type' to 'fml:handshake' sequence 10
[23Sep2025 04:14:44.336] [Server thread/DEBUG] [net.minecraftforge.network.HandshakeHandler/FMLHANDSHAKE]: Sending ticking packet info 'Registry minecraft:block_entity_type' to 'fml:handshake' sequence 11
[23Sep2025 04:14:44.379] [Server thread/DEBUG] [net.minecraftforge.network.HandshakeHandler/FMLHANDSHAKE]: Sending ticking packet info 'Registry forge:display_contexts' to 'fml:handshake' sequence 12
[23Sep2025 04:14:44.436] [Server thread/DEBUG] [net.minecraftforge.network.HandshakeHandler/FMLHANDSHAKE]: Sending ticking packet info 'Registry minecraft:block' to 'fml:handshake' sequence 13
[23Sep2025 04:14:44.481] [Server thread/DEBUG] [net.minecraftforge.network.HandshakeHandler/FMLHANDSHAKE]: Sending ticking packet info 'Registry spartanweaponry:oil_effects' to 'fml:handshake' sequence 14
[23Sep2025 04:14:44.532] [Server thread/DEBUG] [net.minecraftforge.network.HandshakeHandler/FMLHANDSHAKE]: Sending ticking packet info 'Registry forge:entity_data_serializers' to 'fml:handshake' sequence 15
[23Sep2025 04:14:44.582] [Server thread/DEBUG] [net.minecraftforge.network.HandshakeHandler/FMLHANDSHAKE]: Sending ticking packet info 'Registry spartanweaponry:weapon_traits' to 'fml:handshake' sequence 16
[23Sep2025 04:14:44.639] [Server thread/DEBUG] [net.minecraftforge.network.HandshakeHandler/FMLHANDSHAKE]: Sending ticking packet info 'Registry minecraft:mob_effect' to 'fml:handshake' sequence 17
[23Sep2025 04:14:44.683] [Server thread/DEBUG] [net.minecraftforge.network.HandshakeHandler/FMLHANDSHAKE]: Sending ticking packet info 'Registry minecraft:stat_type' to 'fml:handshake' sequence 18
[23Sep2025 04:14:44.734] [Server thread/DEBUG] [net.minecraftforge.network.HandshakeHandler/FMLHANDSHAKE]: Sending ticking packet info 'Registry superbwarfare:perk' to 'fml:handshake' sequence 19
[23Sep2025 04:14:44.780] [Server thread/DEBUG] [net.minecraftforge.network.HandshakeHandler/FMLHANDSHAKE]: Sending ticking packet info 'Registry tombstone:perks' to 'fml:handshake' sequence 20
[23Sep2025 04:14:44.833] [Server thread/DEBUG] [net.minecraftforge.network.HandshakeHandler/FMLHANDSHAKE]: Sending ticking packet info 'Registry minecraft:menu' to 'fml:handshake' sequence 21
[23Sep2025 04:14:44.883] [Server thread/DEBUG] [net.minecraftforge.network.HandshakeHandler/FMLHANDSHAKE]: Sending ticking packet info 'Registry minecraft:enchantment' to 'fml:handshake' sequence 22
[23Sep2025 04:14:44.930] [Server thread/DEBUG] [net.minecraftforge.network.HandshakeHandler/FMLHANDSHAKE]: Sending ticking packet info 'Registry minecraft:fluid' to 'fml:handshake' sequence 23
[23Sep2025 04:14:44.981] [Server thread/DEBUG] [net.minecraftforge.network.HandshakeHandler/FMLHANDSHAKE]: Sending ticking packet info 'Registry minecraft:entity_type' to 'fml:handshake' sequence 24
[23Sep2025 04:14:45.005] [Netty Epoll Server IO #3/DEBUG] [net.minecraftforge.network.LoginWrapper/FMLHANDSHAKE]: Recieved login wrapper packet event for channel fml:handshake with index 4
[23Sep2025 04:14:45.005] [Netty Epoll Server IO #3/DEBUG] [net.minecraftforge.network.HandshakeHandler/FMLHANDSHAKE]: Received client indexed reply 4 of type net.minecraftforge.network.HandshakeMessages$C2SAcknowledge
[23Sep2025 04:14:45.005] [Netty Epoll Server IO #3/DEBUG] [net.minecraftforge.network.HandshakeHandler/FMLHANDSHAKE]: Received acknowledgement from client
[23Sep2025 04:14:45.026] [Server thread/DEBUG] [net.minecraftforge.network.HandshakeHandler/FMLHANDSHAKE]: Sending ticking packet info 'Config securitycraft-server.toml' to 'fml:handshake' sequence 25
[23Sep2025 04:14:45.081] [Server thread/DEBUG] [net.minecraftforge.network.HandshakeHandler/FMLHANDSHAKE]: Sending ticking packet info 'Config superbwarfare-server.toml' to 'fml:handshake' sequence 26
[23Sep2025 04:14:45.141] [Server thread/DEBUG] [net.minecraftforge.network.HandshakeHandler/FMLHANDSHAKE]: Sending ticking packet info 'Config curios-server.toml' to 'fml:handshake' sequence 27
[23Sep2025 04:14:45.144] [Netty Epoll Server IO #3/DEBUG] [net.minecraftforge.network.LoginWrapper/FMLHANDSHAKE]: Recieved login wrapper packet event for channel fml:handshake with index 5
[23Sep2025 04:14:45.144] [Netty Epoll Server IO #3/DEBUG] [net.minecraftforge.network.HandshakeHandler/FMLHANDSHAKE]: Received client indexed reply 5 of type net.minecraftforge.network.HandshakeMessages$C2SAcknowledge
[23Sep2025 04:14:45.144] [Netty Epoll Server IO #3/DEBUG] [net.minecraftforge.network.HandshakeHandler/FMLHANDSHAKE]: Received acknowledgement from client
[23Sep2025 04:14:45.144] [Netty Epoll Server IO #3/DEBUG] [net.minecraftforge.network.LoginWrapper/FMLHANDSHAKE]: Recieved login wrapper packet event for channel fml:handshake with index 6
[23Sep2025 04:14:45.145] [Netty Epoll Server IO #3/DEBUG] [net.minecraftforge.network.HandshakeHandler/FMLHANDSHAKE]: Received client indexed reply 6 of type net.minecraftforge.network.HandshakeMessages$C2SAcknowledge
[23Sep2025 04:14:45.145] [Netty Epoll Server IO #3/DEBUG] [net.minecraftforge.network.HandshakeHandler/FMLHANDSHAKE]: Received acknowledgement from client
[23Sep2025 04:14:45.184] [Server thread/DEBUG] [net.minecraftforge.network.HandshakeHandler/FMLHANDSHAKE]: Sending ticking packet info 'Config tombstone-server.toml' to 'fml:handshake' sequence 28
[23Sep2025 04:14:45.231] [Server thread/DEBUG] [net.minecraftforge.network.HandshakeHandler/FMLHANDSHAKE]: Sending ticking packet info 'Config sophisticatedbackpacks-server.toml' to 'fml:handshake' sequence 29
[23Sep2025 04:14:45.277] [Server thread/DEBUG] [net.minecraftforge.network.HandshakeHandler/FMLHANDSHAKE]: Sending ticking packet info 'Config pickupnotifier/pickupnotifier-server.toml' to 'fml:handshake' sequence 30
[23Sep2025 04:14:45.334] [Server thread/DEBUG] [net.minecraftforge.network.HandshakeHandler/FMLHANDSHAKE]: Sending ticking packet info 'Config jei-server.toml' to 'fml:handshake' sequence 31
[23Sep2025 04:14:45.384] [Server thread/DEBUG] [net.minecraftforge.network.HandshakeHandler/FMLHANDSHAKE]: Sending ticking packet info 'Config forge-server.toml' to 'fml:handshake' sequence 32
[23Sep2025 04:14:45.585] [Netty Epoll Server IO #3/DEBUG] [net.minecraftforge.network.LoginWrapper/FMLHANDSHAKE]: Recieved login wrapper packet event for channel fml:handshake with index 7
[23Sep2025 04:14:45.585] [Netty Epoll Server IO #3/DEBUG] [net.minecraftforge.network.HandshakeHandler/FMLHANDSHAKE]: Received client indexed reply 7 of type net.minecraftforge.network.HandshakeMessages$C2SAcknowledge
[23Sep2025 04:14:45.585] [Netty Epoll Server IO #3/DEBUG] [net.minecraftforge.network.HandshakeHandler/FMLHANDSHAKE]: Received acknowledgement from client
[23Sep2025 04:14:45.587] [Netty Epoll Server IO #3/DEBUG] [net.minecraftforge.network.LoginWrapper/FMLHANDSHAKE]: Recieved login wrapper packet event for channel fml:handshake with index 8
[23Sep2025 04:14:45.587] [Netty Epoll Server IO #3/DEBUG] [net.minecraftforge.network.HandshakeHandler/FMLHANDSHAKE]: Received client indexed reply 8 of type net.minecraftforge.network.HandshakeMessages$C2SAcknowledge
[23Sep2025 04:14:45.587] [Netty Epoll Server IO #3/DEBUG] [net.minecraftforge.network.HandshakeHandler/FMLHANDSHAKE]: Received acknowledgement from client
[23Sep2025 04:14:45.587] [Netty Epoll Server IO #3/DEBUG] [net.minecraftforge.network.LoginWrapper/FMLHANDSHAKE]: Recieved login wrapper packet event for channel fml:handshake with index 9
[23Sep2025 04:14:45.587] [Netty Epoll Server IO #3/DEBUG] [net.minecraftforge.network.HandshakeHandler/FMLHANDSHAKE]: Received client indexed reply 9 of type net.minecraftforge.network.HandshakeMessages$C2SAcknowledge
[23Sep2025 04:14:45.587] [Netty Epoll Server IO #3/DEBUG] [net.minecraftforge.network.HandshakeHandler/FMLHANDSHAKE]: Received acknowledgement from client
[23Sep2025 04:14:45.587] [Netty Epoll Server IO #3/DEBUG] [net.minecraftforge.network.LoginWrapper/FMLHANDSHAKE]: Recieved login wrapper packet event for channel fml:handshake with index 10
[23Sep2025 04:14:45.587] [Netty Epoll Server IO #3/DEBUG] [net.minecraftforge.network.HandshakeHandler/FMLHANDSHAKE]: Received client indexed reply 10 of type net.minecraftforge.network.HandshakeMessages$C2SAcknowledge
[23Sep2025 04:14:45.587] [Netty Epoll Server IO #3/DEBUG] [net.minecraftforge.network.HandshakeHandler/FMLHANDSHAKE]: Received acknowledgement from client
[23Sep2025 04:14:45.589] [Netty Epoll Server IO #3/DEBUG] [net.minecraftforge.network.LoginWrapper/FMLHANDSHAKE]: Recieved login wrapper packet event for channel fml:handshake with index 11
[23Sep2025 04:14:45.589] [Netty Epoll Server IO #3/DEBUG] [net.minecraftforge.network.HandshakeHandler/FMLHANDSHAKE]: Received client indexed reply 11 of type net.minecraftforge.network.HandshakeMessages$C2SAcknowledge
[23Sep2025 04:14:45.589] [Netty Epoll Server IO #3/DEBUG] [net.minecraftforge.network.HandshakeHandler/FMLHANDSHAKE]: Received acknowledgement from client
[23Sep2025 04:14:45.590] [Netty Epoll Server IO #3/DEBUG] [net.minecraftforge.network.LoginWrapper/FMLHANDSHAKE]: Recieved login wrapper packet event for channel fml:handshake with index 12
[23Sep2025 04:14:45.590] [Netty Epoll Server IO #3/DEBUG] [net.minecraftforge.network.HandshakeHandler/FMLHANDSHAKE]: Received client indexed reply 12 of type net.minecraftforge.network.HandshakeMessages$C2SAcknowledge
[23Sep2025 04:14:45.590] [Netty Epoll Server IO #3/DEBUG] [net.minecraftforge.network.HandshakeHandler/FMLHANDSHAKE]: Received acknowledgement from client
[23Sep2025 04:14:45.690] [Netty Epoll Server IO #3/DEBUG] [net.minecraftforge.network.LoginWrapper/FMLHANDSHAKE]: Recieved login wrapper packet event for channel fml:handshake with index 13
[23Sep2025 04:14:45.690] [Netty Epoll Server IO #3/DEBUG] [net.minecraftforge.network.HandshakeHandler/FMLHANDSHAKE]: Received client indexed reply 13 of type net.minecraftforge.network.HandshakeMessages$C2SAcknowledge
[23Sep2025 04:14:45.690] [Netty Epoll Server IO #3/DEBUG] [net.minecraftforge.network.HandshakeHandler/FMLHANDSHAKE]: Received acknowledgement from client
[23Sep2025 04:14:45.691] [Netty Epoll Server IO #3/DEBUG] [net.minecraftforge.network.LoginWrapper/FMLHANDSHAKE]: Recieved login wrapper packet event for channel fml:handshake with index 14
[23Sep2025 04:14:45.691] [Netty Epoll Server IO #3/DEBUG] [net.minecraftforge.network.HandshakeHandler/FMLHANDSHAKE]: Received client indexed reply 14 of type net.minecraftforge.network.HandshakeMessages$C2SAcknowledge
[23Sep2025 04:14:45.692] [Netty Epoll Server IO #3/DEBUG] [net.minecraftforge.network.HandshakeHandler/FMLHANDSHAKE]: Received acknowledgement from client
[23Sep2025 04:14:45.692] [Netty Epoll Server IO #3/DEBUG] [net.minecraftforge.network.LoginWrapper/FMLHANDSHAKE]: Recieved login wrapper packet event for channel fml:handshake with index 15
[23Sep2025 04:14:45.692] [Netty Epoll Server IO #3/DEBUG] [net.minecraftforge.network.HandshakeHandler/FMLHANDSHAKE]: Received client indexed reply 15 of type net.minecraftforge.network.HandshakeMessages$C2SAcknowledge
[23Sep2025 04:14:45.692] [Netty Epoll Server IO #3/DEBUG] [net.minecraftforge.network.HandshakeHandler/FMLHANDSHAKE]: Received acknowledgement from client
[23Sep2025 04:14:45.692] [Netty Epoll Server IO #3/DEBUG] [net.minecraftforge.network.LoginWrapper/FMLHANDSHAKE]: Recieved login wrapper packet event for channel fml:handshake with index 16
[23Sep2025 04:14:45.692] [Netty Epoll Server IO #3/DEBUG] [net.minecraftforge.network.HandshakeHandler/FMLHANDSHAKE]: Received client indexed reply 16 of type net.minecraftforge.network.HandshakeMessages$C2SAcknowledge
[23Sep2025 04:14:45.692] [Netty Epoll Server IO #3/DEBUG] [net.minecraftforge.network.HandshakeHandler/FMLHANDSHAKE]: Received acknowledgement from client
[23Sep2025 04:14:45.692] [Netty Epoll Server IO #3/DEBUG] [net.minecraftforge.network.LoginWrapper/FMLHANDSHAKE]: Recieved login wrapper packet event for channel fml:handshake with index 17
[23Sep2025 04:14:45.692] [Netty Epoll Server IO #3/DEBUG] [net.minecraftforge.network.HandshakeHandler/FMLHANDSHAKE]: Received client indexed reply 17 of type net.minecraftforge.network.HandshakeMessages$C2SAcknowledge
[23Sep2025 04:14:45.692] [Netty Epoll Server IO #3/DEBUG] [net.minecraftforge.network.HandshakeHandler/FMLHANDSHAKE]: Received acknowledgement from client
[23Sep2025 04:14:45.693] [Netty Epoll Server IO #3/DEBUG] [net.minecraftforge.network.LoginWrapper/FMLHANDSHAKE]: Recieved login wrapper packet event for channel fml:handshake with index 18
[23Sep2025 04:14:45.693] [Netty Epoll Server IO #3/DEBUG] [net.minecraftforge.network.HandshakeHandler/FMLHANDSHAKE]: Received client indexed reply 18 of type net.minecraftforge.network.HandshakeMessages$C2SAcknowledge
[23Sep2025 04:14:45.693] [Netty Epoll Server IO #3/DEBUG] [net.minecraftforge.network.HandshakeHandler/FMLHANDSHAKE]: Received acknowledgement from client
[23Sep2025 04:14:45.693] [Netty Epoll Server IO #3/DEBUG] [net.minecraftforge.network.LoginWrapper/FMLHANDSHAKE]: Recieved login wrapper packet event for channel fml:handshake with index 19
[23Sep2025 04:14:45.693] [Netty Epoll Server IO #3/DEBUG] [net.minecraftforge.network.HandshakeHandler/FMLHANDSHAKE]: Received client indexed reply 19 of type net.minecraftforge.network.HandshakeMessages$C2SAcknowledge
[23Sep2025 04:14:45.693] [Netty Epoll Server IO #3/DEBUG] [net.minecraftforge.network.HandshakeHandler/FMLHANDSHAKE]: Received acknowledgement from client
[23Sep2025 04:14:45.693] [Netty Epoll Server IO #3/DEBUG] [net.minecraftforge.network.LoginWrapper/FMLHANDSHAKE]: Recieved login wrapper packet event for channel fml:handshake with index 20
[23Sep2025 04:14:45.693] [Netty Epoll Server IO #3/DEBUG] [net.minecraftforge.network.HandshakeHandler/FMLHANDSHAKE]: Received client indexed reply 20 of type net.minecraftforge.network.HandshakeMessages$C2SAcknowledge
[23Sep2025 04:14:45.693] [Netty Epoll Server IO #3/DEBUG] [net.minecraftforge.network.HandshakeHandler/FMLHANDSHAKE]: Received acknowledgement from client
[23Sep2025 04:14:45.693] [Netty Epoll Server IO #3/DEBUG] [net.minecraftforge.network.LoginWrapper/FMLHANDSHAKE]: Recieved login wrapper packet event for channel fml:handshake with index 21
[23Sep2025 04:14:45.693] [Netty Epoll Server IO #3/DEBUG] [net.minecraftforge.network.HandshakeHandler/FMLHANDSHAKE]: Received client indexed reply 21 of type net.minecraftforge.network.HandshakeMessages$C2SAcknowledge
[23Sep2025 04:14:45.693] [Netty Epoll Server IO #3/DEBUG] [net.minecraftforge.network.HandshakeHandler/FMLHANDSHAKE]: Received acknowledgement from client
[23Sep2025 04:14:45.693] [Netty Epoll Server IO #3/DEBUG] [net.minecraftforge.network.LoginWrapper/FMLHANDSHAKE]: Recieved login wrapper packet event for channel fml:handshake with index 22
[23Sep2025 04:14:45.693] [Netty Epoll Server IO #3/DEBUG] [net.minecraftforge.network.HandshakeHandler/FMLHANDSHAKE]: Received client indexed reply 22 of type net.minecraftforge.network.HandshakeMessages$C2SAcknowledge
[23Sep2025 04:14:45.693] [Netty Epoll Server IO #3/DEBUG] [net.minecraftforge.network.HandshakeHandler/FMLHANDSHAKE]: Received acknowledgement from client
[23Sep2025 04:14:45.694] [Netty Epoll Server IO #3/DEBUG] [net.minecraftforge.network.LoginWrapper/FMLHANDSHAKE]: Recieved login wrapper packet event for channel fml:handshake with index 23
[23Sep2025 04:14:45.694] [Netty Epoll Server IO #3/DEBUG] [net.minecraftforge.network.HandshakeHandler/FMLHANDSHAKE]: Received client indexed reply 23 of type net.minecraftforge.network.HandshakeMessages$C2SAcknowledge
[23Sep2025 04:14:45.694] [Netty Epoll Server IO #3/DEBUG] [net.minecraftforge.network.HandshakeHandler/FMLHANDSHAKE]: Received acknowledgement from client
[23Sep2025 04:14:47.361] [Netty Epoll Server IO #3/DEBUG] [net.minecraftforge.network.LoginWrapper/FMLHANDSHAKE]: Recieved login wrapper packet event for channel fml:handshake with index 24
[23Sep2025 04:14:47.361] [Netty Epoll Server IO #3/DEBUG] [net.minecraftforge.network.HandshakeHandler/FMLHANDSHAKE]: Received client indexed reply 24 of type net.minecraftforge.network.HandshakeMessages$C2SAcknowledge
[23Sep2025 04:14:47.361] [Netty Epoll Server IO #3/DEBUG] [net.minecraftforge.network.HandshakeHandler/FMLHANDSHAKE]: Received acknowledgement from client
[23Sep2025 04:14:47.377] [Netty Epoll Server IO #3/DEBUG] [net.minecraftforge.network.LoginWrapper/FMLHANDSHAKE]: Recieved login wrapper packet event for channel fml:handshake with index 25
[23Sep2025 04:14:47.378] [Netty Epoll Server IO #3/DEBUG] [net.minecraftforge.network.HandshakeHandler/FMLHANDSHAKE]: Received client indexed reply 25 of type net.minecraftforge.network.HandshakeMessages$C2SAcknowledge
[23Sep2025 04:14:47.378] [Netty Epoll Server IO #3/DEBUG] [net.minecraftforge.network.HandshakeHandler/FMLHANDSHAKE]: Received acknowledgement from client
[23Sep2025 04:14:47.380] [Netty Epoll Server IO #3/DEBUG] [net.minecraftforge.network.LoginWrapper/FMLHANDSHAKE]: Recieved login wrapper packet event for channel fml:handshake with index 26
[23Sep2025 04:14:47.380] [Netty Epoll Server IO #3/DEBUG] [net.minecraftforge.network.HandshakeHandler/FMLHANDSHAKE]: Received client indexed reply 26 of type net.minecraftforge.network.HandshakeMessages$C2SAcknowledge
[23Sep2025 04:14:47.380] [Netty Epoll Server IO #3/DEBUG] [net.minecraftforge.network.HandshakeHandler/FMLHANDSHAKE]: Received acknowledgement from client
[23Sep2025 04:14:47.381] [Netty Epoll Server IO #3/DEBUG] [net.minecraftforge.network.LoginWrapper/FMLHANDSHAKE]: Recieved login wrapper packet event for channel fml:handshake with index 27
[23Sep2025 04:14:47.381] [Netty Epoll Server IO #3/DEBUG] [net.minecraftforge.network.HandshakeHandler/FMLHANDSHAKE]: Received client indexed reply 27 of type net.minecraftforge.network.HandshakeMessages$C2SAcknowledge
[23Sep2025 04:14:47.381] [Netty Epoll Server IO #3/DEBUG] [net.minecraftforge.network.HandshakeHandler/FMLHANDSHAKE]: Received acknowledgement from client
[23Sep2025 04:14:47.382] [Netty Epoll Server IO #3/DEBUG] [net.minecraftforge.network.LoginWrapper/FMLHANDSHAKE]: Recieved login wrapper packet event for channel fml:handshake with index 28
[23Sep2025 04:14:47.382] [Netty Epoll Server IO #3/DEBUG] [net.minecraftforge.network.HandshakeHandler/FMLHANDSHAKE]: Received client indexed reply 28 of type net.minecraftforge.network.HandshakeMessages$C2SAcknowledge
[23Sep2025 04:14:47.382] [Netty Epoll Server IO #3/DEBUG] [net.minecraftforge.network.HandshakeHandler/FMLHANDSHAKE]: Received acknowledgement from client
[23Sep2025 04:14:47.387] [Netty Epoll Server IO #3/DEBUG] [net.minecraftforge.network.LoginWrapper/FMLHANDSHAKE]: Recieved login wrapper packet event for channel fml:handshake with index 29
[23Sep2025 04:14:47.387] [Netty Epoll Server IO #3/DEBUG] [net.minecraftforge.network.HandshakeHandler/FMLHANDSHAKE]: Received client indexed reply 29 of type net.minecraftforge.network.HandshakeMessages$C2SAcknowledge
[23Sep2025 04:14:47.387] [Netty Epoll Server IO #3/DEBUG] [net.minecraftforge.network.HandshakeHandler/FMLHANDSHAKE]: Received acknowledgement from client
[23Sep2025 04:14:47.391] [Netty Epoll Server IO #3/DEBUG] [net.minecraftforge.network.LoginWrapper/FMLHANDSHAKE]: Recieved login wrapper packet event for channel fml:handshake with index 30
[23Sep2025 04:14:47.391] [Netty Epoll Server IO #3/DEBUG] [net.minecraftforge.network.HandshakeHandler/FMLHANDSHAKE]: Received client indexed reply 30 of type net.minecraftforge.network.HandshakeMessages$C2SAcknowledge
[23Sep2025 04:14:47.391] [Netty Epoll Server IO #3/DEBUG] [net.minecraftforge.network.HandshakeHandler/FMLHANDSHAKE]: Received acknowledgement from client
[23Sep2025 04:14:47.392] [Netty Epoll Server IO #3/DEBUG] [net.minecraftforge.network.LoginWrapper/FMLHANDSHAKE]: Recieved login wrapper packet event for channel fml:handshake with index 31
[23Sep2025 04:14:47.392] [Netty Epoll Server IO #3/DEBUG] [net.minecraftforge.network.HandshakeHandler/FMLHANDSHAKE]: Received client indexed reply 31 of type net.minecraftforge.network.HandshakeMessages$C2SAcknowledge
[23Sep2025 04:14:47.392] [Netty Epoll Server IO #3/DEBUG] [net.minecraftforge.network.HandshakeHandler/FMLHANDSHAKE]: Received acknowledgement from client
[23Sep2025 04:14:47.394] [Netty Epoll Server IO #3/DEBUG] [net.minecraftforge.network.LoginWrapper/FMLHANDSHAKE]: Recieved login wrapper packet event for channel fml:handshake with index 32
[23Sep2025 04:14:47.394] [Netty Epoll Server IO #3/DEBUG] [net.minecraftforge.network.HandshakeHandler/FMLHANDSHAKE]: Received client indexed reply 32 of type net.minecraftforge.network.HandshakeMessages$C2SAcknowledge
[23Sep2025 04:14:47.394] [Netty Epoll Server IO #3/DEBUG] [net.minecraftforge.network.HandshakeHandler/FMLHANDSHAKE]: Received acknowledgement from client
[23Sep2025 04:14:47.430] [Server thread/DEBUG] [net.minecraftforge.network.HandshakeHandler/FMLHANDSHAKE]: Handshake complete!
[23Sep2025 04:14:47.498] [Server thread/INFO] [net.minecraft.server.players.PlayerList/]: Eduardo171[/127.217.102.85:38989] logged in with entity id 7696 at (-1436.7538324155194, 64.0, -424.83240140459407)
[23Sep2025 04:14:47.498] [Server thread/DEBUG] [net.minecraftforge.network.filters.NetworkFilters/]: Injected net.minecraftforge.network.filters.ForgeConnectionNetworkFilter@160cd19f into net.minecraft.network.Connection@608599ad
[23Sep2025 04:14:47.530] [Server thread/INFO] [net.minecraft.server.MinecraftServer/]: Eduardo171 joined the game
[23Sep2025 04:14:47.575] [Server thread/INFO] [Jade/]: Syncing config to Eduardo171 (7db0c3cc-2841-3d40-8602-c97ababfe757)
[23Sep2025 04:15:25.821] [Server thread/DEBUG] [net.minecraftforge.common.ForgeHooks/WP]: Gathering id map for writing to world save world
[23Sep2025 04:15:25.835] [Server thread/DEBUG] [net.minecraftforge.common.ForgeHooks/WP]: ID Map collection complete world
[23Sep2025 04:16:07.790] [Server thread/DEBUG] [Spartan Weaponry/]: Intercepted DamageSource.playerAttack() method!
[23Sep2025 04:16:07.790] [Server thread/DEBUG] [Spartan Weaponry/]: Intercepted EnchantmentHelper.getSweepingDamageRatio() method!
[23Sep2025 04:16:07.790] [Server thread/DEBUG] [Spartan Weaponry/]: Intercepted DamageSource.playerAttack() method!
[23Sep2025 04:16:07.791] [Server thread/DEBUG] [Spartan Weaponry/]: Intercepted DamageSource.playerAttack() method!
[23Sep2025 04:16:07.791] [Server thread/DEBUG] [Spartan Weaponry/]: Intercepted DamageSource.playerAttack() method!
[23Sep2025 04:16:07.791] [Server thread/DEBUG] [Spartan Weaponry/]: Intercepted DamageSource.playerAttack() method!
[23Sep2025 04:16:07.792] [Server thread/DEBUG] [Spartan Weaponry/]: Intercepted DamageSource.playerAttack() method!
[23Sep2025 04:16:07.792] [Server thread/DEBUG] [Spartan Weaponry/]: Intercepted DamageSource.playerAttack() method!
[23Sep2025 04:16:07.792] [Server thread/DEBUG] [Spartan Weaponry/]: Intercepted DamageSource.playerAttack() method!
[23Sep2025 04:16:07.792] [Server thread/DEBUG] [Spartan Weaponry/]: Intercepted DamageSource.playerAttack() method!
[23Sep2025 04:16:08.688] [Server thread/DEBUG] [Spartan Weaponry/]: Intercepted DamageSource.playerAttack() method!
[23Sep2025 04:16:08.688] [Server thread/DEBUG] [Spartan Weaponry/]: Intercepted EnchantmentHelper.getSweepingDamageRatio() method!
[23Sep2025 04:16:08.688] [Server thread/DEBUG] [Spartan Weaponry/]: Intercepted DamageSource.playerAttack() method!
[23Sep2025 04:16:08.688] [Server thread/DEBUG] [Spartan Weaponry/]: Intercepted DamageSource.playerAttack() method!
[23Sep2025 04:16:08.689] [Server thread/DEBUG] [Spartan Weaponry/]: Intercepted DamageSource.playerAttack() method!
[23Sep2025 04:16:08.689] [Server thread/DEBUG] [Spartan Weaponry/]: Intercepted DamageSource.playerAttack() method!
[23Sep2025 04:16:08.689] [Server thread/DEBUG] [Spartan Weaponry/]: Intercepted DamageSource.playerAttack() method!
[23Sep2025 04:16:08.689] [Server thread/DEBUG] [Spartan Weaponry/]: Intercepted DamageSource.playerAttack() method!
[23Sep2025 04:16:08.689] [Server thread/DEBUG] [Spartan Weaponry/]: Intercepted DamageSource.playerAttack() method!
[23Sep2025 04:16:08.689] [Server thread/DEBUG] [Spartan Weaponry/]: Intercepted DamageSource.playerAttack() method!
[23Sep2025 04:16:08.689] [Server thread/DEBUG] [Spartan Weaponry/]: Intercepted DamageSource.playerAttack() method!
[23Sep2025 04:16:08.690] [Server thread/DEBUG] [Spartan Weaponry/]: Intercepted DamageSource.playerAttack() method!
[23Sep2025 04:16:08.690] [Server thread/DEBUG] [Spartan Weaponry/]: Intercepted DamageSource.playerAttack() method!
[23Sep2025 04:16:08.967] [Netty Epoll Server IO #7/DEBUG] [net.minecraftforge.network.HandshakeHandler/FMLHANDSHAKE]: Starting new modded impl connection. Found 33 messages to dispatch.
[23Sep2025 04:16:08.991] [Server thread/DEBUG] [net.minecraftforge.network.HandshakeHandler/FMLHANDSHAKE]: Sending ticking packet info 'net.minecraftforge.network.HandshakeMessages$S2CModData' to 'fml:handshake' sequence 0
[23Sep2025 04:16:09.039] [Server thread/DEBUG] [net.minecraftforge.network.HandshakeHandler/FMLHANDSHAKE]: Sending ticking packet info 'net.minecraftforge.network.HandshakeMessages$S2CModList' to 'fml:handshake' sequence 1
[23Sep2025 04:16:09.092] [Server thread/DEBUG] [net.minecraftforge.network.HandshakeHandler/FMLHANDSHAKE]: Sending ticking packet info 'Registry minecraft:command_argument_type' to 'fml:handshake' sequence 2
[23Sep2025 04:16:09.141] [Server thread/DEBUG] [net.minecraftforge.network.HandshakeHandler/FMLHANDSHAKE]: Sending ticking packet info 'Registry minecraft:recipe_serializer' to 'fml:handshake' sequence 3
[23Sep2025 04:16:09.186] [Server thread/DEBUG] [net.minecraftforge.network.HandshakeHandler/FMLHANDSHAKE]: Sending ticking packet info 'Registry minecraft:sound_event' to 'fml:handshake' sequence 4
[23Sep2025 04:16:09.236] [Server thread/DEBUG] [net.minecraftforge.network.HandshakeHandler/FMLHANDSHAKE]: Sending ticking packet info 'Registry minecraft:particle_type' to 'fml:handshake' sequence 5
[23Sep2025 04:16:09.288] [Server thread/DEBUG] [net.minecraftforge.network.HandshakeHandler/FMLHANDSHAKE]: Sending ticking packet info 'Registry minecraft:villager_profession' to 'fml:handshake' sequence 6
[23Sep2025 04:16:09.340] [Server thread/DEBUG] [net.minecraftforge.network.HandshakeHandler/FMLHANDSHAKE]: Sending ticking packet info 'Registry minecraft:item' to 'fml:handshake' sequence 7
[23Sep2025 04:16:09.341] [Server thread/DEBUG] [Spartan Weaponry/]: Intercepted DamageSource.playerAttack() method!
[23Sep2025 04:16:09.343] [Server thread/DEBUG] [Spartan Weaponry/]: Intercepted EnchantmentHelper.getSweepingDamageRatio() method!
[23Sep2025 04:16:09.343] [Server thread/DEBUG] [Spartan Weaponry/]: Intercepted DamageSource.playerAttack() method!
[23Sep2025 04:16:09.343] [Server thread/DEBUG] [Spartan Weaponry/]: Intercepted DamageSource.playerAttack() method!
[23Sep2025 04:16:09.344] [Server thread/DEBUG] [Spartan Weaponry/]: Intercepted DamageSource.playerAttack() method!
[23Sep2025 04:16:09.344] [Server thread/DEBUG] [Spartan Weaponry/]: Intercepted DamageSource.playerAttack() method!
[23Sep2025 04:16:09.344] [Server thread/DEBUG] [Spartan Weaponry/]: Intercepted DamageSource.playerAttack() method!
[23Sep2025 04:16:09.344] [Server thread/DEBUG] [Spartan Weaponry/]: Intercepted DamageSource.playerAttack() method!
[23Sep2025 04:16:09.344] [Server thread/DEBUG] [Spartan Weaponry/]: Intercepted DamageSource.playerAttack() method!
[23Sep2025 04:16:09.345] [Server thread/DEBUG] [Spartan Weaponry/]: Intercepted DamageSource.playerAttack() method!
[23Sep2025 04:16:09.345] [Server thread/DEBUG] [Spartan Weaponry/]: Intercepted DamageSource.playerAttack() method!
[23Sep2025 04:16:09.345] [Server thread/DEBUG] [Spartan Weaponry/]: Intercepted DamageSource.playerAttack() method!
[23Sep2025 04:16:09.345] [Server thread/DEBUG] [Spartan Weaponry/]: Intercepted DamageSource.playerAttack() method!
[23Sep2025 04:16:09.393] [Server thread/DEBUG] [net.minecraftforge.network.HandshakeHandler/FMLHANDSHAKE]: Sending ticking packet info 'Registry minecraft:potion' to 'fml:handshake' sequence 8
[23Sep2025 04:16:09.435] [Server thread/DEBUG] [net.minecraftforge.network.HandshakeHandler/FMLHANDSHAKE]: Sending ticking packet info 'Registry minecraft:painting_variant' to 'fml:handshake' sequence 9
[23Sep2025 04:16:09.489] [Server thread/DEBUG] [net.minecraftforge.network.HandshakeHandler/FMLHANDSHAKE]: Sending ticking packet info 'Registry forge:fluid_type' to 'fml:handshake' sequence 10
[23Sep2025 04:16:09.537] [Server thread/DEBUG] [net.minecraftforge.network.HandshakeHandler/FMLHANDSHAKE]: Sending ticking packet info 'Registry minecraft:block_entity_type' to 'fml:handshake' sequence 11
[23Sep2025 04:16:09.591] [Server thread/DEBUG] [net.minecraftforge.network.HandshakeHandler/FMLHANDSHAKE]: Sending ticking packet info 'Registry forge:display_contexts' to 'fml:handshake' sequence 12
[23Sep2025 04:16:09.648] [Server thread/DEBUG] [net.minecraftforge.network.HandshakeHandler/FMLHANDSHAKE]: Sending ticking packet info 'Registry minecraft:block' to 'fml:handshake' sequence 13
[23Sep2025 04:16:09.689] [Server thread/DEBUG] [net.minecraftforge.network.HandshakeHandler/FMLHANDSHAKE]: Sending ticking packet info 'Registry spartanweaponry:oil_effects' to 'fml:handshake' sequence 14
[23Sep2025 04:16:09.749] [Server thread/DEBUG] [net.minecraftforge.network.HandshakeHandler/FMLHANDSHAKE]: Sending ticking packet info 'Registry forge:entity_data_serializers' to 'fml:handshake' sequence 15
[23Sep2025 04:16:09.791] [Server thread/DEBUG] [net.minecraftforge.network.HandshakeHandler/FMLHANDSHAKE]: Sending ticking packet info 'Registry spartanweaponry:weapon_traits' to 'fml:handshake' sequence 16
[23Sep2025 04:16:09.843] [Server thread/DEBUG] [net.minecraftforge.network.HandshakeHandler/FMLHANDSHAKE]: Sending ticking packet info 'Registry minecraft:mob_effect' to 'fml:handshake' sequence 17
[23Sep2025 04:16:09.895] [Server thread/DEBUG] [net.minecraftforge.network.HandshakeHandler/FMLHANDSHAKE]: Sending ticking packet info 'Registry minecraft:stat_type' to 'fml:handshake' sequence 18
[23Sep2025 04:16:09.933] [Server thread/DEBUG] [net.minecraftforge.network.HandshakeHandler/FMLHANDSHAKE]: Sending ticking packet info 'Registry superbwarfare:perk' to 'fml:handshake' sequence 19
[23Sep2025 04:16:09.987] [Server thread/DEBUG] [net.minecraftforge.network.HandshakeHandler/FMLHANDSHAKE]: Sending ticking packet info 'Registry tombstone:perks' to 'fml:handshake' sequence 20
[23Sep2025 04:16:10.039] [Server thread/DEBUG] [net.minecraftforge.network.HandshakeHandler/FMLHANDSHAKE]: Sending ticking packet info 'Registry minecraft:menu' to 'fml:handshake' sequence 21
[23Sep2025 04:16:10.039] [Server thread/DEBUG] [Spartan Weaponry/]: Intercepted DamageSource.playerAttack() method!
[23Sep2025 04:16:10.041] [Server thread/DEBUG] [Spartan Weaponry/]: Intercepted EnchantmentHelper.getSweepingDamageRatio() method!
[23Sep2025 04:16:10.041] [Server thread/DEBUG] [Spartan Weaponry/]: Intercepted DamageSource.playerAttack() method!
[23Sep2025 04:16:10.041] [Server thread/DEBUG] [Spartan Weaponry/]: Intercepted DamageSource.playerAttack() method!
[23Sep2025 04:16:10.041] [Server thread/DEBUG] [Spartan Weaponry/]: Intercepted DamageSource.playerAttack() method!
[23Sep2025 04:16:10.041] [Server thread/DEBUG] [Spartan Weaponry/]: Intercepted DamageSource.playerAttack() method!
[23Sep2025 04:16:10.041] [Server thread/DEBUG] [Spartan Weaponry/]: Intercepted DamageSource.playerAttack() method!
[23Sep2025 04:16:10.042] [Server thread/DEBUG] [Spartan Weaponry/]: Intercepted DamageSource.playerAttack() method!
[23Sep2025 04:16:10.042] [Server thread/DEBUG] [Spartan Weaponry/]: Intercepted DamageSource.playerAttack() method!
[23Sep2025 04:16:10.042] [Server thread/DEBUG] [Spartan Weaponry/]: Intercepted DamageSource.playerAttack() method!
[23Sep2025 04:16:10.042] [Server thread/DEBUG] [Spartan Weaponry/]: Intercepted DamageSource.playerAttack() method!
[23Sep2025 04:16:10.042] [Server thread/DEBUG] [Spartan Weaponry/]: Intercepted DamageSource.playerAttack() method!
[23Sep2025 04:16:10.042] [Server thread/DEBUG] [Spartan Weaponry/]: Intercepted DamageSource.playerAttack() method!
[23Sep2025 04:16:10.086] [Server thread/DEBUG] [net.minecraftforge.network.HandshakeHandler/FMLHANDSHAKE]: Sending ticking packet info 'Registry minecraft:enchantment' to 'fml:handshake' sequence 22
[23Sep2025 04:16:10.139] [Server thread/DEBUG] [net.minecraftforge.network.HandshakeHandler/FMLHANDSHAKE]: Sending ticking packet info 'Registry minecraft:fluid' to 'fml:handshake' sequence 23
[23Sep2025 04:16:10.169] [Netty Epoll Server IO #7/DEBUG] [net.minecraftforge.network.LoginWrapper/FMLHANDSHAKE]: Recieved login wrapper packet event for channel fml:handshake with index 1
[23Sep2025 04:16:10.169] [Netty Epoll Server IO #7/DEBUG] [net.minecraftforge.network.HandshakeHandler/FMLHANDSHAKE]: Received client indexed reply 1 of type net.minecraftforge.network.HandshakeMessages$C2SModListReply
[23Sep2025 04:16:10.169] [Netty Epoll Server IO #7/DEBUG] [net.minecraftforge.network.HandshakeHandler/FMLHANDSHAKE]: Received client connection with modlist [minecraft, farmersdelight, jade, butcher, geckolib, jei, goblintraders, kotlinforforge, sophisticatedcore, curios, spartanshields, journeymap, citadel, alexsmobs, securitycraft, mixinextras, tombstone, sophisticatedbackpacks, spartanweaponry, superbwarfare, pickupnotifier, iceandfire, puzzleslib, framework, fallingtree, puzzlesaccessapi, forge, ingotcraft, tlskincape]
[23Sep2025 04:16:10.169] [Netty Epoll Server IO #7/DEBUG] [net.minecraftforge.network.NetworkRegistry/NETREGISTRY]: Channel 'jei:channel' : Version test of '1.0.0' from client : ACCEPTED
[23Sep2025 04:16:10.169] [Netty Epoll Server IO #7/DEBUG] [net.minecraftforge.network.NetworkRegistry/NETREGISTRY]: Channel 'minecraft:unregister' : Version test of 'FML3' from client : ACCEPTED
[23Sep2025 04:16:10.169] [Netty Epoll Server IO #7/DEBUG] [net.minecraftforge.network.NetworkRegistry/NETREGISTRY]: Channel 'sophisticatedbackpacks:channel' : Version test of '1' from client : ACCEPTED
[23Sep2025 04:16:10.169] [Netty Epoll Server IO #7/DEBUG] [net.minecraftforge.network.NetworkRegistry/NETREGISTRY]: Channel 'citadel:main_channel' : Version test of '1' from client : ACCEPTED
[23Sep2025 04:16:10.169] [Netty Epoll Server IO #7/DEBUG] [net.minecraftforge.network.NetworkRegistry/NETREGISTRY]: Channel 'puzzleslib:1' : Version test of '1' from client : ACCEPTED
[23Sep2025 04:16:10.169] [Netty Epoll Server IO #7/DEBUG] [net.minecraftforge.network.NetworkRegistry/NETREGISTRY]: Channel 'securitycraft:securitycraft' : Version test of 'v1.10.0.1' from client : ACCEPTED
[23Sep2025 04:16:10.169] [Netty Epoll Server IO #7/DEBUG] [net.minecraftforge.network.NetworkRegistry/NETREGISTRY]: Channel 'iceandfire:main_channel' : Version test of '1' from client : ACCEPTED
[23Sep2025 04:16:10.169] [Netty Epoll Server IO #7/DEBUG] [net.minecraftforge.network.NetworkRegistry/NETREGISTRY]: Channel 'framework:play' : Version test of '1' from client : ACCEPTED
[23Sep2025 04:16:10.169] [Netty Epoll Server IO #7/DEBUG] [net.minecraftforge.network.NetworkRegistry/NETREGISTRY]: Channel 'fallingtree:main' : Version test of '1' from client : ACCEPTED
[23Sep2025 04:16:10.169] [Netty Epoll Server IO #7/DEBUG] [net.minecraftforge.network.NetworkRegistry/NETREGISTRY]: Channel 'curios:main' : Version test of '1' from client : ACCEPTED
[23Sep2025 04:16:10.169] [Netty Epoll Server IO #7/DEBUG] [net.minecraftforge.network.NetworkRegistry/NETREGISTRY]: Channel 'framework:handshake' : Version test of '1' from client : ACCEPTED
[23Sep2025 04:16:10.169] [Netty Epoll Server IO #7/DEBUG] [net.minecraftforge.network.NetworkRegistry/NETREGISTRY]: Channel 'fml:loginwrapper' : Version test of 'FML3' from client : ACCEPTED
[23Sep2025 04:16:10.169] [Netty Epoll Server IO #7/DEBUG] [net.minecraftforge.network.NetworkRegistry/NETREGISTRY]: Channel 'forge:tier_sorting' : Version test of '1.0' from client : ACCEPTED
[23Sep2025 04:16:10.169] [Netty Epoll Server IO #7/DEBUG] [net.minecraftforge.network.NetworkRegistry/NETREGISTRY]: Channel 'spartanshields:network' : Version test of '1' from client : ACCEPTED
[23Sep2025 04:16:10.169] [Netty Epoll Server IO #7/DEBUG] [net.minecraftforge.network.NetworkRegistry/NETREGISTRY]: Channel 'alexsmobs:main_channel' : Version test of '1' from client : ACCEPTED
[23Sep2025 04:16:10.169] [Netty Epoll Server IO #7/DEBUG] [net.minecraftforge.network.NetworkRegistry/NETREGISTRY]: Channel 'tombstone:tombstone_channel' : Version test of 'tombstone-9.0.9' from client : ACCEPTED
[23Sep2025 04:16:10.169] [Netty Epoll Server IO #7/DEBUG] [net.minecraftforge.network.NetworkRegistry/NETREGISTRY]: Channel 'fml:play' : Version test of 'FML3' from client : ACCEPTED
[23Sep2025 04:16:10.169] [Netty Epoll Server IO #7/DEBUG] [net.minecraftforge.network.NetworkRegistry/NETREGISTRY]: Channel 'pickupnotifier:1' : Version test of '1' from client : ACCEPTED
[23Sep2025 04:16:10.169] [Netty Epoll Server IO #7/DEBUG] [net.minecraftforge.network.NetworkRegistry/NETREGISTRY]: Channel 'sophisticatedcore:channel' : Version test of '1' from client : ACCEPTED
[23Sep2025 04:16:10.170] [Netty Epoll Server IO #7/DEBUG] [net.minecraftforge.network.NetworkRegistry/NETREGISTRY]: Channel 'fml:handshake' : Version test of 'FML3' from client : ACCEPTED
[23Sep2025 04:16:10.170] [Netty Epoll Server IO #7/DEBUG] [net.minecraftforge.network.NetworkRegistry/NETREGISTRY]: Channel 'spartanweaponry:network' : Version test of '1' from client : ACCEPTED
[23Sep2025 04:16:10.170] [Netty Epoll Server IO #7/DEBUG] [net.minecraftforge.network.NetworkRegistry/NETREGISTRY]: Channel 'minecraft:register' : Version test of 'FML3' from client : ACCEPTED
[23Sep2025 04:16:10.170] [Netty Epoll Server IO #7/DEBUG] [net.minecraftforge.network.NetworkRegistry/NETREGISTRY]: Channel 'forge:split' : Version test of '1.1' from client : ACCEPTED
[23Sep2025 04:16:10.170] [Netty Epoll Server IO #7/DEBUG] [net.minecraftforge.network.NetworkRegistry/NETREGISTRY]: Channel 'superbwarfare:superbwarfare' : Version test of '1' from client : ACCEPTED
[23Sep2025 04:16:10.170] [Netty Epoll Server IO #7/DEBUG] [net.minecraftforge.network.NetworkRegistry/NETREGISTRY]: Channel 'butcher:butcher' : Version test of '1' from client : ACCEPTED
[23Sep2025 04:16:10.170] [Netty Epoll Server IO #7/DEBUG] [net.minecraftforge.network.NetworkRegistry/NETREGISTRY]: Channel 'geckolib:main' : Version test of '1' from client : ACCEPTED
[23Sep2025 04:16:10.170] [Netty Epoll Server IO #7/DEBUG] [net.minecraftforge.network.NetworkRegistry/NETREGISTRY]: Channel 'jade:networking' : Version test of '2' from client : ACCEPTED
[23Sep2025 04:16:10.170] [Netty Epoll Server IO #7/DEBUG] [net.minecraftforge.network.NetworkRegistry/NETREGISTRY]: Accepting channel list from client
[23Sep2025 04:16:10.170] [Netty Epoll Server IO #7/DEBUG] [net.minecraftforge.network.HandshakeHandler/FMLHANDSHAKE]: Accepted client connection mod list
[23Sep2025 04:16:10.188] [Server thread/DEBUG] [net.minecraftforge.network.HandshakeHandler/FMLHANDSHAKE]: Sending ticking packet info 'Registry minecraft:entity_type' to 'fml:handshake' sequence 24
[23Sep2025 04:16:10.196] [Netty Epoll Server IO #7/DEBUG] [net.minecraftforge.network.LoginWrapper/FMLHANDSHAKE]: Recieved login wrapper packet event for channel fml:handshake with index 2
[23Sep2025 04:16:10.196] [Netty Epoll Server IO #7/DEBUG] [net.minecraftforge.network.HandshakeHandler/FMLHANDSHAKE]: Received client indexed reply 2 of type net.minecraftforge.network.HandshakeMessages$C2SAcknowledge
[23Sep2025 04:16:10.196] [Netty Epoll Server IO #7/DEBUG] [net.minecraftforge.network.HandshakeHandler/FMLHANDSHAKE]: Received acknowledgement from client
[23Sep2025 04:16:10.196] [Netty Epoll Server IO #7/DEBUG] [net.minecraftforge.network.LoginWrapper/FMLHANDSHAKE]: Recieved login wrapper packet event for channel fml:handshake with index 3
[23Sep2025 04:16:10.197] [Netty Epoll Server IO #7/DEBUG] [net.minecraftforge.network.HandshakeHandler/FMLHANDSHAKE]: Received client indexed reply 3 of type net.minecraftforge.network.HandshakeMessages$C2SAcknowledge
[23Sep2025 04:16:10.197] [Netty Epoll Server IO #7/DEBUG] [net.minecraftforge.network.HandshakeHandler/FMLHANDSHAKE]: Received acknowledgement from client
[23Sep2025 04:16:10.235] [Server thread/DEBUG] [net.minecraftforge.network.HandshakeHandler/FMLHANDSHAKE]: Sending ticking packet info 'Config securitycraft-server.toml' to 'fml:handshake' sequence 25
[23Sep2025 04:16:10.284] [Server thread/DEBUG] [net.minecraftforge.network.HandshakeHandler/FMLHANDSHAKE]: Sending ticking packet info 'Config superbwarfare-server.toml' to 'fml:handshake' sequence 26
[23Sep2025 04:16:10.334] [Server thread/DEBUG] [net.minecraftforge.network.HandshakeHandler/FMLHANDSHAKE]: Sending ticking packet info 'Config curios-server.toml' to 'fml:handshake' sequence 27
[23Sep2025 04:16:10.392] [Server thread/DEBUG] [net.minecraftforge.network.HandshakeHandler/FMLHANDSHAKE]: Sending ticking packet info 'Config tombstone-server.toml' to 'fml:handshake' sequence 28
[23Sep2025 04:16:10.451] [Server thread/DEBUG] [net.minecraftforge.network.HandshakeHandler/FMLHANDSHAKE]: Sending ticking packet info 'Config sophisticatedbackpacks-server.toml' to 'fml:handshake' sequence 29
[23Sep2025 04:16:10.493] [Server thread/DEBUG] [net.minecraftforge.network.HandshakeHandler/FMLHANDSHAKE]: Sending ticking packet info 'Config pickupnotifier/pickupnotifier-server.toml' to 'fml:handshake' sequence 30
[23Sep2025 04:16:10.541] [Server thread/DEBUG] [net.minecraftforge.network.HandshakeHandler/FMLHANDSHAKE]: Sending ticking packet info 'Config jei-server.toml' to 'fml:handshake' sequence 31
[23Sep2025 04:16:10.588] [Server thread/DEBUG] [net.minecraftforge.network.HandshakeHandler/FMLHANDSHAKE]: Sending ticking packet info 'Config forge-server.toml' to 'fml:handshake' sequence 32
[23Sep2025 04:16:10.700] [Server thread/DEBUG] [Spartan Weaponry/]: Intercepted DamageSource.playerAttack() method!
[23Sep2025 04:16:10.702] [Server thread/DEBUG] [Spartan Weaponry/]: Intercepted EnchantmentHelper.getSweepingDamageRatio() method!
[23Sep2025 04:16:10.702] [Server thread/DEBUG] [Spartan Weaponry/]: Intercepted DamageSource.playerAttack() method!
[23Sep2025 04:16:10.702] [Server thread/DEBUG] [Spartan Weaponry/]: Intercepted DamageSource.playerAttack() method!
[23Sep2025 04:16:10.702] [Server thread/DEBUG] [Spartan Weaponry/]: Intercepted DamageSource.playerAttack() method!
[23Sep2025 04:16:10.702] [Server thread/DEBUG] [Spartan Weaponry/]: Intercepted DamageSource.playerAttack() method!
[23Sep2025 04:16:10.702] [Server thread/DEBUG] [Spartan Weaponry/]: Intercepted DamageSource.playerAttack() method!
[23Sep2025 04:16:10.702] [Server thread/DEBUG] [Spartan Weaponry/]: Intercepted DamageSource.playerAttack() method!
[23Sep2025 04:16:10.702] [Server thread/DEBUG] [Spartan Weaponry/]: Intercepted DamageSource.playerAttack() method!
[23Sep2025 04:16:10.702] [Server thread/DEBUG] [Spartan Weaponry/]: Intercepted DamageSource.playerAttack() method!
[23Sep2025 04:16:10.703] [Server thread/DEBUG] [Spartan Weaponry/]: Intercepted DamageSource.playerAttack() method!
[23Sep2025 04:16:10.703] [Server thread/DEBUG] [Spartan Weaponry/]: Intercepted DamageSource.playerAttack() method!
[23Sep2025 04:16:11.336] [Server thread/DEBUG] [Spartan Weaponry/]: Intercepted DamageSource.playerAttack() method!
[23Sep2025 04:16:11.338] [Server thread/DEBUG] [Spartan Weaponry/]: Intercepted EnchantmentHelper.getSweepingDamageRatio() method!
[23Sep2025 04:16:11.338] [Server thread/DEBUG] [Spartan Weaponry/]: Intercepted DamageSource.playerAttack() method!
[23Sep2025 04:16:11.338] [Server thread/DEBUG] [Spartan Weaponry/]: Intercepted DamageSource.playerAttack() method!
[23Sep2025 04:16:11.338] [Server thread/DEBUG] [Spartan Weaponry/]: Intercepted DamageSource.playerAttack() method!
[23Sep2025 04:16:11.338] [Server thread/DEBUG] [Spartan Weaponry/]: Intercepted DamageSource.playerAttack() method!
[23Sep2025 04:16:11.338] [Server thread/DEBUG] [Spartan Weaponry/]: Intercepted DamageSource.playerAttack() method!
[23Sep2025 04:16:11.339] [Server thread/DEBUG] [Spartan Weaponry/]: Intercepted DamageSource.playerAttack() method!
[23Sep2025 04:16:11.339] [Server thread/DEBUG] [Spartan Weaponry/]: Intercepted DamageSource.playerAttack() method!
[23Sep2025 04:16:11.339] [Server thread/DEBUG] [Spartan Weaponry/]: Intercepted DamageSource.playerAttack() method!
[23Sep2025 04:16:11.339] [Server thread/DEBUG] [Spartan Weaponry/]: Intercepted DamageSource.playerAttack() method!
[23Sep2025 04:16:11.996] [Server thread/DEBUG] [Spartan Weaponry/]: Intercepted DamageSource.playerAttack() method!
[23Sep2025 04:16:11.997] [Server thread/DEBUG] [Spartan Weaponry/]: Intercepted EnchantmentHelper.getSweepingDamageRatio() method!
[23Sep2025 04:16:11.997] [Server thread/DEBUG] [Spartan Weaponry/]: Intercepted DamageSource.playerAttack() method!
[23Sep2025 04:16:11.998] [Server thread/DEBUG] [Spartan Weaponry/]: Intercepted DamageSource.playerAttack() method!
[23Sep2025 04:16:11.998] [Server thread/DEBUG] [Spartan Weaponry/]: Intercepted DamageSource.playerAttack() method!
[23Sep2025 04:16:11.998] [Server thread/DEBUG] [Spartan Weaponry/]: Intercepted DamageSource.playerAttack() method!
[23Sep2025 04:16:11.998] [Server thread/DEBUG] [Spartan Weaponry/]: Intercepted DamageSource.playerAttack() method!
[23Sep2025 04:16:11.998] [Server thread/DEBUG] [Spartan Weaponry/]: Intercepted DamageSource.playerAttack() method!
[23Sep2025 04:16:11.998] [Server thread/DEBUG] [Spartan Weaponry/]: Intercepted DamageSource.playerAttack() method!
[23Sep2025 04:16:11.998] [Server thread/DEBUG] [Spartan Weaponry/]: Intercepted DamageSource.playerAttack() method!
[23Sep2025 04:16:12.149] [Server thread/DEBUG] [Spartan Weaponry/]: Intercepted DamageSource.playerAttack() method!
[23Sep2025 04:16:12.149] [Server thread/DEBUG] [Spartan Weaponry/]: Intercepted EnchantmentHelper.getSweepingDamageRatio() method!
[23Sep2025 04:16:12.737] [Server thread/DEBUG] [Spartan Weaponry/]: Intercepted DamageSource.playerAttack() method!
[23Sep2025 04:16:12.738] [Server thread/DEBUG] [Spartan Weaponry/]: Intercepted EnchantmentHelper.getSweepingDamageRatio() method!
[23Sep2025 04:16:12.739] [Server thread/DEBUG] [Spartan Weaponry/]: Intercepted DamageSource.playerAttack() method!
[23Sep2025 04:16:12.739] [Server thread/DEBUG] [Spartan Weaponry/]: Intercepted DamageSource.playerAttack() method!
[23Sep2025 04:16:12.739] [Server thread/DEBUG] [Spartan Weaponry/]: Intercepted DamageSource.playerAttack() method!
[23Sep2025 04:16:12.739] [Server thread/DEBUG] [Spartan Weaponry/]: Intercepted DamageSource.playerAttack() method!
[23Sep2025 04:16:12.739] [Server thread/DEBUG] [Spartan Weaponry/]: Intercepted DamageSource.playerAttack() method!
[23Sep2025 04:16:12.739] [Server thread/DEBUG] [Spartan Weaponry/]: Intercepted DamageSource.playerAttack() method!
[23Sep2025 04:16:12.739] [Server thread/DEBUG] [Spartan Weaponry/]: Intercepted DamageSource.playerAttack() method!
[23Sep2025 04:16:12.740] [Server thread/DEBUG] [Spartan Weaponry/]: Intercepted DamageSource.playerAttack() method!
[23Sep2025 04:16:13.390] [Server thread/DEBUG] [Spartan Weaponry/]: Intercepted DamageSource.playerAttack() method!
[23Sep2025 04:16:13.391] [Server thread/DEBUG] [Spartan Weaponry/]: Intercepted EnchantmentHelper.getSweepingDamageRatio() method!
[23Sep2025 04:16:13.392] [Server thread/DEBUG] [Spartan Weaponry/]: Intercepted DamageSource.playerAttack() method!
[23Sep2025 04:16:13.392] [Server thread/DEBUG] [Spartan Weaponry/]: Intercepted DamageSource.playerAttack() method!
[23Sep2025 04:16:13.393] [Server thread/DEBUG] [Spartan Weaponry/]: Intercepted DamageSource.playerAttack() method!
[23Sep2025 04:16:13.393] [Server thread/DEBUG] [Spartan Weaponry/]: Intercepted DamageSource.playerAttack() method!
[23Sep2025 04:16:13.393] [Server thread/DEBUG] [Spartan Weaponry/]: Intercepted DamageSource.playerAttack() method!
[23Sep2025 04:16:13.394] [Server thread/DEBUG] [Spartan Weaponry/]: Intercepted DamageSource.playerAttack() method!
[23Sep2025 04:16:14.139] [Server thread/DEBUG] [Spartan Weaponry/]: Intercepted DamageSource.playerAttack() method!
[23Sep2025 04:16:14.141] [Server thread/DEBUG] [Spartan Weaponry/]: Intercepted EnchantmentHelper.getSweepingDamageRatio() method!
[23Sep2025 04:16:14.141] [Server thread/DEBUG] [Spartan Weaponry/]: Intercepted DamageSource.playerAttack() method!
[23Sep2025 04:16:14.141] [Server thread/DEBUG] [Spartan Weaponry/]: Intercepted DamageSource.playerAttack() method!
[23Sep2025 04:16:14.142] [Server thread/DEBUG] [Spartan Weaponry/]: Intercepted DamageSource.playerAttack() method!
[23Sep2025 04:16:14.142] [Server thread/DEBUG] [Spartan Weaponry/]: Intercepted DamageSource.playerAttack() method!
[23Sep2025 04:16:14.142] [Server thread/DEBUG] [Spartan Weaponry/]: Intercepted DamageSource.playerAttack() method!
[23Sep2025 04:16:17.556] [Netty Epoll Server IO #7/DEBUG] [net.minecraftforge.network.LoginWrapper/FMLHANDSHAKE]: Recieved login wrapper packet event for channel fml:handshake with index 4
[23Sep2025 04:16:17.556] [Netty Epoll Server IO #7/DEBUG] [net.minecraftforge.network.HandshakeHandler/FMLHANDSHAKE]: Received client indexed reply 4 of type net.minecraftforge.network.HandshakeMessages$C2SAcknowledge
[23Sep2025 04:16:17.556] [Netty Epoll Server IO #7/DEBUG] [net.minecraftforge.network.HandshakeHandler/FMLHANDSHAKE]: Received acknowledgement from client
[23Sep2025 04:16:18.148] [Netty Epoll Server IO #7/DEBUG] [net.minecraftforge.network.LoginWrapper/FMLHANDSHAKE]: Recieved login wrapper packet event for channel fml:handshake with index 5
[23Sep2025 04:16:18.148] [Netty Epoll Server IO #7/DEBUG] [net.minecraftforge.network.HandshakeHandler/FMLHANDSHAKE]: Received client indexed reply 5 of type net.minecraftforge.network.HandshakeMessages$C2SAcknowledge
[23Sep2025 04:16:18.148] [Netty Epoll Server IO #7/DEBUG] [net.minecraftforge.network.HandshakeHandler/FMLHANDSHAKE]: Received acknowledgement from client
[23Sep2025 04:16:18.151] [Netty Epoll Server IO #7/DEBUG] [net.minecraftforge.network.LoginWrapper/FMLHANDSHAKE]: Recieved login wrapper packet event for channel fml:handshake with index 6
[23Sep2025 04:16:18.151] [Netty Epoll Server IO #7/DEBUG] [net.minecraftforge.network.HandshakeHandler/FMLHANDSHAKE]: Received client indexed reply 6 of type net.minecraftforge.network.HandshakeMessages$C2SAcknowledge
[23Sep2025 04:16:18.151] [Netty Epoll Server IO #7/DEBUG] [net.minecraftforge.network.HandshakeHandler/FMLHANDSHAKE]: Received acknowledgement from client
[23Sep2025 04:16:26.951] [Server thread/DEBUG] [Spartan Weaponry/]: Intercepted DamageSource.playerAttack() method!
[23Sep2025 04:16:28.936] [Server thread/DEBUG] [Spartan Weaponry/]: Intercepted DamageSource.playerAttack() method!
[23Sep2025 04:16:28.937] [Server thread/DEBUG] [Spartan Weaponry/]: Intercepted EnchantmentHelper.getSweepingDamageRatio() method!
[23Sep2025 04:16:36.635] [Server thread/DEBUG] [Spartan Weaponry/]: Intercepted DamageSource.playerAttack() method!
[23Sep2025 04:16:36.635] [Server thread/DEBUG] [Spartan Weaponry/]: Intercepted EnchantmentHelper.getSweepingDamageRatio() method!
[23Sep2025 04:16:38.986] [Server thread/INFO] [net.minecraft.server.network.ServerLoginPacketListenerImpl/]: Disconnecting com.mojang.authlib.GameProfile@1c252e4d[id=<null>,name=abi3mael,properties={},legacy=false] (/127.152.24.121:57993): Took too long to log in
[23Sep2025 04:16:38.987] [Server thread/INFO] [net.minecraft.server.network.ServerLoginPacketListenerImpl/]: com.mojang.authlib.GameProfile@1c252e4d[id=<null>,name=abi3mael,properties={},legacy=false] (/127.152.24.121:57993) lost connection: Took too long to log in
[23Sep2025 04:16:39.039] [Server thread/WARN] [net.minecraft.network.Connection/]: handleDisconnection() called twice
[23Sep2025 04:16:39.936] [Server thread/DEBUG] [Spartan Weaponry/]: Intercepted DamageSource.playerAttack() method!
[23Sep2025 04:16:45.027] [Server thread/INFO] [net.minecraft.server.MinecraftServer/]: Eduardo171 has made the advancement [Where Is My Mind?]
[23Sep2025 04:16:56.350] [Server thread/INFO] [net.minecraft.server.MinecraftServer/]: [Eduardo171: Teleported Eduardo171 to rexsel]
[23Sep2025 04:17:03.686] [Server thread/DEBUG] [Spartan Weaponry/]: Intercepted DamageSource.playerAttack() method!
[23Sep2025 04:17:03.686] [Server thread/DEBUG] [Spartan Weaponry/]: Intercepted EnchantmentHelper.getSweepingDamageRatio() method!
[23Sep2025 04:17:08.037] [Server thread/DEBUG] [Spartan Weaponry/]: Intercepted DamageSource.playerAttack() method!
[23Sep2025 04:17:13.133] [Server thread/DEBUG] [Spartan Weaponry/]: Intercepted DamageSource.playerAttack() method!
[23Sep2025 04:17:13.133] [Server thread/DEBUG] [Spartan Weaponry/]: Intercepted EnchantmentHelper.getSweepingDamageRatio() method!
[23Sep2025 04:17:14.773] [Netty Epoll Server IO #4/DEBUG] [net.minecraftforge.network.HandshakeHandler/FMLHANDSHAKE]: Starting new modded impl connection. Found 33 messages to dispatch.
[23Sep2025 04:17:14.786] [Server thread/DEBUG] [net.minecraftforge.network.HandshakeHandler/FMLHANDSHAKE]: Sending ticking packet info 'net.minecraftforge.network.HandshakeMessages$S2CModData' to 'fml:handshake' sequence 0
[23Sep2025 04:17:14.836] [Server thread/DEBUG] [net.minecraftforge.network.HandshakeHandler/FMLHANDSHAKE]: Sending ticking packet info 'net.minecraftforge.network.HandshakeMessages$S2CModList' to 'fml:handshake' sequence 1
[23Sep2025 04:17:14.887] [Server thread/DEBUG] [net.minecraftforge.network.HandshakeHandler/FMLHANDSHAKE]: Sending ticking packet info 'Registry minecraft:command_argument_type' to 'fml:handshake' sequence 2
[23Sep2025 04:17:14.936] [Server thread/DEBUG] [net.minecraftforge.network.HandshakeHandler/FMLHANDSHAKE]: Sending ticking packet info 'Registry minecraft:recipe_serializer' to 'fml:handshake' sequence 3
[23Sep2025 04:17:14.987] [Server thread/DEBUG] [net.minecraftforge.network.HandshakeHandler/FMLHANDSHAKE]: Sending ticking packet info 'Registry minecraft:sound_event' to 'fml:handshake' sequence 4
[23Sep2025 04:17:15.034] [Server thread/DEBUG] [net.minecraftforge.network.HandshakeHandler/FMLHANDSHAKE]: Sending ticking packet info 'Registry minecraft:particle_type' to 'fml:handshake' sequence 5
[23Sep2025 04:17:15.084] [Server thread/DEBUG] [net.minecraftforge.network.HandshakeHandler/FMLHANDSHAKE]: Sending ticking packet info 'Registry minecraft:villager_profession' to 'fml:handshake' sequence 6
[23Sep2025 04:17:15.122] [Netty Epoll Server IO #4/DEBUG] [net.minecraftforge.network.LoginWrapper/FMLHANDSHAKE]: Recieved login wrapper packet event for channel fml:handshake with index 1
[23Sep2025 04:17:15.122] [Netty Epoll Server IO #4/DEBUG] [net.minecraftforge.network.HandshakeHandler/FMLHANDSHAKE]: Received client indexed reply 1 of type net.minecraftforge.network.HandshakeMessages$C2SModListReply
[23Sep2025 04:17:15.122] [Netty Epoll Server IO #4/DEBUG] [net.minecraftforge.network.HandshakeHandler/FMLHANDSHAKE]: Received client connection with modlist [minecraft, farmersdelight, jade, butcher, geckolib, jei, goblintraders, kotlinforforge, sophisticatedcore, curios, spartanshields, journeymap, citadel, alexsmobs, securitycraft, mixinextras, tombstone, sophisticatedbackpacks, spartanweaponry, superbwarfare, pickupnotifier, iceandfire, puzzleslib, framework, fallingtree, puzzlesaccessapi, forge, ingotcraft, tlskincape]
[23Sep2025 04:17:15.122] [Netty Epoll Server IO #4/DEBUG] [net.minecraftforge.network.NetworkRegistry/NETREGISTRY]: Channel 'jei:channel' : Version test of '1.0.0' from client : ACCEPTED
[23Sep2025 04:17:15.122] [Netty Epoll Server IO #4/DEBUG] [net.minecraftforge.network.NetworkRegistry/NETREGISTRY]: Channel 'minecraft:unregister' : Version test of 'FML3' from client : ACCEPTED
[23Sep2025 04:17:15.122] [Netty Epoll Server IO #4/DEBUG] [net.minecraftforge.network.NetworkRegistry/NETREGISTRY]: Channel 'sophisticatedbackpacks:channel' : Version test of '1' from client : ACCEPTED
[23Sep2025 04:17:15.123] [Netty Epoll Server IO #4/DEBUG] [net.minecraftforge.network.NetworkRegistry/NETREGISTRY]: Channel 'citadel:main_channel' : Version test of '1' from client : ACCEPTED
[23Sep2025 04:17:15.123] [Netty Epoll Server IO #4/DEBUG] [net.minecraftforge.network.NetworkRegistry/NETREGISTRY]: Channel 'puzzleslib:1' : Version test of '1' from client : ACCEPTED
[23Sep2025 04:17:15.123] [Netty Epoll Server IO #4/DEBUG] [net.minecraftforge.network.NetworkRegistry/NETREGISTRY]: Channel 'securitycraft:securitycraft' : Version test of 'v1.10.0.1' from client : ACCEPTED
[23Sep2025 04:17:15.123] [Netty Epoll Server IO #4/DEBUG] [net.minecraftforge.network.NetworkRegistry/NETREGISTRY]: Channel 'iceandfire:main_channel' : Version test of '1' from client : ACCEPTED
[23Sep2025 04:17:15.123] [Netty Epoll Server IO #4/DEBUG] [net.minecraftforge.network.NetworkRegistry/NETREGISTRY]: Channel 'framework:play' : Version test of '1' from client : ACCEPTED
[23Sep2025 04:17:15.123] [Netty Epoll Server IO #4/DEBUG] [net.minecraftforge.network.NetworkRegistry/NETREGISTRY]: Channel 'fallingtree:main' : Version test of '1' from client : ACCEPTED
[23Sep2025 04:17:15.123] [Netty Epoll Server IO #4/DEBUG] [net.minecraftforge.network.NetworkRegistry/NETREGISTRY]: Channel 'curios:main' : Version test of '1' from client : ACCEPTED
[23Sep2025 04:17:15.123] [Netty Epoll Server IO #4/DEBUG] [net.minecraftforge.network.NetworkRegistry/NETREGISTRY]: Channel 'framework:handshake' : Version test of '1' from client : ACCEPTED
[23Sep2025 04:17:15.123] [Netty Epoll Server IO #4/DEBUG] [net.minecraftforge.network.NetworkRegistry/NETREGISTRY]: Channel 'fml:loginwrapper' : Version test of 'FML3' from client : ACCEPTED
[23Sep2025 04:17:15.123] [Netty Epoll Server IO #4/DEBUG] [net.minecraftforge.network.NetworkRegistry/NETREGISTRY]: Channel 'forge:tier_sorting' : Version test of '1.0' from client : ACCEPTED
[23Sep2025 04:17:15.123] [Netty Epoll Server IO #4/DEBUG] [net.minecraftforge.network.NetworkRegistry/NETREGISTRY]: Channel 'spartanshields:network' : Version test of '1' from client : ACCEPTED
[23Sep2025 04:17:15.123] [Netty Epoll Server IO #4/DEBUG] [net.minecraftforge.network.NetworkRegistry/NETREGISTRY]: Channel 'alexsmobs:main_channel' : Version test of '1' from client : ACCEPTED
[23Sep2025 04:17:15.123] [Netty Epoll Server IO #4/DEBUG] [net.minecraftforge.network.NetworkRegistry/NETREGISTRY]: Channel 'tombstone:tombstone_channel' : Version test of 'tombstone-9.0.9' from client : ACCEPTED
[23Sep2025 04:17:15.123] [Netty Epoll Server IO #4/DEBUG] [net.minecraftforge.network.NetworkRegistry/NETREGISTRY]: Channel 'fml:play' : Version test of 'FML3' from client : ACCEPTED
[23Sep2025 04:17:15.123] [Netty Epoll Server IO #4/DEBUG] [net.minecraftforge.network.NetworkRegistry/NETREGISTRY]: Channel 'pickupnotifier:1' : Version test of '1' from client : ACCEPTED
[23Sep2025 04:17:15.123] [Netty Epoll Server IO #4/DEBUG] [net.minecraftforge.network.NetworkRegistry/NETREGISTRY]: Channel 'sophisticatedcore:channel' : Version test of '1' from client : ACCEPTED
[23Sep2025 04:17:15.123] [Netty Epoll Server IO #4/DEBUG] [net.minecraftforge.network.NetworkRegistry/NETREGISTRY]: Channel 'fml:handshake' : Version test of 'FML3' from client : ACCEPTED
[23Sep2025 04:17:15.123] [Netty Epoll Server IO #4/DEBUG] [net.minecraftforge.network.NetworkRegistry/NETREGISTRY]: Channel 'spartanweaponry:network' : Version test of '1' from client : ACCEPTED
[23Sep2025 04:17:15.123] [Netty Epoll Server IO #4/DEBUG] [net.minecraftforge.network.NetworkRegistry/NETREGISTRY]: Channel 'minecraft:register' : Version test of 'FML3' from client : ACCEPTED
[23Sep2025 04:17:15.123] [Netty Epoll Server IO #4/DEBUG] [net.minecraftforge.network.NetworkRegistry/NETREGISTRY]: Channel 'forge:split' : Version test of '1.1' from client : ACCEPTED
[23Sep2025 04:17:15.123] [Netty Epoll Server IO #4/DEBUG] [net.minecraftforge.network.NetworkRegistry/NETREGISTRY]: Channel 'superbwarfare:superbwarfare' : Version test of '1' from client : ACCEPTED
[23Sep2025 04:17:15.123] [Netty Epoll Server IO #4/DEBUG] [net.minecraftforge.network.NetworkRegistry/NETREGISTRY]: Channel 'butcher:butcher' : Version test of '1' from client : ACCEPTED
[23Sep2025 04:17:15.123] [Netty Epoll Server IO #4/DEBUG] [net.minecraftforge.network.NetworkRegistry/NETREGISTRY]: Channel 'geckolib:main' : Version test of '1' from client : ACCEPTED
[23Sep2025 04:17:15.123] [Netty Epoll Server IO #4/DEBUG] [net.minecraftforge.network.NetworkRegistry/NETREGISTRY]: Channel 'jade:networking' : Version test of '2' from client : ACCEPTED
[23Sep2025 04:17:15.123] [Netty Epoll Server IO #4/DEBUG] [net.minecraftforge.network.NetworkRegistry/NETREGISTRY]: Accepting channel list from client
[23Sep2025 04:17:15.123] [Netty Epoll Server IO #4/DEBUG] [net.minecraftforge.network.HandshakeHandler/FMLHANDSHAKE]: Accepted client connection mod list
[23Sep2025 04:17:15.134] [Server thread/DEBUG] [net.minecraftforge.network.HandshakeHandler/FMLHANDSHAKE]: Sending ticking packet info 'Registry minecraft:item' to 'fml:handshake' sequence 7
[23Sep2025 04:17:15.189] [Server thread/INFO] [net.minecraft.server.network.ServerLoginPacketListenerImpl/]: com.mojang.authlib.GameProfile@4638b46d[id=<null>,name=abi3mael,properties={},legacy=false] (/127.152.24.121:37979) lost connection: Disconnected
[23Sep2025 04:17:22.030] [Netty Epoll Server IO #5/DEBUG] [net.minecraftforge.network.HandshakeHandler/FMLHANDSHAKE]: Starting new modded impl connection. Found 33 messages to dispatch.
[23Sep2025 04:17:22.040] [Server thread/INFO] [net.minecraft.server.network.ServerLoginPacketListenerImpl/]: com.mojang.authlib.GameProfile@31c04501[id=<null>,name=abi3mael,properties={},legacy=false] (/127.152.24.121:42397) lost connection: Disconnected
[23Sep2025 04:17:36.645] [Server thread/DEBUG] [Spartan Weaponry/]: Intercepted DamageSource.playerAttack() method!
[23Sep2025 04:17:41.089] [Server thread/DEBUG] [Spartan Weaponry/]: Intercepted DamageSource.playerAttack() method!
[23Sep2025 04:17:41.089] [Server thread/DEBUG] [Spartan Weaponry/]: Intercepted EnchantmentHelper.getSweepingDamageRatio() method!
[23Sep2025 04:17:41.089] [Server thread/DEBUG] [Spartan Weaponry/]: Intercepted DamageSource.playerAttack() method!
[23Sep2025 04:17:41.089] [Server thread/DEBUG] [Spartan Weaponry/]: Intercepted DamageSource.playerAttack() method!
[23Sep2025 04:17:41.090] [Server thread/DEBUG] [Spartan Weaponry/]: Intercepted DamageSource.playerAttack() method!
[23Sep2025 04:17:41.090] [Server thread/DEBUG] [Spartan Weaponry/]: Intercepted DamageSource.playerAttack() method!
[23Sep2025 04:17:41.090] [Server thread/DEBUG] [Spartan Weaponry/]: Intercepted DamageSource.playerAttack() method!
[23Sep2025 04:17:41.832] [Server thread/DEBUG] [Spartan Weaponry/]: Intercepted DamageSource.playerAttack() method!
[23Sep2025 04:17:41.832] [Server thread/DEBUG] [Spartan Weaponry/]: Intercepted EnchantmentHelper.getSweepingDamageRatio() method!
[23Sep2025 04:17:41.832] [Server thread/DEBUG] [Spartan Weaponry/]: Intercepted DamageSource.playerAttack() method!
[23Sep2025 04:17:41.833] [Server thread/DEBUG] [Spartan Weaponry/]: Intercepted DamageSource.playerAttack() method!
[23Sep2025 04:17:41.833] [Server thread/DEBUG] [Spartan Weaponry/]: Intercepted DamageSource.playerAttack() method!
[23Sep2025 04:17:41.833] [Server thread/DEBUG] [Spartan Weaponry/]: Intercepted DamageSource.playerAttack() method!
[23Sep2025 04:17:41.833] [Server thread/DEBUG] [Spartan Weaponry/]: Intercepted DamageSource.playerAttack() method!
[23Sep2025 04:17:42.588] [Server thread/DEBUG] [Spartan Weaponry/]: Intercepted DamageSource.playerAttack() method!
[23Sep2025 04:17:42.589] [Server thread/DEBUG] [Spartan Weaponry/]: Intercepted EnchantmentHelper.getSweepingDamageRatio() method!
[23Sep2025 04:17:42.589] [Server thread/DEBUG] [Spartan Weaponry/]: Intercepted DamageSource.playerAttack() method!
[23Sep2025 04:17:42.589] [Server thread/DEBUG] [Spartan Weaponry/]: Intercepted DamageSource.playerAttack() method!
[23Sep2025 04:17:42.589] [Server thread/DEBUG] [Spartan Weaponry/]: Intercepted DamageSource.playerAttack() method!
[23Sep2025 04:17:42.590] [Server thread/DEBUG] [Spartan Weaponry/]: Intercepted DamageSource.playerAttack() method!
[23Sep2025 04:17:42.590] [Server thread/DEBUG] [Spartan Weaponry/]: Intercepted DamageSource.playerAttack() method!
[23Sep2025 04:17:43.429] [Server thread/DEBUG] [Spartan Weaponry/]: Intercepted DamageSource.playerAttack() method!
[23Sep2025 04:17:43.430] [Server thread/DEBUG] [Spartan Weaponry/]: Intercepted EnchantmentHelper.getSweepingDamageRatio() method!
[23Sep2025 04:17:43.430] [Server thread/DEBUG] [Spartan Weaponry/]: Intercepted DamageSource.playerAttack() method!
[23Sep2025 04:17:43.430] [Server thread/DEBUG] [Spartan Weaponry/]: Intercepted DamageSource.playerAttack() method!
[23Sep2025 04:17:43.430] [Server thread/DEBUG] [Spartan Weaponry/]: Intercepted DamageSource.playerAttack() method!
[23Sep2025 04:17:43.430] [Server thread/DEBUG] [Spartan Weaponry/]: Intercepted DamageSource.playerAttack() method!
[23Sep2025 04:17:43.430] [Server thread/DEBUG] [Spartan Weaponry/]: Intercepted DamageSource.playerAttack() method!
[23Sep2025 04:17:43.631] [Server thread/DEBUG] [Spartan Weaponry/]: Intercepted DamageSource.playerAttack() method!
[23Sep2025 04:17:44.183] [Server thread/DEBUG] [Spartan Weaponry/]: Intercepted DamageSource.playerAttack() method!
[23Sep2025 04:17:44.184] [Server thread/DEBUG] [Spartan Weaponry/]: Intercepted EnchantmentHelper.getSweepingDamageRatio() method!
[23Sep2025 04:17:44.184] [Server thread/DEBUG] [Spartan Weaponry/]: Intercepted DamageSource.playerAttack() method!
[23Sep2025 04:17:44.184] [Server thread/DEBUG] [Spartan Weaponry/]: Intercepted DamageSource.playerAttack() method!
[23Sep2025 04:17:44.184] [Server thread/DEBUG] [Spartan Weaponry/]: Intercepted DamageSource.playerAttack() method!
[23Sep2025 04:17:44.184] [Server thread/DEBUG] [Spartan Weaponry/]: Intercepted DamageSource.playerAttack() method!
[23Sep2025 04:17:44.951] [Server thread/DEBUG] [Spartan Weaponry/]: Intercepted DamageSource.playerAttack() method!
[23Sep2025 04:17:45.584] [Server thread/DEBUG] [Spartan Weaponry/]: Intercepted DamageSource.playerAttack() method!
[23Sep2025 04:17:45.585] [Server thread/DEBUG] [Spartan Weaponry/]: Intercepted EnchantmentHelper.getSweepingDamageRatio() method!
[23Sep2025 04:17:45.585] [Server thread/DEBUG] [Spartan Weaponry/]: Intercepted DamageSource.playerAttack() method!
[23Sep2025 04:17:45.585] [Server thread/DEBUG] [Spartan Weaponry/]: Intercepted DamageSource.playerAttack() method!
[23Sep2025 04:17:46.439] [Server thread/DEBUG] [Spartan Weaponry/]: Intercepted DamageSource.playerAttack() method!
[23Sep2025 04:17:46.440] [Server thread/DEBUG] [Spartan Weaponry/]: Intercepted EnchantmentHelper.getSweepingDamageRatio() method!
[23Sep2025 04:17:46.440] [Server thread/DEBUG] [Spartan Weaponry/]: Intercepted DamageSource.playerAttack() method!
[23Sep2025 04:17:46.440] [Server thread/DEBUG] [Spartan Weaponry/]: Intercepted DamageSource.playerAttack() method!
[23Sep2025 04:17:47.689] [Server thread/DEBUG] [Spartan Weaponry/]: Intercepted DamageSource.playerAttack() method!
[23Sep2025 04:17:47.690] [Server thread/DEBUG] [Spartan Weaponry/]: Intercepted EnchantmentHelper.getSweepingDamageRatio() method!
[23Sep2025 04:19:09.247] [Server thread/DEBUG] [Spartan Weaponry/]: Intercepted DamageSource.playerAttack() method!
[23Sep2025 04:19:09.248] [Server thread/DEBUG] [Spartan Weaponry/]: Intercepted EnchantmentHelper.getSweepingDamageRatio() method!
[23Sep2025 04:19:09.248] [Server thread/DEBUG] [Spartan Weaponry/]: Intercepted DamageSource.playerAttack() method!
[23Sep2025 04:19:09.248] [Server thread/DEBUG] [Spartan Weaponry/]: Intercepted DamageSource.playerAttack() method!
[23Sep2025 04:19:09.248] [Server thread/DEBUG] [Spartan Weaponry/]: Intercepted DamageSource.playerAttack() method!
[23Sep2025 04:19:09.248] [Server thread/DEBUG] [Spartan Weaponry/]: Intercepted DamageSource.playerAttack() method!
[23Sep2025 04:19:09.249] [Server thread/DEBUG] [Spartan Weaponry/]: Intercepted DamageSource.playerAttack() method!
[23Sep2025 04:19:09.249] [Server thread/DEBUG] [Spartan Weaponry/]: Intercepted DamageSource.playerAttack() method!
[23Sep2025 04:19:09.986] [Server thread/DEBUG] [Spartan Weaponry/]: Intercepted DamageSource.playerAttack() method!
[23Sep2025 04:19:09.986] [Server thread/DEBUG] [Spartan Weaponry/]: Intercepted EnchantmentHelper.getSweepingDamageRatio() method!
[23Sep2025 04:19:09.986] [Server thread/DEBUG] [Spartan Weaponry/]: Intercepted DamageSource.playerAttack() method!
[23Sep2025 04:19:09.986] [Server thread/DEBUG] [Spartan Weaponry/]: Intercepted DamageSource.playerAttack() method!
[23Sep2025 04:19:09.987] [Server thread/DEBUG] [Spartan Weaponry/]: Intercepted DamageSource.playerAttack() method!
[23Sep2025 04:19:09.987] [Server thread/DEBUG] [Spartan Weaponry/]: Intercepted DamageSource.playerAttack() method!
[23Sep2025 04:19:09.987] [Server thread/DEBUG] [Spartan Weaponry/]: Intercepted DamageSource.playerAttack() method!
[23Sep2025 04:19:09.987] [Server thread/DEBUG] [Spartan Weaponry/]: Intercepted DamageSource.playerAttack() method!
[23Sep2025 04:19:09.987] [Server thread/DEBUG] [Spartan Weaponry/]: Intercepted DamageSource.playerAttack() method!
[23Sep2025 04:19:09.988] [Server thread/DEBUG] [Spartan Weaponry/]: Intercepted DamageSource.playerAttack() method!
[23Sep2025 04:19:09.988] [Server thread/DEBUG] [Spartan Weaponry/]: Intercepted DamageSource.playerAttack() method!
[23Sep2025 04:19:09.988] [Server thread/DEBUG] [Spartan Weaponry/]: Intercepted DamageSource.playerAttack() method!
[23Sep2025 04:19:10.692] [Server thread/DEBUG] [Spartan Weaponry/]: Intercepted DamageSource.playerAttack() method!
[23Sep2025 04:19:10.693] [Server thread/DEBUG] [Spartan Weaponry/]: Intercepted EnchantmentHelper.getSweepingDamageRatio() method!
[23Sep2025 04:19:10.693] [Server thread/DEBUG] [Spartan Weaponry/]: Intercepted DamageSource.playerAttack() method!
[23Sep2025 04:19:10.693] [Server thread/DEBUG] [Spartan Weaponry/]: Intercepted DamageSource.playerAttack() method!
[23Sep2025 04:19:10.693] [Server thread/DEBUG] [Spartan Weaponry/]: Intercepted DamageSource.playerAttack() method!
[23Sep2025 04:19:10.693] [Server thread/DEBUG] [Spartan Weaponry/]: Intercepted DamageSource.playerAttack() method!
[23Sep2025 04:19:10.693] [Server thread/DEBUG] [Spartan Weaponry/]: Intercepted DamageSource.playerAttack() method!
[23Sep2025 04:19:10.693] [Server thread/DEBUG] [Spartan Weaponry/]: Intercepted DamageSource.playerAttack() method!
[23Sep2025 04:19:10.694] [Server thread/DEBUG] [Spartan Weaponry/]: Intercepted DamageSource.playerAttack() method!
[23Sep2025 04:19:10.694] [Server thread/DEBUG] [Spartan Weaponry/]: Intercepted DamageSource.playerAttack() method!
[23Sep2025 04:19:10.694] [Server thread/DEBUG] [Spartan Weaponry/]: Intercepted DamageSource.playerAttack() method!
[23Sep2025 04:19:10.694] [Server thread/DEBUG] [Spartan Weaponry/]: Intercepted DamageSource.playerAttack() method!
[23Sep2025 04:19:10.694] [Server thread/DEBUG] [Spartan Weaponry/]: Intercepted DamageSource.playerAttack() method!
[23Sep2025 04:19:11.496] [Server thread/DEBUG] [Spartan Weaponry/]: Intercepted DamageSource.playerAttack() method!
[23Sep2025 04:19:11.496] [Server thread/DEBUG] [Spartan Weaponry/]: Intercepted EnchantmentHelper.getSweepingDamageRatio() method!
[23Sep2025 04:19:11.496] [Server thread/DEBUG] [Spartan Weaponry/]: Intercepted DamageSource.playerAttack() method!
[23Sep2025 04:19:11.497] [Server thread/DEBUG] [Spartan Weaponry/]: Intercepted DamageSource.playerAttack() method!
[23Sep2025 04:19:11.497] [Server thread/DEBUG] [Spartan Weaponry/]: Intercepted DamageSource.playerAttack() method!
[23Sep2025 04:19:11.497] [Server thread/DEBUG] [Spartan Weaponry/]: Intercepted DamageSource.playerAttack() method!
[23Sep2025 04:19:11.498] [Server thread/DEBUG] [Spartan Weaponry/]: Intercepted DamageSource.playerAttack() method!
[23Sep2025 04:19:11.498] [Server thread/DEBUG] [Spartan Weaponry/]: Intercepted DamageSource.playerAttack() method!
[23Sep2025 04:19:11.498] [Server thread/DEBUG] [Spartan Weaponry/]: Intercepted DamageSource.playerAttack() method!
[23Sep2025 04:19:11.498] [Server thread/DEBUG] [Spartan Weaponry/]: Intercepted DamageSource.playerAttack() method!
[23Sep2025 04:19:11.498] [Server thread/DEBUG] [Spartan Weaponry/]: Intercepted DamageSource.playerAttack() method!
[23Sep2025 04:19:11.498] [Server thread/DEBUG] [Spartan Weaponry/]: Intercepted DamageSource.playerAttack() method!
[23Sep2025 04:19:11.499] [Server thread/DEBUG] [Spartan Weaponry/]: Intercepted DamageSource.playerAttack() method!
[23Sep2025 04:19:12.234] [Server thread/DEBUG] [Spartan Weaponry/]: Intercepted DamageSource.playerAttack() method!
[23Sep2025 04:19:12.236] [Server thread/DEBUG] [Spartan Weaponry/]: Intercepted EnchantmentHelper.getSweepingDamageRatio() method!
[23Sep2025 04:19:12.236] [Server thread/DEBUG] [Spartan Weaponry/]: Intercepted DamageSource.playerAttack() method!
[23Sep2025 04:19:12.236] [Server thread/DEBUG] [Spartan Weaponry/]: Intercepted DamageSource.playerAttack() method!
[23Sep2025 04:19:12.236] [Server thread/DEBUG] [Spartan Weaponry/]: Intercepted DamageSource.playerAttack() method!
[23Sep2025 04:19:12.236] [Server thread/DEBUG] [Spartan Weaponry/]: Intercepted DamageSource.playerAttack() method!
[23Sep2025 04:19:12.236] [Server thread/DEBUG] [Spartan Weaponry/]: Intercepted DamageSource.playerAttack() method!
[23Sep2025 04:19:12.236] [Server thread/DEBUG] [Spartan Weaponry/]: Intercepted DamageSource.playerAttack() method!
[23Sep2025 04:19:12.236] [Server thread/DEBUG] [Spartan Weaponry/]: Intercepted DamageSource.playerAttack() method!
[23Sep2025 04:19:12.237] [Server thread/DEBUG] [Spartan Weaponry/]: Intercepted DamageSource.playerAttack() method!
[23Sep2025 04:19:12.237] [Server thread/DEBUG] [Spartan Weaponry/]: Intercepted DamageSource.playerAttack() method!
[23Sep2025 04:19:12.237] [Server thread/DEBUG] [Spartan Weaponry/]: Intercepted DamageSource.playerAttack() method!
[23Sep2025 04:19:13.002] [Server thread/DEBUG] [Spartan Weaponry/]: Intercepted DamageSource.playerAttack() method!
[23Sep2025 04:19:13.002] [Server thread/DEBUG] [Spartan Weaponry/]: Intercepted EnchantmentHelper.getSweepingDamageRatio() method!
[23Sep2025 04:19:13.002] [Server thread/DEBUG] [Spartan Weaponry/]: Intercepted DamageSource.playerAttack() method!
[23Sep2025 04:19:13.002] [Server thread/DEBUG] [Spartan Weaponry/]: Intercepted DamageSource.playerAttack() method!
[23Sep2025 04:19:13.002] [Server thread/DEBUG] [Spartan Weaponry/]: Intercepted DamageSource.playerAttack() method!
[23Sep2025 04:19:13.002] [Server thread/DEBUG] [Spartan Weaponry/]: Intercepted DamageSource.playerAttack() method!
[23Sep2025 04:19:13.002] [Server thread/DEBUG] [Spartan Weaponry/]: Intercepted DamageSource.playerAttack() method!
[23Sep2025 04:19:13.003] [Server thread/DEBUG] [Spartan Weaponry/]: Intercepted DamageSource.playerAttack() method!
[23Sep2025 04:19:13.003] [Server thread/DEBUG] [Spartan Weaponry/]: Intercepted DamageSource.playerAttack() method!
[23Sep2025 04:19:13.003] [Server thread/DEBUG] [Spartan Weaponry/]: Intercepted DamageSource.playerAttack() method!
[23Sep2025 04:19:13.003] [Server thread/DEBUG] [Spartan Weaponry/]: Intercepted DamageSource.playerAttack() method!
[23Sep2025 04:19:13.783] [Server thread/DEBUG] [Spartan Weaponry/]: Intercepted DamageSource.playerAttack() method!
[23Sep2025 04:19:13.784] [Server thread/DEBUG] [Spartan Weaponry/]: Intercepted EnchantmentHelper.getSweepingDamageRatio() method!
[23Sep2025 04:19:13.784] [Server thread/DEBUG] [Spartan Weaponry/]: Intercepted DamageSource.playerAttack() method!
[23Sep2025 04:19:13.784] [Server thread/DEBUG] [Spartan Weaponry/]: Intercepted DamageSource.playerAttack() method!
[23Sep2025 04:19:13.784] [Server thread/DEBUG] [Spartan Weaponry/]: Intercepted DamageSource.playerAttack() method!
[23Sep2025 04:19:13.784] [Server thread/DEBUG] [Spartan Weaponry/]: Intercepted DamageSource.playerAttack() method!
[23Sep2025 04:19:13.784] [Server thread/DEBUG] [Spartan Weaponry/]: Intercepted DamageSource.playerAttack() method!
[23Sep2025 04:19:13.784] [Server thread/DEBUG] [Spartan Weaponry/]: Intercepted DamageSource.playerAttack() method!
[23Sep2025 04:19:13.784] [Server thread/DEBUG] [Spartan Weaponry/]: Intercepted DamageSource.playerAttack() method!
[23Sep2025 04:19:13.784] [Server thread/DEBUG] [Spartan Weaponry/]: Intercepted DamageSource.playerAttack() method!
[23Sep2025 04:19:14.594] [Server thread/DEBUG] [Spartan Weaponry/]: Intercepted DamageSource.playerAttack() method!
[23Sep2025 04:19:14.594] [Server thread/DEBUG] [Spartan Weaponry/]: Intercepted EnchantmentHelper.getSweepingDamageRatio() method!
[23Sep2025 04:19:14.594] [Server thread/DEBUG] [Spartan Weaponry/]: Intercepted DamageSource.playerAttack() method!
[23Sep2025 04:19:14.595] [Server thread/DEBUG] [Spartan Weaponry/]: Intercepted DamageSource.playerAttack() method!
[23Sep2025 04:19:14.595] [Server thread/DEBUG] [Spartan Weaponry/]: Intercepted DamageSource.playerAttack() method!
[23Sep2025 04:19:14.595] [Server thread/DEBUG] [Spartan Weaponry/]: Intercepted DamageSource.playerAttack() method!
[23Sep2025 04:19:14.595] [Server thread/DEBUG] [Spartan Weaponry/]: Intercepted DamageSource.playerAttack() method!
[23Sep2025 04:19:14.595] [Server thread/DEBUG] [Spartan Weaponry/]: Intercepted DamageSource.playerAttack() method!
[23Sep2025 04:19:14.595] [Server thread/DEBUG] [Spartan Weaponry/]: Intercepted DamageSource.playerAttack() method!
[23Sep2025 04:19:14.595] [Server thread/DEBUG] [Spartan Weaponry/]: Intercepted DamageSource.playerAttack() method!
[23Sep2025 04:19:15.393] [Server thread/DEBUG] [Spartan Weaponry/]: Intercepted DamageSource.playerAttack() method!
[23Sep2025 04:19:15.393] [Server thread/DEBUG] [Spartan Weaponry/]: Intercepted EnchantmentHelper.getSweepingDamageRatio() method!
[23Sep2025 04:19:15.393] [Server thread/DEBUG] [Spartan Weaponry/]: Intercepted DamageSource.playerAttack() method!
[23Sep2025 04:19:15.394] [Server thread/DEBUG] [Spartan Weaponry/]: Intercepted DamageSource.playerAttack() method!
[23Sep2025 04:19:15.395] [Server thread/DEBUG] [Spartan Weaponry/]: Intercepted DamageSource.playerAttack() method!
[23Sep2025 04:19:15.395] [Server thread/DEBUG] [Spartan Weaponry/]: Intercepted DamageSource.playerAttack() method!
[23Sep2025 04:19:15.395] [Server thread/DEBUG] [Spartan Weaponry/]: Intercepted DamageSource.playerAttack() method!
[23Sep2025 04:19:15.396] [Server thread/DEBUG] [Spartan Weaponry/]: Intercepted DamageSource.playerAttack() method!
[23Sep2025 04:19:15.397] [Server thread/DEBUG] [Spartan Weaponry/]: Intercepted DamageSource.playerAttack() method!
[23Sep2025 04:19:15.397] [Server thread/DEBUG] [Spartan Weaponry/]: Intercepted DamageSource.playerAttack() method!
[23Sep2025 04:19:16.188] [Server thread/DEBUG] [Spartan Weaponry/]: Intercepted DamageSource.playerAttack() method!
[23Sep2025 04:19:16.188] [Server thread/DEBUG] [Spartan Weaponry/]: Intercepted EnchantmentHelper.getSweepingDamageRatio() method!
[23Sep2025 04:19:16.188] [Server thread/DEBUG] [Spartan Weaponry/]: Intercepted DamageSource.playerAttack() method!
[23Sep2025 04:19:16.188] [Server thread/DEBUG] [Spartan Weaponry/]: Intercepted DamageSource.playerAttack() method!
[23Sep2025 04:19:16.188] [Server thread/DEBUG] [Spartan Weaponry/]: Intercepted DamageSource.playerAttack() method!
[23Sep2025 04:19:16.188] [Server thread/DEBUG] [Spartan Weaponry/]: Intercepted DamageSource.playerAttack() method!
[23Sep2025 04:19:16.188] [Server thread/DEBUG] [Spartan Weaponry/]: Intercepted DamageSource.playerAttack() method!
[23Sep2025 04:19:16.188] [Server thread/DEBUG] [Spartan Weaponry/]: Intercepted DamageSource.playerAttack() method!
[23Sep2025 04:19:16.188] [Server thread/DEBUG] [Spartan Weaponry/]: Intercepted DamageSource.playerAttack() method!
[23Sep2025 04:19:16.189] [Server thread/DEBUG] [Spartan Weaponry/]: Intercepted DamageSource.playerAttack() method!
[23Sep2025 04:19:16.943] [Server thread/DEBUG] [Spartan Weaponry/]: Intercepted DamageSource.playerAttack() method!
[23Sep2025 04:19:16.944] [Server thread/DEBUG] [Spartan Weaponry/]: Intercepted EnchantmentHelper.getSweepingDamageRatio() method!
[23Sep2025 04:19:16.944] [Server thread/DEBUG] [Spartan Weaponry/]: Intercepted DamageSource.playerAttack() method!
[23Sep2025 04:19:16.945] [Server thread/DEBUG] [Spartan Weaponry/]: Intercepted DamageSource.playerAttack() method!
[23Sep2025 04:19:16.945] [Server thread/DEBUG] [Spartan Weaponry/]: Intercepted DamageSource.playerAttack() method!
[23Sep2025 04:19:17.742] [Server thread/DEBUG] [Spartan Weaponry/]: Intercepted DamageSource.playerAttack() method!
[23Sep2025 04:19:18.539] [Server thread/DEBUG] [Spartan Weaponry/]: Intercepted DamageSource.playerAttack() method!
[23Sep2025 04:19:18.540] [Server thread/DEBUG] [Spartan Weaponry/]: Intercepted EnchantmentHelper.getSweepingDamageRatio() method!
[23Sep2025 04:19:18.540] [Server thread/DEBUG] [Spartan Weaponry/]: Intercepted DamageSource.playerAttack() method!
[23Sep2025 04:19:19.389] [Server thread/DEBUG] [Spartan Weaponry/]: Intercepted DamageSource.playerAttack() method!
[23Sep2025 04:19:19.391] [Server thread/DEBUG] [Spartan Weaponry/]: Intercepted EnchantmentHelper.getSweepingDamageRatio() method!
[23Sep2025 04:19:19.391] [Server thread/DEBUG] [Spartan Weaponry/]: Intercepted DamageSource.playerAttack() method!
[23Sep2025 04:20:25.824] [Server thread/DEBUG] [net.minecraftforge.common.ForgeHooks/WP]: Gathering id map for writing to world save world
[23Sep2025 04:20:25.837] [Server thread/DEBUG] [net.minecraftforge.common.ForgeHooks/WP]: ID Map collection complete world
[23Sep2025 04:21:14.350] [Server thread/DEBUG] [Spartan Weaponry/]: Intercepted DamageSource.playerAttack() method!
[23Sep2025 04:21:14.350] [Server thread/DEBUG] [Spartan Weaponry/]: Intercepted EnchantmentHelper.getSweepingDamageRatio() method!
[23Sep2025 04:21:14.350] [Server thread/DEBUG] [Spartan Weaponry/]: Intercepted DamageSource.playerAttack() method!
[23Sep2025 04:21:14.350] [Server thread/DEBUG] [Spartan Weaponry/]: Intercepted DamageSource.playerAttack() method!
[23Sep2025 04:21:14.351] [Server thread/DEBUG] [Spartan Weaponry/]: Intercepted DamageSource.playerAttack() method!
[23Sep2025 04:21:14.351] [Server thread/DEBUG] [Spartan Weaponry/]: Intercepted DamageSource.playerAttack() method!
[23Sep2025 04:21:14.351] [Server thread/DEBUG] [Spartan Weaponry/]: Intercepted DamageSource.playerAttack() method!
[23Sep2025 04:21:14.351] [Server thread/DEBUG] [Spartan Weaponry/]: Intercepted DamageSource.playerAttack() method!
[23Sep2025 04:21:14.351] [Server thread/DEBUG] [Spartan Weaponry/]: Intercepted DamageSource.playerAttack() method!
[23Sep2025 04:21:14.351] [Server thread/DEBUG] [Spartan Weaponry/]: Intercepted DamageSource.playerAttack() method!
[23Sep2025 04:21:15.040] [Server thread/DEBUG] [Spartan Weaponry/]: Intercepted DamageSource.playerAttack() method!
[23Sep2025 04:21:15.040] [Server thread/DEBUG] [Spartan Weaponry/]: Intercepted EnchantmentHelper.getSweepingDamageRatio() method!
[23Sep2025 04:21:15.040] [Server thread/DEBUG] [Spartan Weaponry/]: Intercepted DamageSource.playerAttack() method!
[23Sep2025 04:21:15.040] [Server thread/DEBUG] [Spartan Weaponry/]: Intercepted DamageSource.playerAttack() method!
[23Sep2025 04:21:15.040] [Server thread/DEBUG] [Spartan Weaponry/]: Intercepted DamageSource.playerAttack() method!
[23Sep2025 04:21:15.041] [Server thread/DEBUG] [Spartan Weaponry/]: Intercepted DamageSource.playerAttack() method!
[23Sep2025 04:21:15.041] [Server thread/DEBUG] [Spartan Weaponry/]: Intercepted DamageSource.playerAttack() method!
[23Sep2025 04:21:15.041] [Server thread/DEBUG] [Spartan Weaponry/]: Intercepted DamageSource.playerAttack() method!
[23Sep2025 04:21:15.041] [Server thread/DEBUG] [Spartan Weaponry/]: Intercepted DamageSource.playerAttack() method!
[23Sep2025 04:21:15.041] [Server thread/DEBUG] [Spartan Weaponry/]: Intercepted DamageSource.playerAttack() method!
[23Sep2025 04:21:15.745] [Server thread/DEBUG] [Spartan Weaponry/]: Intercepted DamageSource.playerAttack() method!
[23Sep2025 04:21:15.747] [Server thread/DEBUG] [Spartan Weaponry/]: Intercepted EnchantmentHelper.getSweepingDamageRatio() method!
[23Sep2025 04:21:15.747] [Server thread/DEBUG] [Spartan Weaponry/]: Intercepted DamageSource.playerAttack() method!
[23Sep2025 04:21:15.747] [Server thread/DEBUG] [Spartan Weaponry/]: Intercepted DamageSource.playerAttack() method!
[23Sep2025 04:21:15.747] [Server thread/DEBUG] [Spartan Weaponry/]: Intercepted DamageSource.playerAttack() method!
[23Sep2025 04:21:15.747] [Server thread/DEBUG] [Spartan Weaponry/]: Intercepted DamageSource.playerAttack() method!
[23Sep2025 04:21:15.747] [Server thread/DEBUG] [Spartan Weaponry/]: Intercepted DamageSource.playerAttack() method!
[23Sep2025 04:21:15.747] [Server thread/DEBUG] [Spartan Weaponry/]: Intercepted DamageSource.playerAttack() method!
[23Sep2025 04:21:15.747] [Server thread/DEBUG] [Spartan Weaponry/]: Intercepted DamageSource.playerAttack() method!
[23Sep2025 04:21:15.747] [Server thread/DEBUG] [Spartan Weaponry/]: Intercepted DamageSource.playerAttack() method!
[23Sep2025 04:21:16.443] [Server thread/DEBUG] [Spartan Weaponry/]: Intercepted DamageSource.playerAttack() method!
[23Sep2025 04:21:16.443] [Server thread/DEBUG] [Spartan Weaponry/]: Intercepted EnchantmentHelper.getSweepingDamageRatio() method!
[23Sep2025 04:21:16.443] [Server thread/DEBUG] [Spartan Weaponry/]: Intercepted DamageSource.playerAttack() method!
[23Sep2025 04:21:16.443] [Server thread/DEBUG] [Spartan Weaponry/]: Intercepted DamageSource.playerAttack() method!
[23Sep2025 04:21:16.443] [Server thread/DEBUG] [Spartan Weaponry/]: Intercepted DamageSource.playerAttack() method!
[23Sep2025 04:21:16.443] [Server thread/DEBUG] [Spartan Weaponry/]: Intercepted DamageSource.playerAttack() method!
[23Sep2025 04:21:16.444] [Server thread/DEBUG] [Spartan Weaponry/]: Intercepted DamageSource.playerAttack() method!
[23Sep2025 04:21:16.444] [Server thread/DEBUG] [Spartan Weaponry/]: Intercepted DamageSource.playerAttack() method!
[23Sep2025 04:21:16.444] [Server thread/DEBUG] [Spartan Weaponry/]: Intercepted DamageSource.playerAttack() method!
[23Sep2025 04:21:16.444] [Server thread/DEBUG] [Spartan Weaponry/]: Intercepted DamageSource.playerAttack() method!
[23Sep2025 04:21:17.141] [Server thread/DEBUG] [Spartan Weaponry/]: Intercepted DamageSource.playerAttack() method!
[23Sep2025 04:21:17.143] [Server thread/DEBUG] [Spartan Weaponry/]: Intercepted EnchantmentHelper.getSweepingDamageRatio() method!
[23Sep2025 04:21:17.143] [Server thread/DEBUG] [Spartan Weaponry/]: Intercepted DamageSource.playerAttack() method!
[23Sep2025 04:21:17.143] [Server thread/DEBUG] [Spartan Weaponry/]: Intercepted DamageSource.playerAttack() method!
[23Sep2025 04:21:17.143] [Server thread/DEBUG] [Spartan Weaponry/]: Intercepted DamageSource.playerAttack() method!
[23Sep2025 04:21:17.143] [Server thread/DEBUG] [Spartan Weaponry/]: Intercepted DamageSource.playerAttack() method!
[23Sep2025 04:21:17.143] [Server thread/DEBUG] [Spartan Weaponry/]: Intercepted DamageSource.playerAttack() method!
[23Sep2025 04:21:17.143] [Server thread/DEBUG] [Spartan Weaponry/]: Intercepted DamageSource.playerAttack() method!
[23Sep2025 04:21:17.143] [Server thread/DEBUG] [Spartan Weaponry/]: Intercepted DamageSource.playerAttack() method!
[23Sep2025 04:21:17.144] [Server thread/DEBUG] [Spartan Weaponry/]: Intercepted DamageSource.playerAttack() method!
[23Sep2025 04:21:17.788] [Server thread/DEBUG] [Spartan Weaponry/]: Intercepted DamageSource.playerAttack() method!
[23Sep2025 04:21:17.788] [Server thread/DEBUG] [Spartan Weaponry/]: Intercepted EnchantmentHelper.getSweepingDamageRatio() method!
[23Sep2025 04:21:17.788] [Server thread/DEBUG] [Spartan Weaponry/]: Intercepted DamageSource.playerAttack() method!
[23Sep2025 04:21:17.788] [Server thread/DEBUG] [Spartan Weaponry/]: Intercepted DamageSource.playerAttack() method!
[23Sep2025 04:21:17.788] [Server thread/DEBUG] [Spartan Weaponry/]: Intercepted DamageSource.playerAttack() method!
[23Sep2025 04:21:17.788] [Server thread/DEBUG] [Spartan Weaponry/]: Intercepted DamageSource.playerAttack() method!
[23Sep2025 04:21:17.788] [Server thread/DEBUG] [Spartan Weaponry/]: Intercepted DamageSource.playerAttack() method!
[23Sep2025 04:21:17.788] [Server thread/DEBUG] [Spartan Weaponry/]: Intercepted DamageSource.playerAttack() method!
[23Sep2025 04:21:17.788] [Server thread/DEBUG] [Spartan Weaponry/]: Intercepted DamageSource.playerAttack() method!
[23Sep2025 04:21:17.788] [Server thread/DEBUG] [Spartan Weaponry/]: Intercepted DamageSource.playerAttack() method!
[23Sep2025 04:21:18.488] [Server thread/DEBUG] [Spartan Weaponry/]: Intercepted DamageSource.playerAttack() method!
[23Sep2025 04:21:18.489] [Server thread/DEBUG] [Spartan Weaponry/]: Intercepted EnchantmentHelper.getSweepingDamageRatio() method!
[23Sep2025 04:21:18.489] [Server thread/DEBUG] [Spartan Weaponry/]: Intercepted DamageSource.playerAttack() method!
[23Sep2025 04:21:18.489] [Server thread/DEBUG] [Spartan Weaponry/]: Intercepted DamageSource.playerAttack() method!
[23Sep2025 04:21:18.489] [Server thread/DEBUG] [Spartan Weaponry/]: Intercepted DamageSource.playerAttack() method!
[23Sep2025 04:21:18.489] [Server thread/DEBUG] [Spartan Weaponry/]: Intercepted DamageSource.playerAttack() method!
[23Sep2025 04:21:18.489] [Server thread/DEBUG] [Spartan Weaponry/]: Intercepted DamageSource.playerAttack() method!
[23Sep2025 04:21:19.199] [Server thread/DEBUG] [Spartan Weaponry/]: Intercepted DamageSource.playerAttack() method!
[23Sep2025 04:21:19.200] [Server thread/DEBUG] [Spartan Weaponry/]: Intercepted EnchantmentHelper.getSweepingDamageRatio() method!
[23Sep2025 04:21:19.200] [Server thread/DEBUG] [Spartan Weaponry/]: Intercepted DamageSource.playerAttack() method!
[23Sep2025 04:21:19.200] [Server thread/DEBUG] [Spartan Weaponry/]: Intercepted DamageSource.playerAttack() method!
[23Sep2025 04:21:19.200] [Server thread/DEBUG] [Spartan Weaponry/]: Intercepted DamageSource.playerAttack() method!
[23Sep2025 04:21:19.200] [Server thread/DEBUG] [Spartan Weaponry/]: Intercepted DamageSource.playerAttack() method!
[23Sep2025 04:21:19.200] [Server thread/DEBUG] [Spartan Weaponry/]: Intercepted DamageSource.playerAttack() method!
[23Sep2025 04:21:19.200] [Server thread/DEBUG] [Spartan Weaponry/]: Intercepted DamageSource.playerAttack() method!
[23Sep2025 04:21:20.744] [Server thread/DEBUG] [Spartan Weaponry/]: Intercepted DamageSource.playerAttack() method!
[23Sep2025 04:21:20.745] [Server thread/DEBUG] [Spartan Weaponry/]: Intercepted EnchantmentHelper.getSweepingDamageRatio() method!
[23Sep2025 04:21:20.745] [Server thread/DEBUG] [Spartan Weaponry/]: Intercepted DamageSource.playerAttack() method!
[23Sep2025 04:21:20.746] [Server thread/DEBUG] [Spartan Weaponry/]: Intercepted DamageSource.playerAttack() method!
[23Sep2025 04:21:20.747] [Server thread/DEBUG] [Spartan Weaponry/]: Intercepted DamageSource.playerAttack() method!
[23Sep2025 04:21:21.538] [Server thread/DEBUG] [Spartan Weaponry/]: Intercepted DamageSource.playerAttack() method!
[23Sep2025 04:22:05.336] [Netty Epoll Server IO #2/DEBUG] [net.minecraftforge.network.HandshakeHandler/FMLHANDSHAKE]: Starting new modded impl connection. Found 33 messages to dispatch.
[23Sep2025 04:22:05.341] [Server thread/DEBUG] [net.minecraftforge.network.HandshakeHandler/FMLHANDSHAKE]: Sending ticking packet info 'net.minecraftforge.network.HandshakeMessages$S2CModData' to 'fml:handshake' sequence 0
[23Sep2025 04:22:05.388] [Server thread/DEBUG] [net.minecraftforge.network.HandshakeHandler/FMLHANDSHAKE]: Sending ticking packet info 'net.minecraftforge.network.HandshakeMessages$S2CModList' to 'fml:handshake' sequence 1
[23Sep2025 04:22:05.441] [Server thread/DEBUG] [net.minecraftforge.network.HandshakeHandler/FMLHANDSHAKE]: Sending ticking packet info 'Registry minecraft:command_argument_type' to 'fml:handshake' sequence 2
[23Sep2025 04:22:05.488] [Server thread/DEBUG] [net.minecraftforge.network.HandshakeHandler/FMLHANDSHAKE]: Sending ticking packet info 'Registry minecraft:recipe_serializer' to 'fml:handshake' sequence 3
[23Sep2025 04:22:05.545] [Server thread/DEBUG] [net.minecraftforge.network.HandshakeHandler/FMLHANDSHAKE]: Sending ticking packet info 'Registry minecraft:sound_event' to 'fml:handshake' sequence 4
[23Sep2025 04:22:05.587] [Server thread/DEBUG] [net.minecraftforge.network.HandshakeHandler/FMLHANDSHAKE]: Sending ticking packet info 'Registry minecraft:particle_type' to 'fml:handshake' sequence 5
[23Sep2025 04:22:05.637] [Server thread/DEBUG] [net.minecraftforge.network.HandshakeHandler/FMLHANDSHAKE]: Sending ticking packet info 'Registry minecraft:villager_profession' to 'fml:handshake' sequence 6
[23Sep2025 04:22:05.690] [Server thread/DEBUG] [net.minecraftforge.network.HandshakeHandler/FMLHANDSHAKE]: Sending ticking packet info 'Registry minecraft:item' to 'fml:handshake' sequence 7
[23Sep2025 04:22:05.736] [Server thread/DEBUG] [net.minecraftforge.network.HandshakeHandler/FMLHANDSHAKE]: Sending ticking packet info 'Registry minecraft:potion' to 'fml:handshake' sequence 8
[23Sep2025 04:22:05.791] [Server thread/DEBUG] [net.minecraftforge.network.HandshakeHandler/FMLHANDSHAKE]: Sending ticking packet info 'Registry minecraft:painting_variant' to 'fml:handshake' sequence 9
[23Sep2025 04:22:05.830] [Netty Epoll Server IO #2/DEBUG] [net.minecraftforge.network.LoginWrapper/FMLHANDSHAKE]: Recieved login wrapper packet event for channel fml:handshake with index 1
[23Sep2025 04:22:05.830] [Netty Epoll Server IO #2/DEBUG] [net.minecraftforge.network.HandshakeHandler/FMLHANDSHAKE]: Received client indexed reply 1 of type net.minecraftforge.network.HandshakeMessages$C2SModListReply
[23Sep2025 04:22:05.830] [Netty Epoll Server IO #2/DEBUG] [net.minecraftforge.network.HandshakeHandler/FMLHANDSHAKE]: Received client connection with modlist [minecraft, farmersdelight, jade, butcher, geckolib, jei, goblintraders, kotlinforforge, sophisticatedcore, curios, spartanshields, journeymap, citadel, alexsmobs, securitycraft, mixinextras, tombstone, sophisticatedbackpacks, spartanweaponry, superbwarfare, pickupnotifier, iceandfire, puzzleslib, framework, fallingtree, puzzlesaccessapi, forge, ingotcraft, tlskincape]
[23Sep2025 04:22:05.830] [Netty Epoll Server IO #2/DEBUG] [net.minecraftforge.network.NetworkRegistry/NETREGISTRY]: Channel 'jei:channel' : Version test of '1.0.0' from client : ACCEPTED
[23Sep2025 04:22:05.830] [Netty Epoll Server IO #2/DEBUG] [net.minecraftforge.network.NetworkRegistry/NETREGISTRY]: Channel 'minecraft:unregister' : Version test of 'FML3' from client : ACCEPTED
[23Sep2025 04:22:05.830] [Netty Epoll Server IO #2/DEBUG] [net.minecraftforge.network.NetworkRegistry/NETREGISTRY]: Channel 'sophisticatedbackpacks:channel' : Version test of '1' from client : ACCEPTED
[23Sep2025 04:22:05.830] [Netty Epoll Server IO #2/DEBUG] [net.minecraftforge.network.NetworkRegistry/NETREGISTRY]: Channel 'citadel:main_channel' : Version test of '1' from client : ACCEPTED
[23Sep2025 04:22:05.830] [Netty Epoll Server IO #2/DEBUG] [net.minecraftforge.network.NetworkRegistry/NETREGISTRY]: Channel 'puzzleslib:1' : Version test of '1' from client : ACCEPTED
[23Sep2025 04:22:05.830] [Netty Epoll Server IO #2/DEBUG] [net.minecraftforge.network.NetworkRegistry/NETREGISTRY]: Channel 'securitycraft:securitycraft' : Version test of 'v1.10.0.1' from client : ACCEPTED
[23Sep2025 04:22:05.830] [Netty Epoll Server IO #2/DEBUG] [net.minecraftforge.network.NetworkRegistry/NETREGISTRY]: Channel 'iceandfire:main_channel' : Version test of '1' from client : ACCEPTED
[23Sep2025 04:22:05.830] [Netty Epoll Server IO #2/DEBUG] [net.minecraftforge.network.NetworkRegistry/NETREGISTRY]: Channel 'framework:play' : Version test of '1' from client : ACCEPTED
[23Sep2025 04:22:05.830] [Netty Epoll Server IO #2/DEBUG] [net.minecraftforge.network.NetworkRegistry/NETREGISTRY]: Channel 'fallingtree:main' : Version test of '1' from client : ACCEPTED
[23Sep2025 04:22:05.830] [Netty Epoll Server IO #2/DEBUG] [net.minecraftforge.network.NetworkRegistry/NETREGISTRY]: Channel 'curios:main' : Version test of '1' from client : ACCEPTED
[23Sep2025 04:22:05.830] [Netty Epoll Server IO #2/DEBUG] [net.minecraftforge.network.NetworkRegistry/NETREGISTRY]: Channel 'framework:handshake' : Version test of '1' from client : ACCEPTED
[23Sep2025 04:22:05.830] [Netty Epoll Server IO #2/DEBUG] [net.minecraftforge.network.NetworkRegistry/NETREGISTRY]: Channel 'fml:loginwrapper' : Version test of 'FML3' from client : ACCEPTED
[23Sep2025 04:22:05.830] [Netty Epoll Server IO #2/DEBUG] [net.minecraftforge.network.NetworkRegistry/NETREGISTRY]: Channel 'forge:tier_sorting' : Version test of '1.0' from client : ACCEPTED
[23Sep2025 04:22:05.830] [Netty Epoll Server IO #2/DEBUG] [net.minecraftforge.network.NetworkRegistry/NETREGISTRY]: Channel 'spartanshields:network' : Version test of '1' from client : ACCEPTED
[23Sep2025 04:22:05.830] [Netty Epoll Server IO #2/DEBUG] [net.minecraftforge.network.NetworkRegistry/NETREGISTRY]: Channel 'alexsmobs:main_channel' : Version test of '1' from client : ACCEPTED
[23Sep2025 04:22:05.830] [Netty Epoll Server IO #2/DEBUG] [net.minecraftforge.network.NetworkRegistry/NETREGISTRY]: Channel 'tombstone:tombstone_channel' : Version test of 'tombstone-9.0.9' from client : ACCEPTED
[23Sep2025 04:22:05.830] [Netty Epoll Server IO #2/DEBUG] [net.minecraftforge.network.NetworkRegistry/NETREGISTRY]: Channel 'fml:play' : Version test of 'FML3' from client : ACCEPTED
[23Sep2025 04:22:05.830] [Netty Epoll Server IO #2/DEBUG] [net.minecraftforge.network.NetworkRegistry/NETREGISTRY]: Channel 'pickupnotifier:1' : Version test of '1' from client : ACCEPTED
[23Sep2025 04:22:05.830] [Netty Epoll Server IO #2/DEBUG] [net.minecraftforge.network.NetworkRegistry/NETREGISTRY]: Channel 'sophisticatedcore:channel' : Version test of '1' from client : ACCEPTED
[23Sep2025 04:22:05.830] [Netty Epoll Server IO #2/DEBUG] [net.minecraftforge.network.NetworkRegistry/NETREGISTRY]: Channel 'fml:handshake' : Version test of 'FML3' from client : ACCEPTED
[23Sep2025 04:22:05.830] [Netty Epoll Server IO #2/DEBUG] [net.minecraftforge.network.NetworkRegistry/NETREGISTRY]: Channel 'spartanweaponry:network' : Version test of '1' from client : ACCEPTED
[23Sep2025 04:22:05.830] [Netty Epoll Server IO #2/DEBUG] [net.minecraftforge.network.NetworkRegistry/NETREGISTRY]: Channel 'minecraft:register' : Version test of 'FML3' from client : ACCEPTED
[23Sep2025 04:22:05.830] [Netty Epoll Server IO #2/DEBUG] [net.minecraftforge.network.NetworkRegistry/NETREGISTRY]: Channel 'forge:split' : Version test of '1.1' from client : ACCEPTED
[23Sep2025 04:22:05.830] [Netty Epoll Server IO #2/DEBUG] [net.minecraftforge.network.NetworkRegistry/NETREGISTRY]: Channel 'superbwarfare:superbwarfare' : Version test of '1' from client : ACCEPTED
[23Sep2025 04:22:05.831] [Netty Epoll Server IO #2/DEBUG] [net.minecraftforge.network.NetworkRegistry/NETREGISTRY]: Channel 'butcher:butcher' : Version test of '1' from client : ACCEPTED
[23Sep2025 04:22:05.831] [Netty Epoll Server IO #2/DEBUG] [net.minecraftforge.network.NetworkRegistry/NETREGISTRY]: Channel 'geckolib:main' : Version test of '1' from client : ACCEPTED
[23Sep2025 04:22:05.831] [Netty Epoll Server IO #2/DEBUG] [net.minecraftforge.network.NetworkRegistry/NETREGISTRY]: Channel 'jade:networking' : Version test of '2' from client : ACCEPTED
[23Sep2025 04:22:05.831] [Netty Epoll Server IO #2/DEBUG] [net.minecraftforge.network.NetworkRegistry/NETREGISTRY]: Accepting channel list from client
[23Sep2025 04:22:05.831] [Netty Epoll Server IO #2/DEBUG] [net.minecraftforge.network.HandshakeHandler/FMLHANDSHAKE]: Accepted client connection mod list
[23Sep2025 04:22:05.844] [Server thread/DEBUG] [net.minecraftforge.network.HandshakeHandler/FMLHANDSHAKE]: Sending ticking packet info 'Registry forge:fluid_type' to 'fml:handshake' sequence 10
[23Sep2025 04:22:05.847] [Netty Epoll Server IO #2/DEBUG] [net.minecraftforge.network.LoginWrapper/FMLHANDSHAKE]: Recieved login wrapper packet event for channel fml:handshake with index 2
[23Sep2025 04:22:05.847] [Netty Epoll Server IO #2/DEBUG] [net.minecraftforge.network.HandshakeHandler/FMLHANDSHAKE]: Received client indexed reply 2 of type net.minecraftforge.network.HandshakeMessages$C2SAcknowledge
[23Sep2025 04:22:05.847] [Netty Epoll Server IO #2/DEBUG] [net.minecraftforge.network.HandshakeHandler/FMLHANDSHAKE]: Received acknowledgement from client
[23Sep2025 04:22:05.850] [Netty Epoll Server IO #2/DEBUG] [net.minecraftforge.network.LoginWrapper/FMLHANDSHAKE]: Recieved login wrapper packet event for channel fml:handshake with index 3
[23Sep2025 04:22:05.850] [Netty Epoll Server IO #2/DEBUG] [net.minecraftforge.network.HandshakeHandler/FMLHANDSHAKE]: Received client indexed reply 3 of type net.minecraftforge.network.HandshakeMessages$C2SAcknowledge
[23Sep2025 04:22:05.850] [Netty Epoll Server IO #2/DEBUG] [net.minecraftforge.network.HandshakeHandler/FMLHANDSHAKE]: Received acknowledgement from client
[23Sep2025 04:22:05.888] [Server thread/DEBUG] [net.minecraftforge.network.HandshakeHandler/FMLHANDSHAKE]: Sending ticking packet info 'Registry minecraft:block_entity_type' to 'fml:handshake' sequence 11
[23Sep2025 04:22:05.938] [Server thread/DEBUG] [net.minecraftforge.network.HandshakeHandler/FMLHANDSHAKE]: Sending ticking packet info 'Registry forge:display_contexts' to 'fml:handshake' sequence 12
[23Sep2025 04:22:05.987] [Server thread/DEBUG] [net.minecraftforge.network.HandshakeHandler/FMLHANDSHAKE]: Sending ticking packet info 'Registry minecraft:block' to 'fml:handshake' sequence 13
[23Sep2025 04:22:06.045] [Server thread/DEBUG] [net.minecraftforge.network.HandshakeHandler/FMLHANDSHAKE]: Sending ticking packet info 'Registry spartanweaponry:oil_effects' to 'fml:handshake' sequence 14
[23Sep2025 04:22:06.092] [Server thread/DEBUG] [net.minecraftforge.network.HandshakeHandler/FMLHANDSHAKE]: Sending ticking packet info 'Registry forge:entity_data_serializers' to 'fml:handshake' sequence 15
[23Sep2025 04:22:06.136] [Server thread/DEBUG] [net.minecraftforge.network.HandshakeHandler/FMLHANDSHAKE]: Sending ticking packet info 'Registry spartanweaponry:weapon_traits' to 'fml:handshake' sequence 16
[23Sep2025 04:22:06.187] [Server thread/DEBUG] [net.minecraftforge.network.HandshakeHandler/FMLHANDSHAKE]: Sending ticking packet info 'Registry minecraft:mob_effect' to 'fml:handshake' sequence 17
[23Sep2025 04:22:06.242] [Server thread/DEBUG] [net.minecraftforge.network.HandshakeHandler/FMLHANDSHAKE]: Sending ticking packet info 'Registry minecraft:stat_type' to 'fml:handshake' sequence 18
[23Sep2025 04:22:06.285] [Server thread/DEBUG] [net.minecraftforge.network.HandshakeHandler/FMLHANDSHAKE]: Sending ticking packet info 'Registry superbwarfare:perk' to 'fml:handshake' sequence 19
[23Sep2025 04:22:06.342] [Server thread/DEBUG] [net.minecraftforge.network.HandshakeHandler/FMLHANDSHAKE]: Sending ticking packet info 'Registry tombstone:perks' to 'fml:handshake' sequence 20
[23Sep2025 04:22:06.393] [Server thread/DEBUG] [net.minecraftforge.network.HandshakeHandler/FMLHANDSHAKE]: Sending ticking packet info 'Registry minecraft:menu' to 'fml:handshake' sequence 21
[23Sep2025 04:22:06.443] [Server thread/DEBUG] [net.minecraftforge.network.HandshakeHandler/FMLHANDSHAKE]: Sending ticking packet info 'Registry minecraft:enchantment' to 'fml:handshake' sequence 22
[23Sep2025 04:22:06.485] [Server thread/DEBUG] [net.minecraftforge.network.HandshakeHandler/FMLHANDSHAKE]: Sending ticking packet info 'Registry minecraft:fluid' to 'fml:handshake' sequence 23
[23Sep2025 04:22:06.538] [Server thread/DEBUG] [net.minecraftforge.network.HandshakeHandler/FMLHANDSHAKE]: Sending ticking packet info 'Registry minecraft:entity_type' to 'fml:handshake' sequence 24
[23Sep2025 04:22:06.587] [Server thread/DEBUG] [net.minecraftforge.network.HandshakeHandler/FMLHANDSHAKE]: Sending ticking packet info 'Config securitycraft-server.toml' to 'fml:handshake' sequence 25
[23Sep2025 04:22:06.641] [Server thread/DEBUG] [net.minecraftforge.network.HandshakeHandler/FMLHANDSHAKE]: Sending ticking packet info 'Config superbwarfare-server.toml' to 'fml:handshake' sequence 26
[23Sep2025 04:22:06.688] [Server thread/DEBUG] [net.minecraftforge.network.HandshakeHandler/FMLHANDSHAKE]: Sending ticking packet info 'Config curios-server.toml' to 'fml:handshake' sequence 27
[23Sep2025 04:22:06.734] [Server thread/DEBUG] [net.minecraftforge.network.HandshakeHandler/FMLHANDSHAKE]: Sending ticking packet info 'Config tombstone-server.toml' to 'fml:handshake' sequence 28
[23Sep2025 04:22:06.786] [Server thread/DEBUG] [net.minecraftforge.network.HandshakeHandler/FMLHANDSHAKE]: Sending ticking packet info 'Config sophisticatedbackpacks-server.toml' to 'fml:handshake' sequence 29
[23Sep2025 04:22:06.841] [Server thread/DEBUG] [net.minecraftforge.network.HandshakeHandler/FMLHANDSHAKE]: Sending ticking packet info 'Config pickupnotifier/pickupnotifier-server.toml' to 'fml:handshake' sequence 30
[23Sep2025 04:22:06.888] [Server thread/DEBUG] [net.minecraftforge.network.HandshakeHandler/FMLHANDSHAKE]: Sending ticking packet info 'Config jei-server.toml' to 'fml:handshake' sequence 31
[23Sep2025 04:22:06.939] [Server thread/DEBUG] [net.minecraftforge.network.HandshakeHandler/FMLHANDSHAKE]: Sending ticking packet info 'Config forge-server.toml' to 'fml:handshake' sequence 32
[23Sep2025 04:22:08.052] [Netty Epoll Server IO #2/DEBUG] [net.minecraftforge.network.LoginWrapper/FMLHANDSHAKE]: Recieved login wrapper packet event for channel fml:handshake with index 4
[23Sep2025 04:22:08.052] [Netty Epoll Server IO #2/DEBUG] [net.minecraftforge.network.HandshakeHandler/FMLHANDSHAKE]: Received client indexed reply 4 of type net.minecraftforge.network.HandshakeMessages$C2SAcknowledge
[23Sep2025 04:22:08.052] [Netty Epoll Server IO #2/DEBUG] [net.minecraftforge.network.HandshakeHandler/FMLHANDSHAKE]: Received acknowledgement from client
[23Sep2025 04:22:08.056] [Netty Epoll Server IO #2/DEBUG] [net.minecraftforge.network.LoginWrapper/FMLHANDSHAKE]: Recieved login wrapper packet event for channel fml:handshake with index 5
[23Sep2025 04:22:08.056] [Netty Epoll Server IO #2/DEBUG] [net.minecraftforge.network.HandshakeHandler/FMLHANDSHAKE]: Received client indexed reply 5 of type net.minecraftforge.network.HandshakeMessages$C2SAcknowledge
[23Sep2025 04:22:08.056] [Netty Epoll Server IO #2/DEBUG] [net.minecraftforge.network.HandshakeHandler/FMLHANDSHAKE]: Received acknowledgement from client
[23Sep2025 04:22:08.056] [Netty Epoll Server IO #2/DEBUG] [net.minecraftforge.network.LoginWrapper/FMLHANDSHAKE]: Recieved login wrapper packet event for channel fml:handshake with index 6
[23Sep2025 04:22:08.056] [Netty Epoll Server IO #2/DEBUG] [net.minecraftforge.network.HandshakeHandler/FMLHANDSHAKE]: Received client indexed reply 6 of type net.minecraftforge.network.HandshakeMessages$C2SAcknowledge
[23Sep2025 04:22:08.056] [Netty Epoll Server IO #2/DEBUG] [net.minecraftforge.network.HandshakeHandler/FMLHANDSHAKE]: Received acknowledgement from client
[23Sep2025 04:22:34.721] [Netty Epoll Server IO #2/DEBUG] [net.minecraftforge.network.LoginWrapper/FMLHANDSHAKE]: Recieved login wrapper packet event for channel fml:handshake with index 7
[23Sep2025 04:22:34.721] [Netty Epoll Server IO #2/DEBUG] [net.minecraftforge.network.HandshakeHandler/FMLHANDSHAKE]: Received client indexed reply 7 of type net.minecraftforge.network.HandshakeMessages$C2SAcknowledge
[23Sep2025 04:22:34.721] [Netty Epoll Server IO #2/DEBUG] [net.minecraftforge.network.HandshakeHandler/FMLHANDSHAKE]: Received acknowledgement from client
[23Sep2025 04:22:35.339] [Server thread/INFO] [net.minecraft.server.network.ServerLoginPacketListenerImpl/]: Disconnecting com.mojang.authlib.GameProfile@8d75efe[id=<null>,name=abi3mael,properties={},legacy=false] (/127.152.24.121:56113): Took too long to log in
[23Sep2025 04:22:35.339] [Server thread/INFO] [net.minecraft.server.network.ServerLoginPacketListenerImpl/]: com.mojang.authlib.GameProfile@8d75efe[id=<null>,name=abi3mael,properties={},legacy=false] (/127.152.24.121:56113) lost connection: Took too long to log in
[23Sep2025 04:22:35.385] [Server thread/WARN] [net.minecraft.network.Connection/]: handleDisconnection() called twice
[23Sep2025 04:23:17.397] [Server thread/DEBUG] [Spartan Weaponry/]: Intercepted DamageSource.playerAttack() method!
[23Sep2025 04:23:17.398] [Server thread/DEBUG] [Spartan Weaponry/]: Intercepted EnchantmentHelper.getSweepingDamageRatio() method!
[23Sep2025 04:23:18.040] [Server thread/DEBUG] [Spartan Weaponry/]: Intercepted DamageSource.playerAttack() method!
[23Sep2025 04:23:18.041] [Server thread/DEBUG] [Spartan Weaponry/]: Intercepted EnchantmentHelper.getSweepingDamageRatio() method!
[23Sep2025 04:23:18.699] [Server thread/DEBUG] [Spartan Weaponry/]: Intercepted DamageSource.playerAttack() method!
[23Sep2025 04:23:18.699] [Server thread/DEBUG] [Spartan Weaponry/]: Intercepted EnchantmentHelper.getSweepingDamageRatio() method!
[23Sep2025 04:23:19.505] [Server thread/DEBUG] [Spartan Weaponry/]: Intercepted DamageSource.playerAttack() method!
[23Sep2025 04:23:19.507] [Server thread/DEBUG] [Spartan Weaponry/]: Intercepted EnchantmentHelper.getSweepingDamageRatio() method!
[23Sep2025 04:23:20.289] [Server thread/DEBUG] [Spartan Weaponry/]: Intercepted DamageSource.playerAttack() method!
[23Sep2025 04:23:20.290] [Server thread/DEBUG] [Spartan Weaponry/]: Intercepted EnchantmentHelper.getSweepingDamageRatio() method!
[23Sep2025 04:23:20.290] [Server thread/DEBUG] [Spartan Weaponry/]: Intercepted DamageSource.playerAttack() method!
[23Sep2025 04:23:20.290] [Server thread/DEBUG] [Spartan Weaponry/]: Intercepted DamageSource.playerAttack() method!
[23Sep2025 04:23:20.290] [Server thread/DEBUG] [Spartan Weaponry/]: Intercepted DamageSource.playerAttack() method!
[23Sep2025 04:23:20.290] [Server thread/DEBUG] [Spartan Weaponry/]: Intercepted DamageSource.playerAttack() method!
[23Sep2025 04:23:20.290] [Server thread/DEBUG] [Spartan Weaponry/]: Intercepted DamageSource.playerAttack() method!
[23Sep2025 04:23:20.290] [Server thread/DEBUG] [Spartan Weaponry/]: Intercepted DamageSource.playerAttack() method!
[23Sep2025 04:23:20.290] [Server thread/DEBUG] [Spartan Weaponry/]: Intercepted DamageSource.playerAttack() method!
[23Sep2025 04:23:20.291] [Server thread/DEBUG] [Spartan Weaponry/]: Intercepted DamageSource.playerAttack() method!
[23Sep2025 04:23:20.291] [Server thread/DEBUG] [Spartan Weaponry/]: Intercepted DamageSource.playerAttack() method!
[23Sep2025 04:23:20.291] [Server thread/DEBUG] [Spartan Weaponry/]: Intercepted DamageSource.playerAttack() method!
[23Sep2025 04:23:21.136] [Server thread/DEBUG] [Spartan Weaponry/]: Intercepted DamageSource.playerAttack() method!
[23Sep2025 04:23:21.137] [Server thread/DEBUG] [Spartan Weaponry/]: Intercepted EnchantmentHelper.getSweepingDamageRatio() method!
[23Sep2025 04:23:21.137] [Server thread/DEBUG] [Spartan Weaponry/]: Intercepted DamageSource.playerAttack() method!
[23Sep2025 04:23:21.137] [Server thread/DEBUG] [Spartan Weaponry/]: Intercepted DamageSource.playerAttack() method!
[23Sep2025 04:23:21.138] [Server thread/DEBUG] [Spartan Weaponry/]: Intercepted DamageSource.playerAttack() method!
[23Sep2025 04:23:21.138] [Server thread/DEBUG] [Spartan Weaponry/]: Intercepted DamageSource.playerAttack() method!
[23Sep2025 04:23:21.138] [Server thread/DEBUG] [Spartan Weaponry/]: Intercepted DamageSource.playerAttack() method!
[23Sep2025 04:23:21.138] [Server thread/DEBUG] [Spartan Weaponry/]: Intercepted DamageSource.playerAttack() method!
[23Sep2025 04:23:21.138] [Server thread/DEBUG] [Spartan Weaponry/]: Intercepted DamageSource.playerAttack() method!
[23Sep2025 04:23:21.138] [Server thread/DEBUG] [Spartan Weaponry/]: Intercepted DamageSource.playerAttack() method!
[23Sep2025 04:23:21.138] [Server thread/DEBUG] [Spartan Weaponry/]: Intercepted DamageSource.playerAttack() method!
[23Sep2025 04:23:21.941] [Server thread/DEBUG] [Spartan Weaponry/]: Intercepted DamageSource.playerAttack() method!
[23Sep2025 04:23:21.942] [Server thread/DEBUG] [Spartan Weaponry/]: Intercepted EnchantmentHelper.getSweepingDamageRatio() method!
[23Sep2025 04:23:21.942] [Server thread/DEBUG] [Spartan Weaponry/]: Intercepted DamageSource.playerAttack() method!
[23Sep2025 04:23:21.942] [Server thread/DEBUG] [Spartan Weaponry/]: Intercepted DamageSource.playerAttack() method!
[23Sep2025 04:23:21.942] [Server thread/DEBUG] [Spartan Weaponry/]: Intercepted DamageSource.playerAttack() method!
[23Sep2025 04:23:21.942] [Server thread/DEBUG] [Spartan Weaponry/]: Intercepted DamageSource.playerAttack() method!
[23Sep2025 04:23:21.942] [Server thread/DEBUG] [Spartan Weaponry/]: Intercepted DamageSource.playerAttack() method!
[23Sep2025 04:23:21.943] [Server thread/DEBUG] [Spartan Weaponry/]: Intercepted DamageSource.playerAttack() method!
[23Sep2025 04:23:21.943] [Server thread/DEBUG] [Spartan Weaponry/]: Intercepted DamageSource.playerAttack() method!
[23Sep2025 04:23:21.943] [Server thread/DEBUG] [Spartan Weaponry/]: Intercepted DamageSource.playerAttack() method!
[23Sep2025 04:23:21.943] [Server thread/DEBUG] [Spartan Weaponry/]: Intercepted DamageSource.playerAttack() method!
[23Sep2025 04:23:23.690] [Server thread/DEBUG] [Spartan Weaponry/]: Intercepted DamageSource.playerAttack() method!
[23Sep2025 04:23:23.690] [Server thread/DEBUG] [Spartan Weaponry/]: Intercepted EnchantmentHelper.getSweepingDamageRatio() method!
[23Sep2025 04:23:23.690] [Server thread/DEBUG] [Spartan Weaponry/]: Intercepted DamageSource.playerAttack() method!
[23Sep2025 04:23:23.690] [Server thread/DEBUG] [Spartan Weaponry/]: Intercepted DamageSource.playerAttack() method!
[23Sep2025 04:23:23.690] [Server thread/DEBUG] [Spartan Weaponry/]: Intercepted DamageSource.playerAttack() method!
[23Sep2025 04:23:23.690] [Server thread/DEBUG] [Spartan Weaponry/]: Intercepted DamageSource.playerAttack() method!
[23Sep2025 04:23:23.690] [Server thread/DEBUG] [Spartan Weaponry/]: Intercepted DamageSource.playerAttack() method!
[23Sep2025 04:23:23.691] [Server thread/DEBUG] [Spartan Weaponry/]: Intercepted DamageSource.playerAttack() method!
[23Sep2025 04:23:24.543] [Server thread/DEBUG] [Spartan Weaponry/]: Intercepted DamageSource.playerAttack() method!
[23Sep2025 04:23:24.543] [Server thread/DEBUG] [Spartan Weaponry/]: Intercepted EnchantmentHelper.getSweepingDamageRatio() method!
[23Sep2025 04:23:24.543] [Server thread/DEBUG] [Spartan Weaponry/]: Intercepted DamageSource.playerAttack() method!
[23Sep2025 04:23:24.543] [Server thread/DEBUG] [Spartan Weaponry/]: Intercepted DamageSource.playerAttack() method!
[23Sep2025 04:23:24.543] [Server thread/DEBUG] [Spartan Weaponry/]: Intercepted DamageSource.playerAttack() method!
[23Sep2025 04:23:25.490] [Server thread/DEBUG] [Spartan Weaponry/]: Intercepted DamageSource.playerAttack() method!
[23Sep2025 04:23:26.387] [Server thread/DEBUG] [Spartan Weaponry/]: Intercepted DamageSource.playerAttack() method!
[23Sep2025 04:23:26.387] [Server thread/DEBUG] [Spartan Weaponry/]: Intercepted EnchantmentHelper.getSweepingDamageRatio() method!
[23Sep2025 04:23:26.387] [Server thread/DEBUG] [Spartan Weaponry/]: Intercepted DamageSource.playerAttack() method!
[23Sep2025 04:23:26.387] [Server thread/DEBUG] [Spartan Weaponry/]: Intercepted DamageSource.playerAttack() method!
[23Sep2025 04:23:26.388] [Server thread/DEBUG] [Spartan Weaponry/]: Intercepted DamageSource.playerAttack() method!
[23Sep2025 04:23:26.388] [Server thread/DEBUG] [Spartan Weaponry/]: Intercepted DamageSource.playerAttack() method!
[23Sep2025 04:23:26.388] [Server thread/DEBUG] [Spartan Weaponry/]: Intercepted DamageSource.playerAttack() method!
[23Sep2025 04:23:26.388] [Server thread/DEBUG] [Spartan Weaponry/]: Intercepted DamageSource.playerAttack() method!
[23Sep2025 04:23:27.248] [Server thread/DEBUG] [Spartan Weaponry/]: Intercepted DamageSource.playerAttack() method!
[23Sep2025 04:23:27.250] [Server thread/DEBUG] [Spartan Weaponry/]: Intercepted EnchantmentHelper.getSweepingDamageRatio() method!
[23Sep2025 04:23:27.250] [Server thread/DEBUG] [Spartan Weaponry/]: Intercepted DamageSource.playerAttack() method!
[23Sep2025 04:23:27.250] [Server thread/DEBUG] [Spartan Weaponry/]: Intercepted DamageSource.playerAttack() method!
[23Sep2025 04:23:27.250] [Server thread/DEBUG] [Spartan Weaponry/]: Intercepted DamageSource.playerAttack() method!
[23Sep2025 04:23:27.250] [Server thread/DEBUG] [Spartan Weaponry/]: Intercepted DamageSource.playerAttack() method!
[23Sep2025 04:23:27.250] [Server thread/DEBUG] [Spartan Weaponry/]: Intercepted DamageSource.playerAttack() method!
[23Sep2025 04:23:27.250] [Server thread/DEBUG] [Spartan Weaponry/]: Intercepted DamageSource.playerAttack() method!
[23Sep2025 04:23:28.238] [Server thread/DEBUG] [Spartan Weaponry/]: Intercepted DamageSource.playerAttack() method!
[23Sep2025 04:23:28.238] [Server thread/DEBUG] [Spartan Weaponry/]: Intercepted EnchantmentHelper.getSweepingDamageRatio() method!
[23Sep2025 04:23:28.238] [Server thread/DEBUG] [Spartan Weaponry/]: Intercepted DamageSource.playerAttack() method!
[23Sep2025 04:23:29.088] [Server thread/DEBUG] [Spartan Weaponry/]: Intercepted DamageSource.playerAttack() method!
[23Sep2025 04:23:29.090] [Server thread/DEBUG] [Spartan Weaponry/]: Intercepted EnchantmentHelper.getSweepingDamageRatio() method!
[23Sep2025 04:23:29.090] [Server thread/DEBUG] [Spartan Weaponry/]: Intercepted DamageSource.playerAttack() method!
[23Sep2025 04:23:29.090] [Server thread/DEBUG] [Spartan Weaponry/]: Intercepted DamageSource.playerAttack() method!
[23Sep2025 04:23:29.090] [Server thread/DEBUG] [Spartan Weaponry/]: Intercepted DamageSource.playerAttack() method!
[23Sep2025 04:23:29.090] [Server thread/DEBUG] [Spartan Weaponry/]: Intercepted DamageSource.playerAttack() method!
[23Sep2025 04:23:29.090] [Server thread/DEBUG] [Spartan Weaponry/]: Intercepted DamageSource.playerAttack() method!
[23Sep2025 04:23:29.994] [Server thread/DEBUG] [Spartan Weaponry/]: Intercepted DamageSource.playerAttack() method!
[23Sep2025 04:23:29.994] [Server thread/DEBUG] [Spartan Weaponry/]: Intercepted EnchantmentHelper.getSweepingDamageRatio() method!
[23Sep2025 04:23:29.994] [Server thread/DEBUG] [Spartan Weaponry/]: Intercepted DamageSource.playerAttack() method!
[23Sep2025 04:23:29.995] [Server thread/DEBUG] [Spartan Weaponry/]: Intercepted DamageSource.playerAttack() method!
[23Sep2025 04:23:29.995] [Server thread/DEBUG] [Spartan Weaponry/]: Intercepted DamageSource.playerAttack() method!
[23Sep2025 04:23:29.996] [Server thread/DEBUG] [Spartan Weaponry/]: Intercepted DamageSource.playerAttack() method!
[23Sep2025 04:23:29.996] [Server thread/DEBUG] [Spartan Weaponry/]: Intercepted DamageSource.playerAttack() method!
[23Sep2025 04:23:30.796] [Server thread/DEBUG] [Spartan Weaponry/]: Intercepted DamageSource.playerAttack() method!
[23Sep2025 04:23:30.796] [Server thread/DEBUG] [Spartan Weaponry/]: Intercepted EnchantmentHelper.getSweepingDamageRatio() method!
[23Sep2025 04:23:30.796] [Server thread/DEBUG] [Spartan Weaponry/]: Intercepted DamageSource.playerAttack() method!
[23Sep2025 04:23:30.796] [Server thread/DEBUG] [Spartan Weaponry/]: Intercepted DamageSource.playerAttack() method!
[23Sep2025 04:23:30.797] [Server thread/DEBUG] [Spartan Weaponry/]: Intercepted DamageSource.playerAttack() method!
[23Sep2025 04:23:30.797] [Server thread/DEBUG] [Spartan Weaponry/]: Intercepted DamageSource.playerAttack() method!
[23Sep2025 04:23:31.690] [Server thread/DEBUG] [Spartan Weaponry/]: Intercepted DamageSource.playerAttack() method!
[23Sep2025 04:23:31.690] [Server thread/DEBUG] [Spartan Weaponry/]: Intercepted EnchantmentHelper.getSweepingDamageRatio() method!
[23Sep2025 04:23:31.690] [Server thread/DEBUG] [Spartan Weaponry/]: Intercepted DamageSource.playerAttack() method!
[23Sep2025 04:23:31.690] [Server thread/DEBUG] [Spartan Weaponry/]: Intercepted DamageSource.playerAttack() method!
[23Sep2025 04:23:32.596] [Server thread/DEBUG] [Spartan Weaponry/]: Intercepted DamageSource.playerAttack() method!
[23Sep2025 04:23:32.596] [Server thread/DEBUG] [Spartan Weaponry/]: Intercepted EnchantmentHelper.getSweepingDamageRatio() method!
[23Sep2025 04:23:32.596] [Server thread/DEBUG] [Spartan Weaponry/]: Intercepted DamageSource.playerAttack() method!
[23Sep2025 04:23:32.596] [Server thread/DEBUG] [Spartan Weaponry/]: Intercepted DamageSource.playerAttack() method!
[23Sep2025 04:23:33.448] [Server thread/DEBUG] [Spartan Weaponry/]: Intercepted DamageSource.playerAttack() method!
[23Sep2025 04:23:33.448] [Server thread/DEBUG] [Spartan Weaponry/]: Intercepted EnchantmentHelper.getSweepingDamageRatio() method!
[23Sep2025 04:23:33.448] [Server thread/DEBUG] [Spartan Weaponry/]: Intercepted DamageSource.playerAttack() method!
[23Sep2025 04:23:33.449] [Server thread/DEBUG] [Spartan Weaponry/]: Intercepted DamageSource.playerAttack() method!
[23Sep2025 04:23:34.336] [Server thread/DEBUG] [Spartan Weaponry/]: Intercepted DamageSource.playerAttack() method!
[23Sep2025 04:23:34.336] [Server thread/DEBUG] [Spartan Weaponry/]: Intercepted EnchantmentHelper.getSweepingDamageRatio() method!
[23Sep2025 04:23:34.336] [Server thread/DEBUG] [Spartan Weaponry/]: Intercepted DamageSource.playerAttack() method!
[23Sep2025 04:23:34.336] [Server thread/DEBUG] [Spartan Weaponry/]: Intercepted DamageSource.playerAttack() method!
[23Sep2025 04:23:35.288] [Server thread/DEBUG] [Spartan Weaponry/]: Intercepted DamageSource.playerAttack() method!
[23Sep2025 04:23:35.290] [Server thread/DEBUG] [Spartan Weaponry/]: Intercepted EnchantmentHelper.getSweepingDamageRatio() method!
[23Sep2025 04:23:35.290] [Server thread/DEBUG] [Spartan Weaponry/]: Intercepted DamageSource.playerAttack() method!
[23Sep2025 04:23:36.165] [Server thread/DEBUG] [Spartan Weaponry/]: Intercepted DamageSource.playerAttack() method!
[23Sep2025 04:23:36.166] [Server thread/DEBUG] [Spartan Weaponry/]: Intercepted EnchantmentHelper.getSweepingDamageRatio() method!
[23Sep2025 04:23:36.167] [Server thread/DEBUG] [Spartan Weaponry/]: Intercepted DamageSource.playerAttack() method!
[23Sep2025 04:24:54.598] [Server thread/INFO] [net.minecraft.server.MinecraftServer/]: Stopping the server
[23Sep2025 04:24:54.605] [Server thread/DEBUG] [Framework/]: Stopping config watcher
[23Sep2025 04:24:54.605] [Server thread/INFO] [net.minecraft.server.MinecraftServer/]: Stopping server
[23Sep2025 04:24:54.606] [Server thread/INFO] [net.minecraft.server.MinecraftServer/]: Saving players
[23Sep2025 04:24:54.664] [Server thread/INFO] [net.minecraft.server.network.ServerGamePacketListenerImpl/]: tiliaso_01 lost connection: Server closed
[23Sep2025 04:24:54.665] [Server thread/INFO] [net.minecraft.server.MinecraftServer/]: tiliaso_01 left the game
[23Sep2025 04:24:54.675] [Server thread/INFO] [net.minecraft.server.network.ServerGamePacketListenerImpl/]: elikernomamahuev lost connection: Server closed
[23Sep2025 04:24:54.676] [Server thread/INFO] [net.minecraft.server.MinecraftServer/]: elikernomamahuev left the game
[23Sep2025 04:24:54.688] [Server thread/INFO] [net.minecraft.server.MinecraftServer/]: Saving worlds
[23Sep2025 04:24:55.395] [Server thread/INFO] [net.minecraft.server.MinecraftServer/]: Saving chunks for level 'ServerLevel[world]'/minecraft:overworld
[23Sep2025 04:24:57.065] [Server thread/INFO] [net.minecraft.server.MinecraftServer/]: Saving chunks for level 'ServerLevel[world]'/minecraft:the_end
[23Sep2025 04:24:57.066] [Server thread/INFO] [net.minecraft.server.MinecraftServer/]: Saving chunks for level 'ServerLevel[world]'/minecraft:the_nether
[23Sep2025 04:24:57.707] [Server thread/DEBUG] [net.minecraftforge.common.ForgeHooks/WP]: Gathering id map for writing to world save world
[23Sep2025 04:24:57.717] [Server thread/DEBUG] [net.minecraftforge.common.ForgeHooks/WP]: ID Map collection complete world
[23Sep2025 04:24:57.735] [Server thread/INFO] [net.minecraft.server.MinecraftServer/]: ThreadedAnvilChunkStorage (world): All chunks are saved
[23Sep2025 04:24:57.736] [Server thread/INFO] [net.minecraft.server.MinecraftServer/]: ThreadedAnvilChunkStorage (DIM1): All chunks are saved
[23Sep2025 04:24:57.736] [Server thread/INFO] [net.minecraft.server.MinecraftServer/]: ThreadedAnvilChunkStorage (DIM-1): All chunks are saved
[23Sep2025 04:24:57.736] [Server thread/INFO] [net.minecraft.server.MinecraftServer/]: ThreadedAnvilChunkStorage: All dimensions are saved
[23Sep2025 04:24:57.765] [Server thread/INFO] [Framework/]: Unloading server configs...
[23Sep2025 04:24:57.766] [Server thread/DEBUG] [Framework/]: Failed to unwatch config: /workspaces/so/servidor_minecraft/config/goblintraders-entities.toml
java.lang.NullPointerException: Cannot read field "watchedFileCount" because "watchedDir" is null
	at com.electronwill.nightconfig.core.file.FileWatcher.removeWatch(FileWatcher.java:134) ~[core-3.6.4.jar%2358!/:?]
	at com.mrcrayfish.framework.config.ConfigWatcher.unwatch(ConfigWatcher.java:54) ~[framework-forge-1.20.1-0.7.12.jar%23130!/:1.20.1-0.7.12]
	at com.mrcrayfish.framework.config.FrameworkConfigManager$FrameworkConfigImpl.lambda$unload$7(FrameworkConfigManager.java:399) ~[framework-forge-1.20.1-0.7.12.jar%23130!/:1.20.1-0.7.12]
	at com.mrcrayfish.framework.config.FrameworkConfigManager$FrameworkConfigImpl.lock(FrameworkConfigManager.java:534) ~[framework-forge-1.20.1-0.7.12.jar%23130!/:1.20.1-0.7.12]
	at com.mrcrayfish.framework.config.FrameworkConfigManager$FrameworkConfigImpl.unload(FrameworkConfigManager.java:396) ~[framework-forge-1.20.1-0.7.12.jar%23130!/:1.20.1-0.7.12]
	at com.mrcrayfish.framework.config.FrameworkConfigManager.lambda$onServerStopped$7(FrameworkConfigManager.java:241) ~[framework-forge-1.20.1-0.7.12.jar%23130!/:1.20.1-0.7.12]
	at java.util.stream.ForEachOps$ForEachOp$OfRef.accept(ForEachOps.java:183) ~[?:?]
	at java.util.stream.ReferencePipeline$2$1.accept(ReferencePipeline.java:179) ~[?:?]
	at java.util.Iterator.forEachRemaining(Iterator.java:133) ~[?:?]
	at java.util.Spliterators$IteratorSpliterator.forEachRemaining(Spliterators.java:1845) ~[?:?]
	at java.util.stream.AbstractPipeline.copyInto(AbstractPipeline.java:509) ~[?:?]
	at java.util.stream.AbstractPipeline.wrapAndCopyInto(AbstractPipeline.java:499) ~[?:?]
	at java.util.stream.ForEachOps$ForEachOp.evaluateSequential(ForEachOps.java:150) ~[?:?]
	at java.util.stream.ForEachOps$ForEachOp$OfRef.evaluateSequential(ForEachOps.java:173) ~[?:?]
	at java.util.stream.AbstractPipeline.evaluate(AbstractPipeline.java:234) ~[?:?]
	at java.util.stream.ReferencePipeline.forEach(ReferencePipeline.java:596) ~[?:?]
	at com.mrcrayfish.framework.config.FrameworkConfigManager.onServerStopped(FrameworkConfigManager.java:241) ~[framework-forge-1.20.1-0.7.12.jar%23130!/:1.20.1-0.7.12]
	at com.mrcrayfish.framework.api.event.ServerEvents.lambda$static$9(ServerEvents.java:23) ~[framework-forge-1.20.1-0.7.12.jar%23130!/:1.20.1-0.7.12]
	at java.util.ArrayList.forEach(ArrayList.java:1511) ~[?:?]
	at com.mrcrayfish.framework.api.event.ServerEvents.lambda$static$10(ServerEvents.java:23) ~[framework-forge-1.20.1-0.7.12.jar%23130!/:1.20.1-0.7.12]
	at com.mrcrayfish.framework.event.ForgeEvents.onServerStopped(ForgeEvents.java:190) ~[framework-forge-1.20.1-0.7.12.jar%23130!/:1.20.1-0.7.12]
	at com.mrcrayfish.framework.event.__ForgeEvents_onServerStopped_ServerStoppedEvent.invoke(.dynamic) ~[framework-forge-1.20.1-0.7.12.jar%23130!/:1.20.1-0.7.12]
	at net.minecraftforge.eventbus.ASMEventHandler.invoke(ASMEventHandler.java:73) ~[eventbus-6.0.5.jar%2352!/:?]
	at net.minecraftforge.eventbus.EventBus.post(EventBus.java:315) ~[eventbus-6.0.5.jar%2352!/:?]
	at net.minecraftforge.eventbus.EventBus.post(EventBus.java:296) ~[eventbus-6.0.5.jar%2352!/:?]
	at net.minecraftforge.server.ServerLifecycleHooks.handleServerStopped(ServerLifecycleHooks.java:133) ~[forge-1.20.1-47.3.7-universal.jar%23152!/:?]
	at net.minecraft.server.MinecraftServer.m_130011_(MinecraftServer.java:697) ~[server-1.20.1-20230612.114412-srg.jar%23147!/:?]
	at net.minecraft.server.MinecraftServer.m_206580_(MinecraftServer.java:251) ~[server-1.20.1-20230612.114412-srg.jar%23147!/:?]
	at java.lang.Thread.run(Thread.java:840) ~[?:?]
[23Sep2025 04:24:57.767] [Server thread/INFO] [Framework/]: Sending config unload event for goblintraders-entities.toml
[23Sep2025 04:24:57.769] [Server thread/INFO] [Framework/]: Finished unloading server configs
[23Sep2025 04:24:57.769] [Server thread/DEBUG] [net.minecraftforge.fml.config.ConfigTracker/CONFIG]: Unloading configs type SERVER
